{
  "n_scenes": 8,
  "clean_actions": {
    "mean_per_dim": [
      0.16862745098039217,
      -0.26176470588235295,
      0.21764705882352936,
      -0.027450980392156862,
      0.052941176470588255,
      0.08823529411764708,
      -0.011764705882352927
    ],
    "std_per_dim": [
      0.22280584645242024,
      0.4135616718699049,
      0.5785310648553725,
      0.151374580906814,
      0.2642552445922353,
      0.30269200997504003,
      0.40128589924577107
    ],
    "mean_entropy": 1.32287406228225,
    "std_entropy": 0.9177899655746611,
    "entropy_per_dim": [
      2.4918665140867233,
      2.060615450143814,
      0.9222162961959839,
      1.002115709707141,
      0.8648123303428292,
      1.1733151096850634,
      0.7451770258141952
    ],
    "unique_token_sets": 8,
    "all_tokens": [
      [
        31857,
        31816,
        31834,
        31894,
        31950,
        31964,
        31873
      ],
      [
        31893,
        31860,
        31999,
        31870,
        31882,
        31880,
        31872
      ],
      [
        31959,
        31765,
        31958,
        31887,
        31878,
        31895,
        31872
      ],
      [
        31895,
        31883,
        31890,
        31853,
        31884,
        31872,
        31872
      ],
      [
        31889,
        31884,
        31999,
        31869,
        31885,
        31871,
        31893
      ],
      [
        31893,
        31875,
        31891,
        31872,
        31822,
        31850,
        31924
      ],
      [
        31893,
        31878,
        31798,
        31872,
        31853,
        31905,
        31910
      ],
      [
        31865,
        31744,
        31825,
        31827,
        31872,
        31825,
        31744
      ]
    ]
  },
  "corruption_deviation": {
    "fog": {
      "identical_to_clean": 0,
      "pct_identical": 0.0,
      "mean_l1_deviation": 0.25952380952380955,
      "l1_per_dim": [
        0.14117647058823535,
        0.4225490196078431,
        0.5019607843137255,
        0.10392156862745099,
        0.19313725490196082,
        0.22156862745098038,
        0.23235294117647062
      ],
      "unique_actions": 3,
      "action_collapse": false,
      "mean_entropy": 0.5329391316974588,
      "entropy_change": -0.7899349305847911,
      "all_tokens": [
        [
          31889,
          31819,
          31872,
          31872,
          31879,
          31872,
          31872
        ],
        [
          31889,
          31819,
          31872,
          31872,
          31879,
          31872,
          31872
        ],
        [
          31889,
          31819,
          31872,
          31872,
          31879,
          31872,
          31872
        ],
        [
          31889,
          31819,
          31872,
          31872,
          31879,
          31872,
          31872
        ],
        [
          31889,
          31819,
          31872,
          31872,
          31879,
          31872,
          31875
        ],
        [
          31889,
          31819,
          31872,
          31872,
          31879,
          31872,
          31872
        ],
        [
          31889,
          31819,
          31872,
          31872,
          31879,
          31872,
          31872
        ],
        [
          31889,
          31833,
          31848,
          31872,
          31844,
          31872,
          31872
        ]
      ]
    },
    "night": {
      "identical_to_clean": 0,
      "pct_identical": 0.0,
      "mean_l1_deviation": 0.28697478991596637,
      "l1_per_dim": [
        0.29509803921568634,
        0.3294117647058823,
        0.38431372549019605,
        0.1176470588235294,
        0.2627450980392157,
        0.2911764705882353,
        0.3284313725490196
      ],
      "unique_actions": 8,
      "action_collapse": false,
      "mean_entropy": 3.3552401661872864,
      "entropy_change": 2.0323661039050362,
      "all_tokens": [
        [
          31856,
          31848,
          31890,
          31877,
          31869,
          31853,
          31847
        ],
        [
          31856,
          31848,
          31890,
          31885,
          31851,
          31856,
          31847
        ],
        [
          31856,
          31848,
          31890,
          31877,
          31878,
          31853,
          31847
        ],
        [
          31856,
          31864,
          31889,
          31846,
          31917,
          31872,
          31866
        ],
        [
          31856,
          31913,
          31999,
          31870,
          31860,
          31851,
          31874
        ],
        [
          31856,
          31864,
          31889,
          31882,
          31857,
          31872,
          31853
        ],
        [
          31851,
          31848,
          31890,
          31877,
          31901,
          31880,
          31872
        ],
        [
          31856,
          31864,
          31889,
          31882,
          31857,
          31878,
          31869
        ]
      ]
    },
    "noise": {
      "identical_to_clean": 0,
      "pct_identical": 0.0,
      "mean_l1_deviation": 0.392296918767507,
      "l1_per_dim": [
        0.19411764705882353,
        0.5480392156862746,
        0.8431372549019609,
        0.1480392156862745,
        0.33823529411764697,
        0.23137254901960783,
        0.44313725490196076
      ],
      "unique_actions": 8,
      "action_collapse": false,
      "mean_entropy": 1.1227946575092704,
      "entropy_change": -0.20007940477297947,
      "all_tokens": [
        [
          31944,
          31744,
          31914,
          31863,
          31861,
          31902,
          31829
        ],
        [
          31907,
          31927,
          31922,
          31892,
          31858,
          31859,
          31825
        ],
        [
          31893,
          31878,
          31798,
          31872,
          31844,
          31921,
          31970
        ],
        [
          31895,
          31882,
          31946,
          31853,
          31922,
          31903,
          31872
        ],
        [
          31893,
          31911,
          31907,
          31860,
          31895,
          31847,
          31897
        ],
        [
          31893,
          31878,
          31798,
          31889,
          31872,
          31869,
          31864
        ],
        [
          31893,
          31747,
          31926,
          31887,
          31882,
          31902,
          31872
        ],
        [
          31892,
          31889,
          31999,
          31869,
          31943,
          31875,
          31905
        ]
      ]
    },
    "blur": {
      "identical_to_clean": 0,
      "pct_identical": 0.0,
      "mean_l1_deviation": 0.3925770308123249,
      "l1_per_dim": [
        0.5823529411764706,
        0.35196078431372546,
        0.5911764705882353,
        0.14901960784313725,
        0.4892156862745099,
        0.28823529411764703,
        0.296078431372549
      ],
      "unique_actions": 8,
      "action_collapse": false,
      "mean_entropy": 2.1500310026042695,
      "entropy_change": 0.8271569403220196,