{
  "experiment": "action_vocabulary",
  "experiment_number": 111,
  "timestamp": "20260314_215719",
  "n_dims": 7,
  "n_id": 30,
  "n_ood": 60,
  "dim_results": {
    "dim_0": {
      "id_unique": 2,
      "ood_unique": 11,
      "overlap": 2,
      "id_only": 0,
      "ood_only": 9,
      "id_entropy": 0.21084230031853216,
      "ood_entropy": 2.5116626729632583,
      "id_mode": 31917,
      "ood_mode": 31860,
      "id_mean": 31914.733333333334,
      "ood_mean": 31873.416666666668
    },
    "dim_1": {
      "id_unique": 6,
      "ood_unique": 23,
      "overlap": 1,
      "id_only": 5,
      "ood_only": 22,
      "id_entropy": 2.0190558839813515,
      "ood_entropy": 4.024674712160372,
      "id_mode": 31923,
      "ood_mode": 31814,
      "id_mean": 31886.5,
      "ood_mean": 31844.766666666666
    },
    "dim_2": {
      "id_unique": 10,
      "ood_unique": 32,
      "overlap": 3,
      "id_only": 7,
      "ood_only": 29,
      "id_entropy": 2.8090340299569347,
      "ood_entropy": 4.573557262275185,
      "id_mode": 31922,
      "ood_mode": 31838,
      "id_mean": 31906.966666666667,
      "ood_mean": 31883.3
    },
    "dim_3": {
      "id_unique": 9,
      "ood_unique": 34,
      "overlap": 2,
      "id_only": 7,
      "ood_only": 32,
      "id_entropy": 2.583382853628069,
      "ood_entropy": 4.626990803617331,
      "id_mode": 31889,
      "ood_mode": 31868,
      "id_mean": 31878.833333333332,
      "ood_mean": 31877.4
    },
    "dim_4": {
      "id_unique": 10,
      "ood_unique": 40,
      "overlap": 4,
      "id_only": 6,
      "ood_only": 36,
      "id_entropy": 2.7974168451037094,
      "ood_entropy": 5.12323142879762,
      "id_mode": 31867,
      "ood_mode": 31883,
      "id_mean": 31867.333333333332,
      "ood_mean": 31848.483333333334
    },
    "dim_5": {
      "id_unique": 13,
      "ood_unique": 36,
      "overlap": 6,
      "id_only": 7,
      "ood_only": 30,
      "id_entropy": 3.1470910116261446,
      "ood_entropy": 4.882158204685784,
      "id_mode": 31867,
      "ood_mode": 31839,
      "id_mean": 31866.833333333332,
      "ood_mean": 31853.05
    },
    "dim_6": {
      "id_unique": 7,
      "ood_unique": 20,
      "overlap": 2,
      "id_only": 5,
      "ood_only": 18,
      "id_entropy": 1.846135932841805,
      "ood_entropy": 3.1506790601018757,
      "id_mode": 31872,
      "ood_mode": 31744,
      "id_mean": 31872.8,
      "ood_mean": 31808.95
    }
  },
  "category_consistency": {
    "highway": {
      "mean_consistency": 0.6190476190476192,
      "per_dim_consistency": [
        1.0,
        0.6,
        0.4666666666666667,
        0.4666666666666667,
        0.4666666666666667,
        0.4,
        0.9333333333333333
      ],
      "group": "ID"
    },
    "urban": {
      "mean_consistency": 0.6952380952380953,
      "per_dim_consistency": [
        0.9333333333333333,
        0.8666666666666667,
        0.6,
        0.6,
        0.6,
        0.6,
        0.6666666666666666
      ],
      "group": "ID"
    },
    "noise": {
      "mean_consistency": 0.2095238095238095,
      "per_dim_consistency": [
        0.4666666666666667,
        0.2,
        0.13333333333333333,
        0.2,
        0.13333333333333333,
        0.13333333333333333,
        0.2
      ],
      "group": "OOD"
    },
    "indoor": {
      "mean_consistency": 0.40952380952380946,
      "per_dim_consistency": [
        0.7333333333333333,
        0.4,
        0.26666666666666666,
        0.26666666666666666,
        0.26666666666666666,
        0.13333333333333333,
        0.8
      ],
      "group": "OOD"
    },
    "twilight": {
      "mean_consistency": 0.4761904761904762,
      "per_dim_consistency": [
        1.0,
        0.5333333333333333,
        0.5333333333333333,
        0.26666666666666666,
        0.2,
        0.2,
        0.6
      ],
      "group": "OOD"
    },
    "snow": {
      "mean_consistency": 0.42857142857142855,
      "per_dim_consistency": [
        0.7333333333333333,
        0.5333333333333333,
        0.5333333333333333,
        0.5333333333333333,
        0.26666666666666666,
        0.2,
        0.2
      ],
      "group": "OOD"
    }
  },
  "sample_tokens": {
    "highway": [
      [
        31917,
        31878,
        31900,
        31879,
        31845,
        31860,
        31872
      ],
      [
        31917,
        31906,
        31907,
        31916,
        31876,
        31827,
        31872
      ],
      [
        31917,
        31771,
        31901,
        31818,
        31900,
        31838,
        31872
      ]
    ],
    "urban": [
      [
        31917,
        31923,
        31922,
        31889,
        31867,
        31867,
        31877
      ],
      [
        31917,
        31870,
        31911,
        31917,
        31892,
        31863,
        31872
      ],
      [
        31917,
        31923,
        31922,
        31889,
        31867,
        31867,
        31877
      ]
    ],
    "noise": [
      [
        31854,
        31889,
        31795,
        31832,
        31809,
        31853,
        31744
      ],
      [
        31860,
        31781,
        31790,
        31843,
        31878,
        31835,
        31864
      ],
      [
        31854,
        31902,
        31875,
        31864,
        31853,
        31867,
        31866
      ]
    ],
    "indoor": [
      [
        31860,
        31847,
        31895,
        31868,
        31846,
        31850,
        31864
      ],
      [
        31849,
        31881,
        31874,
        31867,
        31852,
        31870,
        31744
      ],
      [
        31869,
        31868,
        31986,
        31872,
        31793,
        31871,
        31744
      ]
    ],
    "twilight": [
      [
        31860,
        31814,
        31838,
        31903,
        31874,
        31841,
        31744
      ],
      [
        31860,
        31814,
        31838,
        31903,
        31874,
        31841,
        31744
      ],
      [
        31860,
        31814,
        31838,
        31864,
        31834,
        31829,
        31839
      ]
    ],
    "snow": [
      [
        31907,
        31829,
        31888,
        31868,
        31797,
        31839,
        31870
      ],
      [
        31917,
        31906,
        31887,
        31977,
        31810,
        31865,
        31872
      ],
      [
        31907,
        31829,
        31888,
        31868,
        31883,
        31855,
        31860
      ]
    ]
  }
}