{
  "experiment": "action_dist_deep",
  "experiment_number": 57,
  "timestamp": "20260314_180054",
  "n_id": 16,
  "n_ood": 24,
  "scenario_stats": {
    "blackout": {
      "mass": {
        "mean": 0.9801911541393825,
        "std": 0.0
      },
      "entropy": {
        "mean": 3.0985676731382097,
        "std": 0.0
      },
      "top1": {
        "mean": 0.2729136874633176,
        "std": 0.0
      },
      "top5": {
        "mean": 0.4875002524682453,
        "std": 5.551115123125783e-17
      },
      "top10": {
        "mean": 0.6197382722582135,
        "std": 0.0
      },
      "garbage": {
        "mean": 0.013524697291099333,
        "std": 0.0
      }
    },
    "highway": {
      "mass": {
        "mean": 0.9682361446321011,
        "std": 0.03759128227529325
      },
      "entropy": {
        "mean": 1.0977024295966007,
        "std": 0.12586010656359475
      },
      "top1": {
        "mean": 0.6555355867104871,
        "std": 0.03798602014777924
      },
      "top5": {
        "mean": 0.9064779494489943,
        "std": 0.03362950182778301
      },
      "top10": {
        "mean": 0.942448063088315,
        "std": 0.034888271463657174
      },
      "garbage": {
        "mean": 0.031218619136392158,
        "std": 0.03672891444797694
      }
    },
    "indoor": {
      "mass": {
        "mean": 0.9794076851436069,
        "std": 0.01761598436028919
      },
      "entropy": {
        "mean": 0.7202929841975371,
        "std": 0.17315058247984008
      },
      "top1": {
        "mean": 0.7702025984014784,
        "std": 0.0498778985367709
      },
      "top5": {
        "mean": 0.9491641223430634,
        "std": 0.017239784557294694
      },
      "top10": {
        "mean": 0.9672790822528657,
        "std": 0.016026719604492274
      },
      "garbage": {
        "mean": 0.02032074633207447,
        "std": 0.0177427992237513
      }
    },
    "inverted": {
      "mass": {
        "mean": 0.9148684334386848,
        "std": 0.06601822842528289
      },
      "entropy": {
        "mean": 1.3730129246999112,
        "std": 0.09079559621118556
      },
      "top1": {
        "mean": 0.5030345819070049,
        "std": 0.04497146186250186
      },
      "top5": {
        "mean": 0.8213918657995584,
        "std": 0.06478299617747961
      },
      "top10": {
        "mean": 0.8743522046355618,
        "std": 0.06554497672758056
      },
      "garbage": {
        "mean": 0.08473064222557507,
        "std": 0.06587382314101718
      }
    },
    "noise": {
      "mass": {
        "mean": 0.8766712382535582,
        "std": 0.09155256994917084
      },
      "entropy": {
        "mean": 1.233442055482772,
        "std": 0.17797145778810042
      },
      "top1": {
        "mean": 0.5078189942190269,
        "std": 0.11860985037628641
      },
      "top5": {
        "mean": 0.798218340184706,
        "std": 0.1091400456424522
      },
      "top10": {
        "mean": 0.8471607424144167,
        "std": 0.09794802810018606
      },
      "garbage": {
        "mean": 0.12250512584503713,
        "std": 0.0912918819428099
      }
    },
    "urban": {
      "mass": {
        "mean": 0.9972499470625604,
        "std": 0.0020093183591544297
      },
      "entropy": {
        "mean": 0.9984571277163922,
        "std": 0.20749973657258058
      },
      "top1": {
        "mean": 0.706294602581433,
        "std": 0.08702016200970976
      },
      "top5": {
        "mean": 0.9453307177339281,
        "std": 0.02084493477274657
      },
      "top10": {
        "mean": 0.9787539712020329,
        "std": 0.009062946062146332
      },
      "garbage": {
        "mean": 0.002507335487619246,
        "std": 0.0019998564852123364
      }
    }
  }
}