{
  "experiment": "action_under_ood",
  "experiment_number": 126,
  "timestamp": "20260314_233732",
  "action_token_base": 31744,
  "dim_names": [
    "x_trans",
    "y_trans",
    "z_trans",
    "x_rot",
    "y_rot",
    "z_rot",
    "gripper"
  ],
  "categories": {
    "highway": {
      "group": "ID",
      "n_valid": 10,
      "n_total": 10,
      "per_dim": {
        "mean": [
          173.0,
          140.1,
          141.3,
          130.1,
          131.7,
          110.5,
          66.4
        ],
        "std": [
          0.0,
          39.725180930991364,
          17.9836036433191,
          43.424532236974066,
          20.669059001318857,
          21.327212663637038,
          57.114271421423204
        ],
        "min": [
          173.0,
          27.0,
          106.0,
          37.0,
          101.0,
          81.0,
          0.0
        ],
        "max": [
          173.0,
          162.0,
          157.0,
          181.0,
          170.0,
          138.0,
          128.0
        ]
      },
      "spread": 85.8202075784435,
      "raw_actions": [
        [
          173,
          134,
          156,
          135,
          101,
          87,
          118
        ],
        [
          173,
          162,
          155,
          175,
          132,
          134,
          0
        ],
        [
          173,
          162,
          153,
          181,
          130,
          138,
          0
        ],
        [
          173,
          134,
          106,
          125,
          142,
          118,
          0
        ],
        [
          173,
          134,
          156,
          135,
          108,
          119,
          128
        ],
        [
          173,
          162,
          125,
          37,
          108,
          81,
          65
        ],
        [
          173,
          162,
          125,
          119,
          170,
          119,
          128
        ],
        [
          173,
          162,
          155,
          175,
          132,
          133,
          0
        ],
        [
          173,
          27,
          157,
          74,
          156,
          95,
          128
        ],
        [
          173,
          162,
          125,
          145,
          138,
          81,
          97
        ]
      ]
    },
    "urban": {
      "group": "ID",
      "n_valid": 10,
      "n_total": 10,
      "per_dim": {
        "mean": [
          155.7,
          158.5,
          161.2,
          138.4,
          126.0,
          120.9,
          119.8
        ],
        "std": [
          27.611772851448713,
          22.32599381886504,
          24.30144028653446,
          22.773669006113177,
          31.56580428248265,
          21.205895406702354,
          42.894754924116306
        ],
        "min": [
          105.0,
          126.0,
          104.0,
          77.0,
          70.0,
          72.0,
          0.0
        ],
        "max": [
          173.0,
          179.0,
          178.0,
          172.0,
          200.0,
          157.0,
          177.0
        ]
      },
      "spread": 64.74379157077844,
      "raw_actions": [
        [
          173,
          179,
          178,
          145,
          123,
          123,
          133
        ],
        [
          173,
          126,
          162,
          137,
          147,
          121,
          128
        ],
        [
          173,
          179,
          178,
          145,
          200,
          72,
          116
        ],
        [
          173,
          162,
          178,
          142,
          70,
          157,
          177
        ],
        [
          173,
          179,
          178,
          145,
          123,
          123,
          133
        ],
        [
          136,
          132,
          152,
          145,
          129,
          116,
          120
        ],
        [
          105,
          137,
          104,
          77,
          99,
          106,
          0
        ],
        [
          173,
          179,
          174,
          172,
          115,
          144,
          128
        ],
        [
          173,
          179,
          178,
          145,
          123,
          123,
          133
        ],
        [
          105,
          133,
          130,
          131,
          131,
          124,
          130
        ]
      ]
    },
    "noise": {
      "group": "OOD",
      "n_valid": 10,
      "n_total": 10,
      "per_dim": {
        "mean": [
          118.7,
          110.6,
          140.6,
          123.6,
          106.2,
          112.7,
          91.9
        ],
        "std": [
          13.35702062587312,
          39.64139250833654,
          51.60271310696754,
          33.03392195910138,
          48.81966816765554,
          30.980800506119916,
          47.75028795724691
        ],
        "min": [
          109.0,
          23.0,
          56.0,
          79.0,
          2.0,
          58.0,
          0.0
        ],
        "max": [
          145.0,
          145.0,
          255.0,
          208.0,
          166.0,
          179.0,
          128.0
        ]
      },
      "spread": 93.66916096251198,
      "raw_actions": [
        [
          145,
          74,
          129,
          117,
          89,
          84,
          121
        ],
        [
          110,
          145,
          143,
          117,
          160,
          121,
          125
        ],
        [
          110,
          145,
          143,
          119,
          142,
          130,
          121
        ],
        [
          145,
          74,
          127,
          86,
          53,
          88,
          82
        ],
        [
          113,
          106,
          188,
          139,
          80,
          104,
          101
        ],
        [
          113,
          135,
          143,
          124,
          116,
          115,
          120
        ],
        [
          110,
          145,
          143,
          119,
          142,
          130,
          121
        ],
        [
          116,
          23,
          255,
          128,
          112,
          118,
          0
        ],
        [
          109,
          145,
          79,
          208,
          166,
          179,
          128
        ],
        [
          116,
          114,
          56,
          79,
          2,
          58,
          0
        ]
      ]
    },
    "indoor": {
      "group": "OOD",
      "n_valid": 10,
      "n_total": 10,
      "per_dim": {
        "mean": [
          128.1,
          120.2,
          154.6,
          144.5,
          122.0,
          114.1,
          58.9
        ],
        "std": [
          18.94439231012703,
          25.249950495000977,
          49.24672577948711,
          30.81963659746818,
          29.886451780029024,
          16.741863695538797,
          61.71782562598912
        ],
        "min": [
          105.0,
          83.0,
          46.0,
          94.0,
          64.0,
          78.0,
          0.0
        ],
        "max": [
          164.0,
          175.0,
          242.0,
          194.0,
          157.0,
          138.0,
          163.0
        ]
      },
      "spread": 94.40345278744505,