{
  "experiment": "activation_patterns",
  "experiment_number": 303,
  "timestamp": "20260315_105837",
  "clean_stats": {
    "L0": {
      "mean": -3.674645267892629e-05,
      "std": 0.013905688188970089,
      "min": -0.0947265625,
      "max": 0.09033203125,
      "norm": 0.8899670839309692,
      "sparsity": 0.5595703125,
      "positive_frac": 0.501220703125,
      "negative_frac": 0.498779296875
    },
    "L3": {
      "mean": 0.003115813247859478,
      "std": 0.12931260466575623,
      "min": -1.109375,
      "max": 5.875,
      "norm": 8.278409004211426,
      "sparsity": 0.182373046875,
      "positive_frac": 0.50341796875,
      "negative_frac": 0.4951171875
    },
    "L7": {
      "mean": 0.00609078723937273,
      "std": 0.28417515754699707,
      "min": -1.5,
      "max": 14.5625,
      "norm": 18.19138526916504,
      "sparsity": 0.087646484375,
      "positive_frac": 0.49951171875,
      "negative_frac": 0.5
    },
    "L15": {
      "mean": -0.0008400827646255493,
      "std": 0.7251011729240417,
      "min": -2.28125,
      "max": 26.125,
      "norm": 46.4065055847168,
      "sparsity": 0.014404296875,
      "positive_frac": 0.490234375,
      "negative_frac": 0.509033203125
    },
    "L31": {
      "mean": 0.005244560539722443,
      "std": 2.088926076889038,
      "min": -5.90625,
      "max": 100.0,
      "norm": 133.69166564941406,
      "sparsity": 0.008544921875,
      "positive_frac": 0.493408203125,
      "negative_frac": 0.50634765625
    }
  },
  "activation_comparison": {
    "fog": {
      "L0": {
        "cosine_distance": 0.0,
        "l2_distance": 0.0,
        "sparsity_clean": 0.5595703125,
        "sparsity_corrupted": 0.5595703125,
        "sparsity_change": 0.0,
        "sign_flip_rate": 0.0,
        "magnitude_ratio": 1.0,
        "correlation": 1.0,
        "corr_mean": -3.674645267892629e-05,
        "corr_std": 0.013905688188970089
      },
      "L3": {
        "cosine_distance": 0.0027054548263549805,
        "l2_distance": 0.6328060030937195,
        "sparsity_clean": 0.182373046875,
        "sparsity_corrupted": 0.173095703125,
        "sparsity_change": -0.00927734375,
        "sign_flip_rate": 0.07080078125,
        "magnitude_ratio": 1.0182651281356812,
        "correlation": 0.9972940074327012,
        "corr_mean": 0.003000788390636444,
        "corr_std": 0.1316785365343094
      },
      "L7": {
        "cosine_distance": 0.0021633505821228027,
        "l2_distance": 1.685439109802246,
        "sparsity_clean": 0.087646484375,
        "sparsity_corrupted": 0.077880859375,
        "sparsity_change": -0.009765625,
        "sign_flip_rate": 0.06103515625,
        "magnitude_ratio": 1.063119888305664,
        "correlation": 0.9978357594825059,
        "corr_mean": 0.006675131618976593,
        "corr_std": 0.30210790038108826
      },
      "L15": {
        "cosine_distance": 0.05560171604156494,
        "l2_distance": 15.566000938415527,
        "sparsity_clean": 0.014404296875,
        "sparsity_corrupted": 0.0185546875,
        "sparsity_change": 0.004150390625,
        "sign_flip_rate": 0.146240234375,
        "magnitude_ratio": 1.0107251405715942,
        "correlation": 0.9443981504723052,
        "corr_mean": -0.0006382465362548828,
        "corr_std": 0.7328781485557556
      },
      "L31": {
        "cosine_distance": 0.1389613151550293,
        "l2_distance": 69.62052917480469,
        "sparsity_clean": 0.008544921875,
        "sparsity_corrupted": 0.00732421875,
        "sparsity_change": -0.001220703125,
        "sign_flip_rate": 0.27880859375,
        "magnitude_ratio": 0.9731648564338684,
        "correlation": 0.8610483397867899,
        "corr_mean": -0.00427999347448349,
        "corr_std": 2.0328712463378906
      }
    },
    "night": {
      "L0": {
        "cosine_distance": 0.0,
        "l2_distance": 0.0,
        "sparsity_clean": 0.5595703125,
        "sparsity_corrupted": 0.5595703125,
        "sparsity_change": 0.0,
        "sign_flip_rate": 0.0,
        "magnitude_ratio": 1.0,
        "correlation": 1.0,
        "corr_mean": -3.674645267892629e-05,
        "corr_std": 0.013905688188970089
      },
      "L3": {
        "cosine_distance": 0.007991313934326172,
        "l2_distance": 1.1041291952133179,
        "sparsity_clean": 0.182373046875,
        "sparsity_corrupted": 0.1787109375,
        "sparsity_change": -0.003662109375,
        "sign_flip_rate": 0.114013671875,
        "magnitude_ratio": 1.0352548360824585,
        "correlation": 0.9920041358279986,
        "corr_mean": 0.003265436738729477,
        "corr_std": 0.13387052714824677
      },
      "L7": {
        "cosine_distance": 0.006135344505310059,
        "l2_distance": 2.070387125015259,
        "sparsity_clean": 0.087646484375,
        "sparsity_corrupted": 0.08154296875,
        "sparsity_change": -0.006103515625,
        "sign_flip_rate": 0.093994140625,
        "magnitude_ratio": 0.9670278429985046,
        "correlation": 0.9938620289212796,
        "corr_mean": 0.00581604428589344,
        "corr_std": 0.27480679750442505
      },
      "L15": {
        "cosine_distance": 0.18666261434555054,
        "l2_distance": 27.539716720581055,
        "sparsity_clean": 0.014404296875,
        "sparsity_corrupted": 0.016357421875,
        "sparsity_change": 0.001953125,
        "sign_flip_rate": 0.263916015625,
        "magnitude_ratio": 0.9303629994392395,
        "correlation": 0.8133395956724798,
        "corr_mean": 0.0006942451000213623,
        "corr_std": 0.6746074557304382
      },
      "L31": {
        "cosine_distance": 0.2715952396392822,
        "l2_distance": 96.96473693847656,
        "sparsity_clean": 0.008544921875,
        "sparsity_corrupted": 0.006103515625,
        "sparsity_change": -0.00244140625,
        "sign_flip_rate": 0.41845703125,
        "magnitude_ratio": 0.9663410186767578,
        "correlation": 0.7284063684483776,
        "corr_mean": 0.0005587488412857056,
        "corr_std": 2.018620729446411
      }
    },
    "blur": {
      "L0": {
        "cosine_distance": 0.0,
        "l2_distance": 0.0,
        "sparsity_clean": 0.5595703125,
        "sparsity_corrupted": 0.5595703125,
        "sparsity_change": 0.0,
        "sign_flip_rate": 0.0,
        "magnitude_ratio": 1.0,
        "correlation": 1.0,
        "corr_mean": -3.674645267892629e-05,
        "corr_std": 0.013905688188970089
      },
      "L3": {
        "cosine_distance": 0.006263315677642822,
        "l2_distance": 0.9250903129577637,
        "sparsity_clean": 0.182373046875,
        "sparsity_corrupted": 0.170166015625,
        "sparsity_change": -0.01220703125,
        "sign_flip_rate": 0.10498046875,
        "magnitude_ratio": 0.9934565424919128,
        "correlation": 0.9937332889734363,
        "corr_mean": 0.0032057026401162148,
        "corr_std": 0.1284637451171875
      },
      "L7": {
        "cosine_distance": 0.003931701183319092,
        "l2_distance": 1.630487084388733,
        "sparsity_clean": 0.087646484375,
        "sparsity_corrupted": 0.083251953125,
        "sparsity_change": -0.00439453125,
        "sign_flip_rate": 0.079345703125,
        "magnitude_ratio": 1.009700059890747,
        "correlation": 0.9960667903785068,
        "corr_mean": 0.006014971062541008,
        "corr_std": 0.286934494972229
      },
      "L15": {
        "cosine_distance": 0.1819467544555664,
        "l2_distance": 27.52559471130371,
        "sparsity_clean": 0.014404296875,
        "sparsity_corrupted": 0.016845703125,
        "sparsity_change": 0.00244140625,
        "sign_flip_rate": 0.263671875,
        "magnitude_ratio": 0.9630601406097412,
        "correlation": 0.8180531129540354,
        "corr_mean": -0.0015073493123054504,
        "corr_std": 0.6983149647712708
      },
      "L31": {
        "cosine_distance": 0.2870723009109497,
        "l2_distance": 99.79652404785156,
        "sparsity_clean": 0.008544921875,
        "sparsity_corrupted": 0.00732421875,
        "sparsity_change": -0.001220703125,