{
  "experiment": "action_token_entropy",
  "experiment_number": 73,
  "timestamp": "20260314_193913",
  "n_samples": 42,
  "auroc_by_metric": {
    "entropy": 0.6181818181818182,
    "norm_entropy": 0.6181818181818182,
    "top1": 0.75,
    "top5": 0.49999999999999994,
    "top10": 0.44090909090909086,
    "energy": 0.29772727272727273,
    "logit_std": 0.7068181818181818,
    "logit_max": 0.6238636363636364
  },
  "per_scenario": {
    "highway": {
      "entropy": 1.5441331267356873,
      "top1": 0.6778848230838775,
      "top5": 0.859299385547638,
      "energy": 12.585015869140625,
      "logit_std": 1.6224265217781066
    },
    "urban": {
      "entropy": 2.1139011144638062,
      "top1": 0.44374309182167054,
      "top5": 0.805655837059021,
      "energy": 11.825093078613282,
      "logit_std": 1.6434919953346252
    },
    "noise": {
      "entropy": 1.7288385033607483,
      "top1": 0.4939638823270798,
      "top5": 0.8772756531834602,
      "energy": 13.587742805480957,
      "logit_std": 1.817611202597618
    },
    "indoor": {
      "entropy": 1.8589904382824898,
      "top1": 0.42537263967096806,
      "top5": 0.8712847083806992,
      "energy": 13.602489829063416,
      "logit_std": 1.7829579263925552
    },
    "blackout": {
      "entropy": 4.55807638168335,
      "top1": 0.04991450533270836,
      "top5": 0.158957377076149,
      "energy": 8.684944152832031,
      "logit_std": 1.164870023727417
    }
  }
}