{
  "experiment": "activation_stats",
  "experiment_number": 102,
  "timestamp": "20260314_212554",
  "categories": {
    "highway": {
      "group": "ID",
      "stats_summary": {
        "mean": {
          "mean": -0.02270758878439665,
          "std": 0.0031454328637200773
        },
        "std": {
          "mean": 1.1885744214057923,
          "std": 0.03668531935988361
        },
        "abs_mean": {
          "mean": 0.9090784907341003,
          "std": 0.02722063086975567
        },
        "sparsity_0": {
          "mean": 0.0074462890625,
          "std": 0.0006103515625
        },
        "sparsity_01": {
          "mean": 0.0707763671875,
          "std": 0.00383611662343524
        },
        "sparsity_1": {
          "mean": 0.6218017578125,
          "std": 0.013881901201811937
        },
        "max_abs": {
          "mean": 18.9875,
          "std": 1.1060204564111824
        },
        "kurtosis": {
          "mean": 18.65139389038086,
          "std": 2.408517016448885
        },
        "skewness": {
          "mean": 1.2521464347839355,
          "std": 0.10639047855833274
        },
        "top10_mean": {
          "mean": 6.4846875190734865,
          "std": 0.211249522174811
        },
        "top100_mean": {
          "mean": 3.280218768119812,
          "std": 0.09026711816794737
        },
        "positive_frac": {
          "mean": 0.4891845703125,
          "std": 0.002065983691214846
        },
        "l1_norm": {
          "mean": 3723.585498046875,
          "std": 111.49570404251922
        },
        "l2_norm": {
          "mean": 76.08292617797852,
          "std": 2.347339120926456
        }
      }
    },
    "urban": {
      "group": "ID",
      "stats_summary": {
        "mean": {
          "mean": -0.02658104095607996,
          "std": 0.0015436885697984394
        },
        "std": {
          "mean": 1.1769804000854491,
          "std": 0.04279791731605461
        },
        "abs_mean": {
          "mean": 0.8994673967361451,
          "std": 0.03190072729699602
        },
        "sparsity_0": {
          "mean": 0.0069580078125,
          "std": 0.0008751683754362754
        },
        "sparsity_01": {
          "mean": 0.0712890625,
          "std": 0.0037122222282711353
        },
        "sparsity_1": {
          "mean": 0.6251220703125,
          "std": 0.019418083403913988
        },
        "max_abs": {
          "mean": 19.6875,
          "std": 1.059554741389042
        },
        "kurtosis": {
          "mean": 23.67361125946045,
          "std": 2.3235728886143465
        },
        "skewness": {
          "mean": 1.5562904834747315,
          "std": 0.10047792654988895
        },
        "top10_mean": {
          "mean": 6.486406326293945,
          "std": 0.23904104758608338
        },
        "top100_mean": {
          "mean": 3.1915937662124634,
          "std": 0.11929240121654584
        },
        "positive_frac": {
          "mean": 0.482080078125,
          "std": 0.002781917877586741
        },
        "l1_norm": {
          "mean": 3684.21845703125,
          "std": 130.6653790084957
        },
        "l2_norm": {
          "mean": 75.34603652954101,
          "std": 2.7385230998035572
        }
      }
    },
    "noise": {
      "group": "OOD",
      "stats_summary": {
        "mean": {
          "mean": -0.013161234185099601,
          "std": 0.006959111350481161
        },
        "std": {
          "mean": 1.388634479045868,
          "std": 0.06033393007915236
        },
        "abs_mean": {
          "mean": 1.0619158685207366,
          "std": 0.045723756139694816
        },
        "sparsity_0": {
          "mean": 0.0062255859375,
          "std": 0.0007344535623286779
        },
        "sparsity_01": {
          "mean": 0.059912109375,
          "std": 0.0039019752000013764
        },
        "sparsity_1": {
          "mean": 0.550390625,
          "std": 0.01852324381340508
        },
        "max_abs": {
          "mean": 21.7875,
          "std": 1.42636995551645
        },
        "kurtosis": {
          "mean": 17.272375965118407,
          "std": 3.061580497624248
        },
        "skewness": {
          "mean": 1.2099061489105225,
          "std": 0.16261478178496838
        },
        "top10_mean": {
          "mean": 7.850625038146973,
          "std": 0.339372196941189
        },
        "top100_mean": {
          "mean": 3.8611875057220457,
          "std": 0.16573988420630903
        },
        "positive_frac": {
          "mean": 0.4951904296875,
          "std": 0.004245590727628592
        },
        "l1_norm": {
          "mean": 4349.607397460937,
          "std": 187.28450514818996
        },
        "l2_norm": {
          "mean": 88.87773895263672,
          "std": 3.860761337700582
        }
      }
    },
    "indoor": {
      "group": "OOD",
      "stats_summary": {
        "mean": {
          "mean": -0.0028475869446992876,
          "std": 0.0046285928440142786
        },
        "std": {
          "mean": 1.4432043194770814,
          "std": 0.05513795614275028
        },
        "abs_mean": {
          "mean": 1.1142031311988831,
          "std": 0.04274819590217337
        },
        "sparsity_0": {
          "mean": 0.005517578125,
          "std": 0.0009468124721516267
        },
        "sparsity_01": {
          "mean": 0.055126953125,
          "std": 0.003534225425624526
        },
        "sparsity_1": {
          "mean": 0.527001953125,
          "std": 0.015463258943920847
        },
        "max_abs": {
          "mean": 20.7875,
          "std": 0.8159541960183795
        },
        "kurtosis": {
          "mean": 14.223970699310303,
          "std": 1.078516748106071
        },
        "skewness": {
          "mean": 1.073635959625244,
          "std": 0.056925538792684166
        },
        "top10_mean": {
          "mean": 7.5546875,
          "std": 0.29263166245916167
        },
        "top100_mean": {
          "mean": 3.934000015258789,
          "std": 0.15315280108337886
        },
        "positive_frac": {
          "mean": 0.4955810546875,
          "std": 0.0032962601074711865
        },
        "l1_norm": {
          "mean": 4563.776025390625,
          "std": 175.09661041530214
        },
        "l2_norm": {
          "mean": 92.36572875976563,
          "std": 3.5287549124184747
        }
      }
    },
    "twilight": {
      "group": "OOD",
      "stats_summary": {
        "mean": {
          "mean": 0.014574358705431223,
          "std": 0.007730269781456085
        },
        "std": {
          "mean": 1.2557475328445435,
          "std": 0.03247703754512522
        },
        "abs_mean": {
          "mean": 0.9643105149269104,
          "std": 0.025666789743958644
        },
        "sparsity_0": {
          "mean": 0.0073486328125,
          "std": 0.0011526437142688356
        },
        "sparsity_01": {
          "mean": 0.06826171875,
          "std": 0.003546683554166968
        },
        "sparsity_1": {
          "mean": 0.5974853515625,
          "std": 0.014660659777326064
        },
        "max_abs": {
          "mean": 18.8,
          "std": 0.9390819985496474
        },
        "kurtosis": {
          "mean": 13.964733695983886,
          "std": 1.7265620916327125
        },
        "skewness": {
          "mean": 0.9665712475776672,
          "std": 0.08249703526859715
        },
        "top10_mean": {
          "mean": 6.466093730926514,
          "std": 0.1329320257330893
        },
        "top100_mean": {
          "mean": 3.442750024795532,
          "std": 0.08246295003131304
        },
        "positive_frac": {
          "mean": 0.5030517578125,
          "std": 0.003512996114535943
        },
        "l1_norm": {
          "mean": 3949.815869140625,
          "std": 105.1311707912546
        },
        "l2_norm": {
          "mean": 80.37473831176757,
          "std": 2.079954106270043
        }
      }
    },
    "snow": {
      "group": "OOD",