{
  "experiment": "action_dimensions",
  "experiment_number": 207,
  "timestamp": "20260315_051326",
  "n_test": 6,
  "action_names": [
    "dx",
    "dy",
    "dz",
    "droll",
    "dpitch",
    "dyaw",
    "gripper"
  ],
  "id_actions": [
    [
      -0.17647058823529416,
      0.44313725490196076,
      0.23921568627450984,
      -0.03529411764705881,
      -0.15294117647058825,
      0.24705882352941178,
      -1.0
    ],
    [
      -0.09019607843137256,
      0.3647058823529412,
      -0.17647058823529416,
      0.22352941176470598,
      1.0,
      0.10588235294117654,
      -0.0980392156862745
    ],
    [
      0.3568627450980393,
      0.050980392156862786,
      0.22352941176470598,
      0.05882352941176472,
      -0.207843137254902,
      -0.09019607843137256,
      0.0039215686274509665
    ],
    [
      0.3568627450980393,
      0.4039215686274509,
      0.39607843137254894,
      0.13725490196078427,
      -0.03529411764705881,
      -0.03529411764705881,
      0.04313725490196085
    ],
    [
      0.3568627450980393,
      0.4039215686274509,
      0.39607843137254894,
      0.10588235294117654,
      -0.4745098039215686,
      0.2078431372549019,
      0.0039215686274509665
    ],
    [
      0.3568627450980393,
      -0.788235294117647,
      0.2313725490196079,
      -0.41960784313725485,
      0.22352941176470598,
      -0.2549019607843137,
      0.0039215686274509665
    ]
  ],
  "results": {
    "fog_60": {
      "dx": {
        "id_mean": 0.19346405228758176,
        "ood_mean": 0.27973856209150333,
        "mean_delta": 0.10980392156862746,
        "max_delta": 0.5333333333333334,
        "cohens_d": 0.4242377735884369,
        "token_change_rate": 1.0
      },
      "dy": {
        "id_mean": 0.14640522875816991,
        "ood_mean": 0.03921568627450981,
        "mean_delta": 0.4601307189542483,
        "max_delta": 0.8470588235294116,
        "cohens_d": 0.2883305073652655,
        "token_change_rate": 0.8333333333333334
      },
      "dz": {
        "id_mean": 0.21830065359477124,
        "ood_mean": 0.34117647058823525,
        "mean_delta": 0.2352941176470588,
        "max_delta": 0.5647058823529412,
        "cohens_d": 0.5630256822893271,
        "token_change_rate": 1.0
      },
      "droll": {
        "id_mean": 0.011764705882352974,
        "ood_mean": -0.21699346405228756,
        "mean_delta": 0.388235294117647,
        "max_delta": 0.6901960784313725,
        "cohens_d": 0.9991928146723303,
        "token_change_rate": 1.0
      },
      "dpitch": {
        "id_mean": 0.05882352941176472,
        "ood_mean": 0.13856209150326798,
        "mean_delta": 0.47973856209150334,
        "max_delta": 0.9725490196078432,
        "cohens_d": 0.2104894165943194,
        "token_change_rate": 1.0
      },
      "dyaw": {
        "id_mean": 0.030065359477124187,
        "ood_mean": 0.007843137254901933,
        "mean_delta": 0.23921568627450981,
        "max_delta": 0.2901960784313725,
        "cohens_d": 0.15001135499421506,
        "token_change_rate": 1.0
      },
      "gripper": {
        "id_mean": -0.17385620915032682,
        "ood_mean": -0.27058823529411763,
        "mean_delta": 0.4549019607843137,
        "max_delta": 1.0745098039215686,
        "cohens_d": 0.2599934479498885,
        "token_change_rate": 0.8333333333333334
      }
    },
    "night": {
      "dx": {
        "id_mean": 0.19346405228758176,
        "ood_mean": 0.15555555555555553,
        "mean_delta": 0.2000000000000001,
        "max_delta": 0.4862745098039216,
        "cohens_d": 0.17619333959845,
        "token_change_rate": 1.0
      },
      "dy": {
        "id_mean": 0.14640522875816991,
        "ood_mean": 0.1777777777777778,
        "mean_delta": 0.8810457516339869,
        "max_delta": 1.788235294117647,
        "cohens_d": 0.060851214991631354,
        "token_change_rate": 1.0
      },
      "dz": {
        "id_mean": 0.21830065359477124,
        "ood_mean": 0.16732026143790849,
        "mean_delta": 0.47189542483660124,
        "max_delta": 1.0509803921568626,
        "cohens_d": 0.14548340132460538,
        "token_change_rate": 1.0
      },
      "droll": {
        "id_mean": 0.011764705882352974,
        "ood_mean": 0.2862745098039216,
        "mean_delta": 0.4470588235294118,
        "max_delta": 1.0352941176470587,
        "cohens_d": 0.7057876626523886,
        "token_change_rate": 1.0
      },
      "dpitch": {
        "id_mean": 0.05882352941176472,
        "ood_mean": -0.026143790849673183,
        "mean_delta": 0.3568627450980393,
        "max_delta": 1.0980392156862746,
        "cohens_d": 0.25434031370701554,
        "token_change_rate": 1.0
      },
      "dyaw": {
        "id_mean": 0.030065359477124187,
        "ood_mean": 0.1633986928104575,
        "mean_delta": 0.515032679738562,
        "max_delta": 0.776470588235294,
        "cohens_d": 0.4661374869432309,
        "token_change_rate": 1.0
      },
      "gripper": {
        "id_mean": -0.17385620915032682,
        "ood_mean": -0.538562091503268,
        "mean_delta": 0.526797385620915,
        "max_delta": 1.003921568627451,
        "cohens_d": 1.0198217204169224,
        "token_change_rate": 0.6666666666666666
      }
    },
    "blur": {
      "dx": {
        "id_mean": 0.19346405228758176,
        "ood_mean": 0.07189542483660132,
        "mean_delta": 0.3176470588235295,
        "max_delta": 0.5882352941176472,
        "cohens_d": 0.6002311425678726,
        "token_change_rate": 1.0
      },
      "dy": {
        "id_mean": 0.14640522875816991,
        "ood_mean": -0.08758169934640524,
        "mean_delta": 0.44575163398692813,
        "max_delta": 0.9098039215686274,
        "cohens_d": 0.5965059629441906,
        "token_change_rate": 1.0
      },
      "dz": {
        "id_mean": 0.21830065359477124,
        "ood_mean": -0.20653594771241832,
        "mean_delta": 0.42483660130718953,
        "max_delta": 0.6666666666666667,
        "cohens_d": 1.4125295600505514,
        "token_change_rate": 1.0
      },
      "droll": {
        "id_mean": 0.011764705882352974,
        "ood_mean": -0.06797385620915035,
        "mean_delta": 0.2549019607843137,
        "max_delta": 0.6196078431372549,
        "cohens_d": 0.2612222073463101,
        "token_change_rate": 1.0
      },
      "dpitch": {
        "id_mean": 0.05882352941176472,
        "ood_mean": 0.0875816993464052,
        "mean_delta": 0.38169934640522873,
        "max_delta": 1.0588235294117647,
        "cohens_d": 0.07710143581737328,
        "token_change_rate": 1.0
      },
      "dyaw": {
        "id_mean": 0.030065359477124187,
        "ood_mean": 0.22745098039215686,
        "mean_delta": 0.3908496732026145,
        "max_delta": 0.7921568627450981,
        "cohens_d": 0.6467031822378093,
        "token_change_rate": 1.0
      },
      "gripper": {
        "id_mean": -0.17385620915032682,
        "ood_mean": -0.024836601307189527,
        "mean_delta": 0.22745098039215686,
        "max_delta": 1.003921568627451,
        "cohens_d": 0.559294106198383,
        "token_change_rate": 1.0
      }
    },
    "noise": {
      "dx": {
        "id_mean": 0.19346405228758176,
        "ood_mean": -0.01045751633986928,
        "mean_delta": 0.3816993464052288,
        "max_delta": 0.6980392156862746,
        "cohens_d": 0.8104688974608483,
        "token_change_rate": 0.8333333333333334
      },
      "dy": {
        "id_mean": 0.14640522875816991,
        "ood_mean": 0.2496732026143791,
        "mean_delta": 0.2888888888888889,
        "max_delta": 0.7529411764705882,
        "cohens_d": 0.27915281477193005,
        "token_change_rate": 1.0
      },
      "dz": {
        "id_mean": 0.21830065359477124,
        "ood_mean": 0.23006535947712417,
        "mean_delta": 0.534640522875817,
        "max_delta": 1.1764705882352942,
        "cohens_d": 0.032494892350816415,
        "token_change_rate": 1.0
      },
      "droll": {
        "id_mean": 0.011764705882352974,
        "ood_mean": 0.16601307189542483,