{
  "experiment": "action_entropy",
  "experiment_number": 269,
  "timestamp": "20260315_085046",
  "results": {
    "clean": {
      "dim_stats": {
        "0": {
          "entropy": 2.3758702278137207,
          "max_prob": 0.4331683814525604,
          "top1_token": 200,
          "top5_tokens": [
            200,
            188,
            133,
            178,
            226
          ],
          "top5_probs": [
            0.4331683814525604,
            0.11658568680286407,
            0.10288651287555695,
            0.055071182548999786,
            0.04288947954773903
          ]
        },
        "1": {
          "entropy": 1.5471234321594238,
          "max_prob": 0.6390701532363892,
          "top1_token": 141,
          "top5_tokens": [
            141,
            95,
            21,
            57,
            88
          ],
          "top5_probs": [
            0.6390701532363892,
            0.08124865591526031,
            0.06735749542713165,
            0.05944278836250305,
            0.029889708384871483
          ]
        },
        "2": {
          "entropy": 0.36612042784690857,
          "max_prob": 0.8978068232536316,
          "top1_token": 191,
          "top5_tokens": [
            191,
            204,
            156,
            161,
            202
          ],
          "top5_probs": [
            0.8978068232536316,
            0.09462814033031464,
            0.005682861898094416,
            0.00041166512528434396,
            0.0002657909644767642
          ]
        },
        "3": {
          "entropy": 1.6967318058013916,
          "max_prob": 0.4833518862724304,
          "top1_token": 167,
          "top5_tokens": [
            167,
            76,
            66,
            184,
            173
          ],
          "top5_probs": [
            0.4833518862724304,
            0.24304459989070892,
            0.05423057824373245,
            0.05423057824373245,
            0.042234815657138824
          ]
        },
        "4": {
          "entropy": 1.4324321746826172,
          "max_prob": 0.5182587504386902,
          "top1_token": 148,
          "top5_tokens": [
            148,
            115,
            47,
            164,
            177
          ],
          "top5_probs": [
            0.5182587504386902,
            0.2448081076145172,
            0.13103634119033813,
            0.03526795282959938,
            0.01297435536980629
          ]
        },
        "5": {
          "entropy": 1.6145588159561157,
          "max_prob": 0.517879843711853,
          "top1_token": 27,
          "top5_tokens": [
            27,
            128,
            136,
            134,
            120
          ],
          "top5_probs": [
            0.517879843711853,
            0.1789744645357132,
            0.10197657346725464,
            0.08999402076005936,
            0.027446625754237175
          ]
        },
        "6": {
          "entropy": 1.6254791021347046,
          "max_prob": 0.3436662256717682,
          "top1_token": 80,
          "top5_tokens": [
            80,
            56,
            117,
            79,
            152
          ],
          "top5_probs": [
            0.3436662256717682,
            0.322844535112381,
            0.20844410359859467,
            0.030029218643903732,
            0.02196984924376011
          ]
        }
      },
      "generated_tokens": [
        200,
        141,
        191,
        167,
        148,
        27,
        80
      ]
    },
    "fog": {
      "dim_stats": {
        "0": {
          "entropy": 2.0836234092712402,
          "max_prob": 0.47589629888534546,
          "top1_token": 145,
          "top5_tokens": [
            145,
            128,
            117,
            151,
            97
          ],
          "top5_probs": [
            0.47589629888534546,
            0.18636366724967957,
            0.06855936348438263,
            0.0471201166510582,
            0.030423035845160484
          ]
        },
        "1": {
          "entropy": 1.4902411699295044,
          "max_prob": 0.5934796929359436,
          "top1_token": 105,
          "top5_tokens": [
            105,
            80,
            78,
            30,
            210
          ],
          "top5_probs": [
            0.5934796929359436,
            0.21832896769046783,
            0.03348183259367943,
            0.02301170490682125,
            0.020307758823037148
          ]
        },
        "2": {
          "entropy": 2.0977938175201416,
          "max_prob": 0.32105109095573425,
          "top1_token": 136,
          "top5_tokens": [
            136,
            161,
            154,
            142,
            227
          ],
          "top5_probs": [
            0.32105109095573425,
            0.1947273313999176,
            0.1829294115304947,
            0.09198267012834549,
            0.04081706702709198
          ]
        },
        "3": {
          "entropy": 0.02614300325512886,
          "max_prob": 0.99620121717453,
          "top1_token": 118,
          "top5_tokens": [
            118,
            127,
            191,
            150,
            123
          ],
          "top5_probs": [
            0.99620121717453,
            0.0035928627476096153,
            5.807321940665133e-05,
            5.124943345435895e-05,
            2.576983388280496e-05
          ]
        },
        "4": {
          "entropy": 1.5987138748168945,
          "max_prob": 0.5419248938560486,
          "top1_token": 121,
          "top5_tokens": [
            121,
            136,
            110,
            73,
            114
          ],
          "top5_probs": [
            0.5419248938560486,
            0.21222083270549774,
            0.05711846426129341,
            0.044483911246061325,
            0.026980852708220482
          ]
        },
        "5": {
          "entropy": 1.3842040300369263,
          "max_prob": 0.6466633081436157,
          "top1_token": 91,
          "top5_tokens": [
            91,
            85,
            78,
            144,
            114
          ],
          "top5_probs": [
            0.6466633081436157,
            0.1273355484008789,
            0.09316068142652512,
            0.046844132244586945,
            0.01260792650282383
          ]
        },
        "6": {
          "entropy": 1.4301522970199585,
          "max_prob": 0.6080578565597534,
          "top1_token": 81,
          "top5_tokens": [
            81,
            125,
            113,
            12,
            121
          ],
          "top5_probs": [
            0.6080578565597534,
            0.1444264054298401,
            0.11973368376493454,
            0.03430427610874176,
            0.028439242392778397
          ]
        }
      },
      "generated_tokens": [
        145,
        105,
        136,
        118,
        121,
        91,
        81
      ]
    },
    "night": {
      "dim_stats": {
        "0": {
          "entropy": 3.868133068084717,
          "max_prob": 0.1240612342953682,
          "top1_token": 112,
          "top5_tokens": [
            112,
            107,
            104,
            114,
            100
          ],
          "top5_probs": [
            0.1240612342953682,
            0.07068796455860138,
            0.06238190829753876,
            0.05171641707420349,
            0.05012527108192444
          ]
        },
        "1": {
          "entropy": 2.0700535774230957,
          "max_prob": 0.3638475835323334,
          "top1_token": 105,
          "top5_tokens": [
            105,
            144,
            106,
            163,
            104
          ],
          "top5_probs": [
            0.3638475835323334,
            0.23491767048835754,
            0.15167424082756042,
            0.038349252194166183,
            0.03384310007095337
          ]
        },
        "2": {
          "entropy": 0.885136604309082,
          "max_prob": 0.7508714199066162,