{
  "experiment": "action_token_position",
  "experiment_number": 136,
  "timestamp": "20260315_001952",
  "dim_names": [
    "x_trans",
    "y_trans",
    "z_trans",
    "x_rot",
    "y_rot",
    "z_rot",
    "gripper"
  ],
  "n_total": 90,
  "n_id": 30,
  "n_ood": 60,
  "per_dimension": {
    "x_trans": {
      "dim_idx": 0,
      "id_mean": 168.46666666666667,
      "id_std": 16.9621801533752,
      "ood_mean": 128.0,
      "ood_std": 22.111836950677194,
      "shift": -40.46666666666667,
      "auroc": 0.8888888888888888,
      "d_prime": 2.2182078415137094
    },
    "y_trans": {
      "dim_idx": 1,
      "id_mean": 150.93333333333334,
      "id_std": 38.63412423694312,
      "ood_mean": 107.78333333333333,
      "ood_std": 42.6051998652225,
      "shift": -43.150000000000006,
      "auroc": 0.7427777777777779,
      "d_prime": 0.9074883153494168
    },
    "z_trans": {
      "dim_idx": 2,
      "id_mean": 159.86666666666667,
      "id_std": 19.104507903168358,
      "ood_mean": 139.96666666666667,
      "ood_std": 41.52066419935446,
      "shift": -19.900000000000006,
      "auroc": 0.7094444444444444,
      "d_prime": 1.6580213498134184
    },
    "x_rot": {
      "dim_idx": 3,
      "id_mean": 133.46666666666667,
      "id_std": 27.9412876502776,
      "ood_mean": 128.03333333333333,
      "ood_std": 25.37713318893387,
      "shift": -5.433333333333337,
      "auroc": 0.6122222222222223,
      "d_prime": 0.09866295523932561
    },
    "y_rot": {
      "dim_idx": 4,
      "id_mean": 122.83333333333333,
      "id_std": 17.578553852793338,
      "ood_mean": 109.21666666666667,
      "ood_std": 28.91890481251936,
      "shift": -13.61666666666666,
      "auroc": 0.6602777777777777,
      "d_prime": 0.9489288124188608
    },
    "z_rot": {
      "dim_idx": 5,
      "id_mean": 121.8,
      "id_std": 19.279349919884055,
      "ood_mean": 110.28333333333333,
      "ood_std": 21.250954226941328,
      "shift": -11.516666666666666,
      "auroc": 0.6669444444444445,
      "d_prime": 0.47240666352686433
    },
    "gripper": {
      "dim_idx": 6,
      "id_mean": 104.83333333333333,
      "id_std": 54.806376352472796,
      "ood_mean": 76.18333333333334,
      "ood_std": 60.12167985750971,
      "shift": -28.64999999999999,
      "auroc": 0.48444444444444446,
      "d_prime": 0.242144626187677
    }
  },
  "combined": {
    "auroc": 0.7872222222222223,
    "d_prime": 1.1072861189676613
  },
  "per_category": {
    "snow": {
      "mean": [
        164.66666666666666,
        102.0,
        145.4,
        122.6,
        103.6,
        102.06666666666666,
        104.8
      ],
      "std": [
        6.788879796320514,
        39.2071422064909,
        7.373827590426381,
        20.15870366202483,
        34.06425301299492,
        20.914003814562996,
        34.38255371551101
      ],
      "n": 15
    },
    "urban": {
      "mean": [
        163.93333333333334,
        170.93333333333334,
        173.0,
        140.6,
        120.73333333333333,
        130.66666666666666,
        119.93333333333334
      ],
      "std": [
        23.115555128287294,
        18.827167132158312,
        10.519822558706334,
        10.467728183963,
        9.284156157430548,
        14.429907214608907,
        48.65588921760197
      ],
      "n": 15
    },
    "indoor": {
      "mean": [
        114.26666666666667,
        139.13333333333333,
        160.8,
        119.6,
        103.6,
        125.13333333333334,
        87.8
      ],
      "std": [
        6.329472507422891,
        32.816391568171476,
        36.650056843975925,
        14.136477637657833,
        22.720915474513784,
        18.589841909554323,
        63.15926957567933
      ],
      "n": 15
    },
    "highway": {
      "mean": [
        173.0,
        130.93333333333334,
        146.73333333333332,
        126.33333333333333,
        124.93333333333334,
        112.93333333333334,
        89.73333333333333
      ],
      "std": [
        0.0,
        42.787017761102355,
        16.562876830094734,
        36.74355574640114,
        22.869096080858892,
        19.44039322876183,
        56.427495268018255
      ],
      "n": 15
    },
    "twilight": {
      "mean": [
        116.53333333333333,
        94.53333333333333,
        120.06666666666666,
        141.0,
        119.13333333333334,
        102.0,
        12.533333333333333
      ],
      "std": [
        1.9955506062794348,
        35.71902698687198,
        44.75185905511511,
        22.55363976538303,
        20.215065888808994,
        14.601369798755183,
        34.28093088325086
      ],
      "n": 15
    },
    "noise": {
      "mean": [
        116.53333333333333,
        95.46666666666667,
        133.6,
        128.93333333333334,
        110.53333333333333,
        111.93333333333334,
        99.6
      ],
      "std": [
        8.341595903795762,
        45.025721044260415,
        50.945461034325724,
        34.518529645523564,
        33.117702550482306,
        21.2335164827266,
        50.581683114213064
      ],
      "n": 15
    }
  },
  "id_centroid": [
    168.46666666666667,
    150.93333333333334,
    159.86666666666667,
    133.46666666666667,
    122.83333333333333,
    121.8,
    104.83333333333333
  ]
}