{
  "experiment": "action_distribution",
  "experiment_number": 302,
  "timestamp": "20260315_105647",
  "clean": {
    "token": 31944,
    "entropy": 2.3758702278137207,
    "top1_prob": 0.4331683814525604,
    "top5": [
      [
        31944,
        0.4331683814525604
      ],
      [
        31932,
        0.11658568680286407
      ],
      [
        31877,
        0.10288651287555695
      ],
      [
        31922,
        0.055071182548999786
      ],
      [
        31970,
        0.04288947954773903
      ]
    ],
    "action_bin": 200
  },
  "corrupted": {
    "fog": {
      "sev_0.3": {
        "token": 31944,
        "action_bin": 200,
        "entropy": 2.182863712310791,
        "top1_prob": 0.36924564838409424,
        "kl_from_clean": 0.5217562913894653,
        "tv_from_clean": 0.3157123923301697,
        "token_shift": 0,
        "top5": [
          [
            31944,
            0.36924564838409424
          ],
          [
            31895,
            0.21038983762264252
          ],
          [
            31932,
            0.1057906374335289
          ],
          [
            31877,
            0.06416527181863785
          ],
          [
            31884,
            0.060277700424194336
          ]
        ],
        "same_token_as_clean": true
      },
      "sev_0.5": {
        "token": 31895,
        "action_bin": 151,
        "entropy": 2.4064295291900635,
        "top1_prob": 0.3038164973258972,
        "kl_from_clean": 1.1810431480407715,
        "tv_from_clean": 0.5864846706390381,
        "token_shift": 49,
        "top5": [
          [
            31895,
            0.3038164973258972
          ],
          [
            31944,
            0.14351274073123932
          ],
          [
            31932,
            0.14351274073123932
          ],
          [
            31974,
            0.08177110552787781
          ],
          [
            31861,
            0.05982501059770584
          ]
        ],
        "same_token_as_clean": false
      },
      "sev_1.0": {
        "token": 31889,
        "action_bin": 145,
        "entropy": 2.0836234092712402,
        "top1_prob": 0.47589629888534546,
        "kl_from_clean": 2.9284591674804688,
        "tv_from_clean": 0.8537704348564148,
        "token_shift": 55,
        "top5": [
          [
            31889,
            0.47589629888534546
          ],
          [
            31872,
            0.18636366724967957
          ],
          [
            31861,
            0.06855936348438263
          ],
          [
            31895,
            0.0471201166510582
          ],
          [
            31841,
            0.030423035845160484
          ]
        ],
        "same_token_as_clean": false
      }
    },
    "night": {
      "sev_0.3": {
        "token": 31944,
        "action_bin": 200,
        "entropy": 2.8488640785217285,
        "top1_prob": 0.317807137966156,
        "kl_from_clean": 0.5235949158668518,
        "tv_from_clean": 0.37083208560943604,
        "token_shift": 0,
        "top5": [
          [
            31944,
            0.317807137966156
          ],
          [
            31861,
            0.1244550570845604
          ],
          [
            31987,
            0.0625799298286438
          ],
          [
            31922,
            0.05522659793496132
          ],
          [
            31877,
            0.0487373024225235
          ]
        ],
        "same_token_as_clean": true
      },
      "sev_0.5": {
        "token": 31860,
        "action_bin": 116,
        "entropy": 3.028956890106201,
        "top1_prob": 0.32097482681274414,
        "kl_from_clean": 2.2089128494262695,
        "tv_from_clean": 0.8098995089530945,
        "token_shift": 84,
        "top5": [
          [
            31860,
            0.32097482681274414
          ],
          [
            31869,
            0.07161916047334671
          ],
          [
            31944,
            0.06520999222993851
          ],
          [
            31884,
            0.06520999222993851
          ],
          [
            31888,
            0.06520999222993851
          ]
        ],
        "same_token_as_clean": false
      },
      "sev_1.0": {
        "token": 31856,
        "action_bin": 112,
        "entropy": 3.868133068084717,
        "top1_prob": 0.1240612342953682,
        "kl_from_clean": 5.18438720703125,
        "tv_from_clean": 0.9271240234375,
        "token_shift": 88,
        "top5": [
          [
            31856,
            0.1240612342953682
          ],
          [
            31851,
            0.07068796455860138
          ],
          [
            31848,
            0.06238190829753876
          ],
          [
            31858,
            0.05171641707420349
          ],
          [
            31844,
            0.05012527108192444
          ]
        ],
        "same_token_as_clean": false
      }
    },
    "blur": {
      "sev_0.3": {
        "token": 31856,
        "action_bin": 112,
        "entropy": 3.2243049144744873,
        "top1_prob": 0.2095901221036911,
        "kl_from_clean": 6.1843366622924805,
        "tv_from_clean": 0.8912647366523743,
        "token_shift": 88,
        "top5": [
          [
            31856,
            0.2095901221036911
          ],
          [
            31865,
            0.18496263027191162
          ],
          [
            31839,
            0.09300505369901657
          ],
          [
            31854,
            0.06392137706279755
          ],
          [
            31889,
            0.031152788549661636
          ]
        ],
        "same_token_as_clean": false
      },
      "sev_0.5": {
        "token": 31849,
        "action_bin": 105,
        "entropy": 3.358051300048828,
        "top1_prob": 0.20812034606933594,
        "kl_from_clean": 7.163472652435303,
        "tv_from_clean": 0.9353929162025452,
        "token_shift": 95,
        "top5": [
          [
            31849,
            0.20812034606933594
          ],
          [
            31851,
            0.13437260687351227
          ],
          [
            31848,
            0.1014297679066658
          ],
          [
            31856,
            0.0895114466547966
          ],
          [
            31842,
            0.030934328213334084
          ]
        ],
        "same_token_as_clean": false
      },
      "sev_1.0": {
        "token": 31846,
        "action_bin": 102,
        "entropy": 4.127240180969238,
        "top1_prob": 0.09252806752920151,
        "kl_from_clean": 5.860453128814697,
        "tv_from_clean": 0.9101786613464355,
        "token_shift": 98,
        "top5": [
          [
            31846,
            0.09252806752920151
          ],
          [
            31849,
            0.08692207932472229
          ],
          [
            31856,
            0.05272090807557106
          ],
          [
            31848,
            0.04105908051133156
          ],
          [
            31887,
            0.03738471865653992
          ]
        ],
        "same_token_as_clean": false
      }
    },
    "noise": {
      "sev_0.3": {
        "token": 31882,
        "action_bin": 138,
        "entropy": 2.346615791320801,
        "top1_prob": 0.3635479807853699,
        "kl_from_clean": 0.9068307280540466,
        "tv_from_clean": 0.543880045413971,
        "token_shift": 62,
        "top5": [
          [
            31882,
            0.3635479807853699
          ],
          [
            31944,
            0.1423674374818802
          ],
          [
            31877,
            0.09191932529211044
          ],
          [
            31974,
            0.05934758484363556
          ],
          [
            31861,
            0.05934758484363556
          ]
        ],
        "same_token_as_clean": false
      },
      "sev_0.5": {
        "token": 31882,
        "action_bin": 138,
        "entropy": 2.6484830379486084,
        "top1_prob": 0.21292346715927124,