{
  "n_scenes": 5,
  "grid_importance": {
    "0_0": {
      "distance": 0.0030088971325038516,
      "distance_change": -6.252291984476521e-06,
      "pct_change": -0.20736259150862935
    },
    "0_1": {
      "distance": 0.0035305338518591967,
      "distance_change": 0.0005153844273708685,
      "pct_change": 17.093163714708083
    },
    "0_2": {
      "distance": 0.0033873240645865277,
      "distance_change": 0.00037217464009819956,
      "pct_change": 12.34348908466975
    },
    "0_3": {
      "distance": 0.0031839221669190954,
      "distance_change": 0.00016877274243076723,
      "pct_change": 5.597491821136129
    },
    "1_0": {
      "distance": 0.002975911262480424,
      "distance_change": -3.923816200790409e-05,
      "pct_change": -1.301367079495996
    },
    "1_1": {
      "distance": 0.003273995913639305,
      "distance_change": 0.00025884648915097674,
      "pct_change": 8.584864386775893
    },
    "1_2": {
      "distance": 0.00330113379246888,
      "distance_change": 0.0002859843679805518,
      "pct_change": 9.484915263497545
    },
    "1_3": {
      "distance": 0.0031356222638729836,
      "distance_change": 0.00012047283938465547,
      "pct_change": 3.9955843782136853
    },
    "2_0": {
      "distance": 0.002952703521810207,
      "distance_change": -6.2445902678121e-05,
      "pct_change": -2.071071575124941
    },
    "2_1": {
      "distance": 0.0032155522451674523,
      "distance_change": 0.00020040282067912418,
      "pct_change": 6.646530319575541
    },
    "2_2": {
      "distance": 0.003269951447650965,
      "distance_change": 0.0002548020231626369,
      "pct_change": 8.450726225811408
    },
    "2_3": {
      "distance": 0.0031703538067825443,
      "distance_change": 0.00015520438229421618,
      "pct_change": 5.147485595031643
    },
    "3_0": {
      "distance": 0.002978375528100541,
      "distance_change": -3.6773896387787275e-05,
      "pct_change": -1.219637610299457
    },
    "3_1": {
      "distance": 0.0031434513108844486,
      "distance_change": 0.0001283018863961205,
      "pct_change": 4.255241393812295
    },
    "3_2": {
      "distance": 0.0031054642522941878,
      "distance_change": 9.031482780585964e-05,
      "pct_change": 2.995368225280779
    },
    "3_3": {
      "distance": 0.003154326879528435,
      "distance_change": 0.00013917745504010703,
      "pct_change": 4.6159388954239144
    }
  },
  "fog_dist_full": 0.003015149424488328,
  "center_vs_periphery": {
    "fog_scene0": {
      "center_dist": 0.003602476726645598,
      "periphery_dist": 0.0036876713880418244,
      "full_dist": 0.003015149424488328
    },
    "fog_scene1": {
      "center_dist": 0.0035733040510878,
      "periphery_dist": 0.0039291814288976434,
      "full_dist": 0.003021032501060894
    },
    "fog_scene2": {
      "center_dist": 0.003626046943921657,
      "periphery_dist": 0.0038880147146760358,
      "full_dist": 0.0030130495952299663
    },
    "night_scene0": {
      "center_dist": 0.005415681171508591,
      "periphery_dist": 0.005736229048817654,
      "full_dist": 0.008431132245375617
    },
    "night_scene1": {
      "center_dist": 0.005436388883698684,
      "periphery_dist": 0.00578685517845956,
      "full_dist": 0.008253612970809399
    },
    "night_scene2": {
      "center_dist": 0.005426317395004987,
      "periphery_dist": 0.005732820224649604,
      "full_dist": 0.008393020008430008
    },
    "blur_scene0": {
      "center_dist": 0.006476038057313893,
      "periphery_dist": 0.006740114947732301,
      "full_dist": 0.00738829405868624
    },
    "blur_scene1": {
      "center_dist": 0.006622440706079757,
      "periphery_dist": 0.006544032697333835,
      "full_dist": 0.006548607363989101
    },
    "blur_scene2": {
      "center_dist": 0.006644422169680642,
      "periphery_dist": 0.006906050055564994,
      "full_dist": 0.007150549357664349
    }
  },
  "progressive_masking": {
    "fog": {
      "0.0": {
        "auroc": 1.0
      },
      "0.1": {
        "auroc": 1.0
      },
      "0.25": {
        "auroc": 1.0
      },
      "0.5": {
        "auroc": 1.0
      },
      "0.75": {
        "auroc": 1.0
      },
      "0.9": {
        "auroc": 1.0
      }
    },
    "night": {
      "0.0": {
        "auroc": 1.0
      },
      "0.1": {
        "auroc": 1.0
      },
      "0.25": {
        "auroc": 1.0
      },
      "0.5": {
        "auroc": 1.0
      },
      "0.75": {
        "auroc": 1.0
      },
      "0.9": {
        "auroc": 1.0
      }
    }
  },
  "spatial_maps": {
    "fog": {
      "full_dist": 0.003015149424488328,
      "patch_changes": {
        "0_0": 6.036787440089064e-05,
        "0_1": 0.0005170770295996885,
        "0_2": 0.0006015090173410176,
        "0_3": 0.0006174444921221989,
        "0_4": 0.0004498237214550782,
        "0_5": 0.0005145938029205155,
        "0_6": 0.00014767593608677743,
        "1_0": -0.00011379799248389944,
        "1_1": 0.00010895359621754253,
        "1_2": 0.0004617795237797928,
        "1_3": 0.0005161346114900267,
        "1_4": 0.0004112490968787297,
        "1_5": 0.00023309936769733142,
        "1_6": 0.0002133758161491084,
        "2_0": -7.363273195282183e-05,
        "2_1": 7.711452641812055e-05,
        "2_2": 0.0004160235325569861,
        "2_3": 0.00047902436856872566,
        "2_4": 0.00026260182841919555,
        "2_5": 0.00017362205473170356,
        "2_6": 0.00017893619314413023,
        "3_0": -7.864243476918276e-05,
        "3_1": 4.513380090853669e-05,
        "3_2": 0.000428294766796955,
        "3_3": 0.0004912255564499812,
        "3_4": 0.00027162498101362953,
        "3_5": 0.00026838040411514275,
        "3_6": 0.00021493781810266732,
        "4_0": 4.1442567426996924e-05,
        "4_1": 7.314427732729722e-05,
        "4_2": 0.0003277999717778979,
        "4_3": 0.0005207941441947028,
        "4_4": 0.0003644957682765737,
        "4_5": 0.00025139469104640266,
        "4_6": 0.0001781065858293962,
        "5_0": -0.0001323261812832266,
        "5_1": -5.7100451905545135e-05,
        "5_2": 7.128097059938554e-05,
        "5_3": 0.00030142780803010805,
        "5_4": 0.00022684812912021624,
        "5_5": 0.00010817200176671538,
        "5_6": 8.91512660561311e-05,
        "6_0": -0.00015459675542150997,
        "6_1": 2.6975375952753566e-05,
        "6_2": 0.00014117434419880226,
        "6_3": 0.0001452997865766248,
        "6_4": 0.00023490496952838225,
        "6_5": 0.00022433274231470346,
        "6_6": 6.2407437463885e-05
      }
    },
    "night": {
      "full_dist": 0.008431132245375617,
      "patch_changes": {
        "0_0": -0.0019318799715787316,
        "0_1": -0.0019886507588919855,
        "0_2": -0.0020551935828024837,
        "0_3": -0.002038880202929527,
        "0_4": -0.0020449954374535118,
        "0_5": -0.0019785989536982296,
        "0_6": -0.0017149232905396827,
        "1_0": -0.002096644199430453,
        "1_1": -0.002418037433800313,
        "1_2": -0.0023604412956920173,
        "1_3": -0.0025520376242238463,
        "1_4": -0.0023886678724301946,
        "1_5": -0.002541020445858022,
        "1_6": -0.0021032914603132946,
        "2_0": -0.002089166474522175,
        "2_1": -0.0023517691954332287,
        "2_2": -0.0023426155426597983,
        "2_3": -0.0024551054983140697,
        "2_4": -0.00241430245186125,
        "2_5": -0.0024633538340994576,
        "2_6": -0.0021813833670054628,
        "3_0": -0.002220336392880773,
        "3_1": -0.0023877127706162238,
        "3_2": -0.002514913884949621,
        "3_3": -0.002794319421325242,
        "3_4": -0.0026729682692673284,
        "3_5": -0.0026166447016817695,
        "3_6": -0.0023551250346971475,
        "4_0": -0.002203243492532758,
        "4_1": -0.002572867638997778,
        "4_2": -0.002706125212752042,
        "4_3": -0.002762432845345608,
        "4_4": -0.0028474438763723686,
        "4_5": -0.002569173871410979,
        "4_6": -0.002294383037611203,
        "5_0": -0.0020825829346049485,