{
  "experiment": "adversarial_evasion",
  "experiment_number": 124,
  "timestamp": "20260314_232406",
  "id_baseline": {
    "mean": 0.087492173910141,
    "std": 0.0050570929039789716
  },
  "detection_threshold_3sigma": 0.1026634526220779,
  "blend_results": {
    "noise": {
      "0.0": {
        "mean": 0.43583855628967283,
        "std": 0.00843283659284001
      },
      "0.1": {
        "mean": 0.4476229190826416,
        "std": 0.0065344383828312095
      },
      "0.2": {
        "mean": 0.43722752332687376,
        "std": 0.02039234735295344
      },
      "0.3": {
        "mean": 0.4312100291252136,
        "std": 0.0182973967757686
      },
      "0.4": {
        "mean": 0.39817320108413695,
        "std": 0.009617260018967195
      },
      "0.5": {
        "mean": 0.3508316397666931,
        "std": 0.009674041628839019
      },
      "0.6": {
        "mean": 0.2974603533744812,
        "std": 0.012792833303899517
      },
      "0.7": {
        "mean": 0.23790318965911866,
        "std": 0.013089994501522352
      },
      "0.8": {
        "mean": 0.16599292755126954,
        "std": 0.011650135343203234
      },
      "0.9": {
        "mean": 0.10842655897140503,
        "std": 0.0030492227266169527
      },
      "1.0": {
        "mean": 0.0796019434928894,
        "std": 0.0
      }
    },
    "indoor": {
      "0.0": {
        "mean": 0.3547936677932739,
        "std": 0.007145602731080643
      },
      "0.1": {
        "mean": 0.2673530340194702,
        "std": 0.01008595616498061
      },
      "0.2": {
        "mean": 0.26656374931335447,
        "std": 0.00655407776687226
      },
      "0.3": {
        "mean": 0.26891987323760985,
        "std": 0.004736155957261626
      },
      "0.4": {
        "mean": 0.2654611825942993,
        "std": 0.006790571897747763
      },
      "0.5": {
        "mean": 0.25476875305175783,
        "std": 0.006502520109736048
      },
      "0.6": {
        "mean": 0.23659002780914307,
        "std": 0.005409443783552046
      },
      "0.7": {
        "mean": 0.22091885805130004,
        "std": 0.001963511511011356
      },
      "0.8": {
        "mean": 0.2148634076118469,
        "std": 0.0026676804075642614
      },
      "0.9": {
        "mean": 0.1949991464614868,
        "std": 0.0028335274392201596
      },
      "1.0": {
        "mean": 0.0796019434928894,
        "std": 0.0
      }
    },
    "snow": {
      "0.0": {
        "mean": 0.2569291591644287,
        "std": 0.006421470875630033
      },
      "0.1": {
        "mean": 0.23199440240859986,
        "std": 0.009347735673016354
      },
      "0.2": {
        "mean": 0.22326362133026123,
        "std": 0.003998404565175588
      },
      "0.3": {
        "mean": 0.18081026077270507,
        "std": 0.005685862933585267
      },
      "0.4": {
        "mean": 0.14692105054855348,
        "std": 0.004977840716615735
      },
      "0.5": {
        "mean": 0.1259036421775818,
        "std": 0.003672697495668674
      },
      "0.6": {
        "mean": 0.10782871246337891,
        "std": 0.0023530786537045425
      },
      "0.7": {
        "mean": 0.09472831487655639,
        "std": 0.0012115229520339875
      },
      "0.8": {
        "mean": 0.08727660179138183,
        "std": 0.0019471520458753647
      },
      "0.9": {
        "mean": 0.08094913959503174,
        "std": 0.0010680155472078787
      },
      "1.0": {
        "mean": 0.0796019434928894,
        "std": 0.0
      }
    }
  },
  "transform_results": {
    "noise": {
      "original": {
        "mean": 0.43583855628967283,
        "std": 0.00843283659284001
      },
      "blur_r2": {
        "mean": 0.4135721564292908,
        "std": 0.015199478302087219
      },
      "blur_r5": {
        "mean": 0.4584823727607727,
        "std": 0.008876474326190544
      },
      "blur_r10": {
        "mean": 0.47261435985565187,
        "std": 0.022288609646260362
      },
      "brightness_0.5": {
        "mean": 0.46223950386047363,
        "std": 0.005485366567238163
      },
      "brightness_1.5": {
        "mean": 0.41564985513687136,
        "std": 0.010147588628277244
      },
      "brightness_2.0": {
        "mean": 0.4094816207885742,
        "std": 0.010355241214507793
      },
      "contrast_0.3": {
        "mean": 0.3610077977180481,
        "std": 0.007359409908189443
      },
      "contrast_0.1": {
        "mean": 0.2976106286048889,
        "std": 0.012982550278408897
      }
    },
    "indoor": {
      "original": {
        "mean": 0.3547936677932739,
        "std": 0.007145602731080643
      },
      "blur_r2": {
        "mean": 0.31651735305786133,
        "std": 0.008908682194144814
      },
      "blur_r5": {
        "mean": 0.40826853513717654,
        "std": 0.0054186597381036304
      },
      "blur_r10": {
        "mean": 0.3866588592529297,
        "std": 0.0024018088542024077
      },
      "brightness_0.5": {
        "mean": 0.3585575699806213,
        "std": 0.009014204335982174
      },
      "brightness_1.5": {
        "mean": 0.3435522556304932,
        "std": 0.006046611976098452
      },
      "brightness_2.0": {
        "mean": 0.3260279059410095,
        "std": 0.009814404642894145
      },
      "contrast_0.3": {
        "mean": 0.3399172306060791,
        "std": 0.009698445681289535
      },
      "contrast_0.1": {
        "mean": 0.34241595268249514,
        "std": 0.004138349027776262
      }
    },
    "snow": {
      "original": {
        "mean": 0.2569291591644287,
        "std": 0.006421470875630033
      },
      "blur_r2": {
        "mean": 0.3035539984703064,
        "std": 0.007877613057925949
      },
      "blur_r5": {
        "mean": 0.2851637601852417,
        "std": 0.012156248390341417
      },
      "blur_r10": {
        "mean": 0.2550729036331177,
        "std": 0.004370025050467733
      },
      "brightness_0.5": {
        "mean": 0.3263506770133972,
        "std": 0.010386608888484089
      },
      "brightness_1.5": {
        "mean": 0.309826135635376,
        "std": 0.0
      },
      "brightness_2.0": {
        "mean": 0.309826135635376,
        "std": 0.0
      },
      "contrast_0.3": {
        "mean": 0.2806764245033264,
        "std": 0.0022365903732555004
      },
      "contrast_0.1": {
        "mean": 0.29183164834976194,
        "std": 0.001777653098581138
      }
    }
  }
}