{
  "experiment": "adversarial_evasion",
  "experiment_number": 275,
  "timestamp": "20260315_090958",
  "clean_tokens": [
    200,
    141,
    191,
    167,
    148,
    27,
    80
  ],
  "results": {
    "random_perturbation": {
      "n_pixels": 1925,
      "distance": 1.9729137420654297e-05,
      "tokens": [
        128,
        158,
        112,
        139,
        156,
        145,
        111
      ],
      "token_change": 7
    },
    "brightness_attacks": {
      "-50": {
        "distance": 0.0014033317565917969,
        "tokens": [
          200,
          141,
          191,
          167,
          148,
          27,
          80
        ],
        "token_change": 0
      },
      "-20": {
        "distance": 0.00027447938919067383,
        "tokens": [
          200,
          141,
          191,
          167,
          148,
          27,
          80
        ],
        "token_change": 0
      },
      "-10": {
        "distance": 9.66787338256836e-05,
        "tokens": [
          200,
          141,
          191,
          167,
          148,
          27,
          80
        ],
        "token_change": 0
      },
      "-5": {
        "distance": 5.233287811279297e-05,
        "tokens": [
          200,
          141,
          191,
          167,
          148,
          27,
          80
        ],
        "token_change": 0
      },
      "5": {
        "distance": 1.436471939086914e-05,
        "tokens": [
          200,
          141,
          191,
          167,
          148,
          27,
          80
        ],
        "token_change": 0
      },
      "10": {
        "distance": 7.104873657226562e-05,
        "tokens": [
          200,
          141,
          191,
          167,
          148,
          27,
          80
        ],
        "token_change": 0
      },
      "20": {
        "distance": 0.0001843571662902832,
        "tokens": [
          200,
          141,
          191,
          167,
          148,
          27,
          80
        ],
        "token_change": 0
      },
      "50": {
        "distance": 0.0008670687675476074,
        "tokens": [
          230,
          103,
          197,
          162,
          22,
          88,
          128
        ],
        "token_change": 7
      }
    },
    "minimal_corruption": {
      "fog_0.001": {
        "distance": 0.0,
        "tokens": [
          200,
          141,
          191,
          167,
          148,
          27,
          80
        ],
        "token_change": 0,
        "severity": 0.001
      },
      "night_0.001": {
        "distance": 2.9385089874267578e-05,
        "tokens": [
          200,
          141,
          191,
          167,
          148,
          27,
          80
        ],
        "token_change": 0,
        "severity": 0.001
      },
      "fog_0.005": {
        "distance": 0.0,
        "tokens": [
          200,
          141,
          191,
          167,
          148,
          27,
          80
        ],
        "token_change": 0,
        "severity": 0.005
      },
      "night_0.005": {
        "distance": 2.9385089874267578e-05,
        "tokens": [
          200,
          141,
          191,
          167,
          148,
          27,
          80
        ],
        "token_change": 0,
        "severity": 0.005
      },
      "fog_0.01": {
        "distance": 4.231929779052734e-06,
        "tokens": [
          200,
          141,
          191,
          167,
          148,
          27,
          80
        ],
        "token_change": 0,
        "severity": 0.01
      },
      "night_0.01": {
        "distance": 3.159046173095703e-05,
        "tokens": [
          200,
          141,
          191,
          167,
          148,
          27,
          80
        ],
        "token_change": 0,
        "severity": 0.01
      },
      "fog_0.02": {
        "distance": 3.5762786865234375e-06,
        "tokens": [
          200,
          141,
          191,
          167,
          148,
          27,
          80
        ],
        "token_change": 0,
        "severity": 0.02
      },
      "night_0.02": {
        "distance": 3.701448440551758e-05,
        "tokens": [
          200,
          141,
          191,
          167,
          148,
          27,
          80
        ],
        "token_change": 0,
        "severity": 0.02
      },
      "fog_0.05": {
        "distance": 1.2814998626708984e-05,
        "tokens": [
          200,
          141,
          191,
          167,
          148,
          27,
          80
        ],
        "token_change": 0,
        "severity": 0.05
      },
      "night_0.05": {
        "distance": 3.1828880310058594e-05,
        "tokens": [
          200,
          141,
          191,
          167,
          148,
          27,
          80
        ],
        "token_change": 0,
        "severity": 0.05
      },
      "fog_0.1": {
        "distance": 6.240606307983398e-05,
        "tokens": [
          200,
          141,
          191,
          167,
          148,
          27,
          80
        ],
        "token_change": 0,
        "severity": 0.1
      },
      "night_0.1": {
        "distance": 0.00013369321823120117,
        "tokens": [
          200,
          141,
          191,
          167,
          148,
          27,
          80
        ],
        "token_change": 0,
        "severity": 0.1
      },
      "fog_0.2": {
        "distance": 0.0001679062843322754,
        "tokens": [
          200,
          141,
          191,
          167,
          148,
          27,
          80
        ],
        "token_change": 0,
        "severity": 0.2
      },
      "night_0.2": {
        "distance": 0.0003681182861328125,
        "tokens": [
          200,
          141,
          191,
          167,
          148,
          27,
          80
        ],
        "token_change": 0,
        "severity": 0.2
      },
      "fog_0.5": {
        "distance": 0.0008426308631896973,
        "tokens": [
          151,
          142,
          234,
          93,
          128,
          72,
          0
        ],
        "token_change": 7,
        "severity": 0.5
      },
      "night_0.5": {
        "distance": 0.0021948814392089844,
        "tokens": [
          116,
          189,
          206,
          128,
          128,
          197,
          128
        ],
        "token_change": 7,
        "severity": 0.5
      }
    },
    "evasion_possible": false
  }
}