{
  "n_scenes": 8,
  "epsilon_sweep": {
    "uniform_noise": {
      "0.001": {
        "auroc": 0.546875,
        "mean_dist": 5.158243249532568e-05
      },
      "0.005": {
        "auroc": 0.515625,
        "mean_dist": 5.153625642789761e-05
      },
      "0.01": {
        "auroc": 0.546875,
        "mean_dist": 5.198147475378445e-05
      },
      "0.05": {
        "auroc": 0.53125,
        "mean_dist": 5.253072938929404e-05
      },
      "0.1": {
        "auroc": 0.5625,
        "mean_dist": 5.216696503408669e-05
      },
      "0.3": {
        "auroc": 0.765625,
        "mean_dist": 8.407278430465348e-05
      },
      "0.5": {
        "auroc": 1.0,
        "mean_dist": 0.00022935284098568598
      }
    },
    "gaussian_noise": {
      "0.001": {
        "auroc": 0.5625,
        "mean_dist": 5.163911112950059e-05
      },
      "0.005": {
        "auroc": 0.546875,
        "mean_dist": 5.258655766729459e-05
      },
      "0.01": {
        "auroc": 0.515625,
        "mean_dist": 5.196744296713518e-05
      },
      "0.05": {
        "auroc": 0.625,
        "mean_dist": 5.678107253954956e-05
      },
      "0.1": {
        "auroc": 0.625,
        "mean_dist": 5.8672663043490836e-05
      },
      "0.3": {
        "auroc": 1.0,
        "mean_dist": 0.0001963687857005625
      },
      "0.5": {
        "auroc": 1.0,
        "mean_dist": 0.0006815847661158503
      }
    },
    "patch": {
      "0.001": {
        "auroc": 0.515625,
        "mean_dist": 4.993867394005591e-05
      },
      "0.005": {
        "auroc": 0.53125,
        "mean_dist": 5.075806083118528e-05
      },
      "0.01": {
        "auroc": 0.53125,
        "mean_dist": 5.11066434730062e-05
      },
      "0.05": {
        "auroc": 0.5,
        "mean_dist": 4.744571878718962e-05
      },
      "0.1": {
        "auroc": 0.578125,
        "mean_dist": 5.8027437119148595e-05
      },
      "0.3": {
        "auroc": 0.515625,
        "mean_dist": 4.872527312974051e-05
      },
      "0.5": {
        "auroc": 0.875,
        "mean_dist": 8.043535501878196e-05
      }
    },
    "horizontal_stripes": {
      "0.001": {
        "auroc": 0.53125,
        "mean_dist": 5.0884339755030705e-05
      },
      "0.005": {
        "auroc": 0.546875,
        "mean_dist": 5.125164249991654e-05
      },
      "0.01": {
        "auroc": 0.546875,
        "mean_dist": 5.133840424922931e-05
      },
      "0.05": {
        "auroc": 0.546875,
        "mean_dist": 5.1417246220777924e-05
      },
      "0.1": {
        "auroc": 0.546875,
        "mean_dist": 5.213153665681314e-05
      },
      "0.3": {
        "auroc": 0.578125,
        "mean_dist": 5.185959004039287e-05
      },
      "0.5": {
        "auroc": 0.84375,
        "mean_dist": 9.319734683033154e-05
      }
    },
    "gradient": {
      "0.001": {
        "auroc": 0.5625,
        "mean_dist": 5.2412818863908917e-05
      },
      "0.005": {
        "auroc": 0.546875,
        "mean_dist": 5.275592034845178e-05
      },
      "0.01": {
        "auroc": 0.609375,
        "mean_dist": 5.729197439933997e-05
      },
      "0.05": {
        "auroc": 1.0,
        "mean_dist": 0.0008307073544508853
      },
      "0.1": {
        "auroc": 1.0,
        "mean_dist": 0.001252141006759258
      },
      "0.3": {
        "auroc": 1.0,
        "mean_dist": 0.0019021805909447964
      },
      "0.5": {
        "auroc": 1.0,
        "mean_dist": 0.002104654322442584
      }
    },
    "high_freq": {
      "0.001": {
        "auroc": 0.515625,
        "mean_dist": 5.098136484080196e-05
      },
      "0.005": {
        "auroc": 0.546875,
        "mean_dist": 5.119898137898038e-05
      },
      "0.01": {
        "auroc": 0.53125,
        "mean_dist": 5.063672487237714e-05
      },
      "0.05": {
        "auroc": 0.546875,
        "mean_dist": 5.2784420407292476e-05
      },
      "0.1": {
        "auroc": 0.625,
        "mean_dist": 6.102645216027325e-05
      },
      "0.3": {
        "auroc": 1.0,
        "mean_dist": 0.00026687227326782637
      },
      "0.5": {
        "auroc": 1.0,
        "mean_dist": 0.0012392880103883758
      }
    },
    "low_freq": {
      "0.001": {
        "auroc": 0.53125,
        "mean_dist": 5.094940598555919e-05
      },
      "0.005": {
        "auroc": 0.546875,
        "mean_dist": 5.333631793910665e-05
      },
      "0.01": {
        "auroc": 0.546875,
        "mean_dist": 5.448578539347937e-05
      },
      "0.05": {
        "auroc": 1.0,
        "mean_dist": 0.0006215536646465014
      },
      "0.1": {
        "auroc": 1.0,
        "mean_dist": 0.0015196374298512005
      },
      "0.3": {
        "auroc": 1.0,
        "mean_dist": 0.002594427498291238
      },
      "0.5": {
        "auroc": 1.0,
        "mean_dist": 0.0032736645660466634
      }
    },
    "salt_pepper": {
      "0.001": {
        "auroc": 0.578125,
        "mean_dist": 5.231061941050885e-05
      },
      "0.005": {
        "auroc": 0.5625,
        "mean_dist": 5.777647189365853e-05
      },
      "0.01": {
        "auroc": 0.5625,
        "mean_dist": 5.0077717222513085e-05
      },
      "0.05": {
        "auroc": 0.765625,
        "mean_dist": 8.414658764900607e-05
      },
      "0.1": {
        "auroc": 0.84375,
        "mean_dist": 0.0001207643237114836
      },
      "0.3": {
        "auroc": 1.0,
        "mean_dist": 0.0004949369293820449
      },
      "0.5": {
        "auroc": 1.0,
        "mean_dist": 0.001110905819101185
      }
    }
  },
  "channel_attacks": {
    "red_channel": {
      "0.01": {
        "auroc": 0.578125,
        "mean_dist": 5.2389303170030654e-05
      },
      "0.05": {
        "auroc": 0.578125,
        "mean_dist": 5.278373974730577e-05
      },
      "0.1": {
        "auroc": 0.53125,
        "mean_dist": 5.125489891726065e-05
      },
      "0.3": {
        "auroc": 0.6875,
        "mean_dist": 5.8720512581711404e-05
      }
    },
    "green_channel": {
      "0.01": {
        "auroc": 0.53125,
        "mean_dist": 5.249179558108885e-05
      },
      "0.05": {
        "auroc": 0.5625,
        "mean_dist": 5.292980754482979e-05
      },
      "0.1": {
        "auroc": 0.53125,
        "mean_dist": 5.115782806244806e-05
      },
      "0.3": {
        "auroc": 0.828125,
        "mean_dist": 7.790221494016758e-05
      }
    },
    "blue_channel": {
      "0.01": {
        "auroc": 0.5625,
        "mean_dist": 5.14643809592652e-05
      },
      "0.05": {
        "auroc": 0.578125,
        "mean_dist": 5.3461880181501775e-05
      },
      "0.1": {
        "auroc": 0.59375,
        "mean_dist": 5.42788849967335e-05
      },
      "0.3": {
        "auroc": 0.765625,
        "mean_dist": 7.384698786169763e-05
      }
    }
  },
  "detection_boundary": {
    "gaussian_noise": {
      "0.0001": {
        "auroc": 0.578125
      },
      "0.0005": {
        "auroc": 0.546875
      },
      "0.001": {
        "auroc": 0.5625
      },
      "0.002": {
        "auroc": 0.5625
      },
      "0.005": {
        "auroc": 0.546875
      },
      "0.008": {
        "auroc": 0.5625
      },
      "0.01": {
        "auroc": 0.515625
      },
      "0.02": {
        "auroc": 0.53125
      },
      "0.03": {
        "auroc": 0.546875
      },
      "0.05": {
        "auroc": 0.625
      },
      "0.08": {
        "auroc": 0.625
      },
      "0.1": {
        "auroc": 0.625
      }
    },
    "uniform_noise": {
      "0.0001": {
        "auroc": 0.546875
      },
      "0.0005": {
        "auroc": 0.546875
      },
      "0.001": {
        "auroc": 0.546875
      },
      "0.002": {
        "auroc": 0.546875
      },
      "0.005": {
        "auroc": 0.515625
      },
      "0.008": {
        "auroc": 0.53125
      },
      "0.01": {
        "auroc": 0.546875
      },
      "0.02": {
        "auroc": 0.546875
      },
      "0.03": {
        "auroc": 0.53125
      },
      "0.05": {
        "auroc": 0.53125
      },
      "0.08": {
        "auroc": 0.546875
      },