{
  "experiment": "attention_ood",
  "experiment_number": 117,
  "timestamp": "20260314_223709",
  "n_heads": 32,
  "seq_len": 280,
  "detector_results": {
    "cosine_baseline": {
      "auroc": 1.0
    },
    "attention_entropy": {
      "auroc": 0.9950000000000001
    },
    "max_attention": {
      "auroc": 1.0
    },
    "top5_concentration": {
      "auroc": 0.9299999999999999
    },
    "first_quarter_attn": {
      "auroc": 0.9275
    }
  },
  "per_category": {
    "highway": {
      "group": "ID",
      "entropy_mean": 2.497561436519027,
      "entropy_std": 0.03561901526143949,
      "max_attn_mean": 0.30511932373046874,
      "top5_mean": 0.6935043334960938,
      "first_q_mean": 0.3286291748285294
    },
    "urban": {
      "group": "ID",
      "entropy_mean": 2.3496071457862855,
      "entropy_std": 0.036658848141327964,
      "max_attn_mean": 0.3194915771484375,
      "top5_mean": 0.7332875251770019,
      "first_q_mean": 0.34630844593048093
    },
    "noise": {
      "group": "OOD",
      "entropy_mean": 2.17436523064971,
      "entropy_std": 0.047715106501126606,
      "max_attn_mean": 0.355767822265625,
      "top5_mean": 0.7588974475860596,
      "first_q_mean": 0.36262635290622713
    },
    "indoor": {
      "group": "OOD",
      "entropy_mean": 2.1478295478969813,
      "entropy_std": 0.026837955046938308,
      "max_attn_mean": 0.3479217529296875,
      "top5_mean": 0.7766190528869629,
      "first_q_mean": 0.41601782441139223
    },
    "twilight": {
      "group": "OOD",
      "entropy_mean": 2.317575530335307,
      "entropy_std": 0.02746893152543841,
      "max_attn_mean": 0.33380584716796874,
      "top5_mean": 0.7310994148254395,
      "first_q_mean": 0.3507530093193054
    },
    "snow": {
      "group": "OOD",
      "entropy_mean": 2.1393983656540514,
      "entropy_std": 0.041067981392431945,
      "max_attn_mean": 0.35367431640625,
      "top5_mean": 0.7721089124679565,
      "first_q_mean": 0.38487103283405305
    }
  },
  "head_aurocs": [
    0.565,
    0.515,
    0.7825,
    0.6775,
    0.6725,
    0.735,
    0.7050000000000001,
    1.0,
    0.8574999999999999,
    0.72,
    0.8925,
    0.605,
    0.5824999999999999,
    0.9199999999999999,
    0.56,
    0.6875,
    0.9975,
    0.66,
    0.625,
    0.5650000000000001,
    0.815,
    0.5974999999999999,
    0.7775000000000001,
    0.8925,
    0.7350000000000001,
    0.9575,
    0.9625,
    0.9650000000000001,
    0.64,
    0.6400000000000001,
    0.7575000000000001,
    0.795
  ]
}