{
  "num_heads": 32,
  "seq_len": 274,
  "layers_analyzed": [
    0,
    3,
    8,
    15,
    24,
    31
  ],
  "attention_entropy": {
    "0": {
      "clean_mean": 4.530940532684326,
      "fog_mean": 4.528480529785156,
      "fog_shift": -0.002459883689880371,
      "night_mean": 4.523250579833984,
      "night_shift": -0.007689952850341797,
      "noise_mean": 4.532639026641846,
      "noise_shift": 0.0016981810331344604,
      "blur_mean": 4.533631801605225,
      "blur_shift": 0.002691224217414856
    },
    "3": {
      "clean_mean": 0.260312020778656,
      "fog_mean": 0.2359679788351059,
      "fog_shift": -0.02434404008090496,
      "night_mean": 0.2025645226240158,
      "night_shift": -0.0577474907040596,
      "noise_mean": 0.26082277297973633,
      "noise_shift": 0.0005107454489916563,
      "blur_mean": 0.23037782311439514,
      "blur_shift": -0.029934201389551163
    },
    "8": {
      "clean_mean": 0.573432445526123,
      "fog_mean": 0.543963611125946,
      "fog_shift": -0.02946881577372551,
      "night_mean": 0.42256593704223633,
      "night_shift": -0.15086650848388672,
      "noise_mean": 0.598330020904541,
      "noise_shift": 0.024897560477256775,
      "blur_mean": 0.560352087020874,
      "blur_shift": -0.013080407865345478
    },
    "15": {
      "clean_mean": 0.5258775949478149,
      "fog_mean": 0.480712354183197,
      "fog_shift": -0.045165278017520905,
      "night_mean": 0.46304184198379517,
      "night_shift": -0.06283576786518097,
      "noise_mean": 0.5452263355255127,
      "noise_shift": 0.019348710775375366,
      "blur_mean": 0.6107692718505859,
      "blur_shift": 0.084891676902771
    },
    "24": {
      "clean_mean": 0.30882441997528076,
      "fog_mean": 0.31667426228523254,
      "fog_shift": 0.00784983765333891,
      "night_mean": 0.26037508249282837,
      "night_shift": -0.04844933748245239,
      "noise_mean": 0.334624707698822,
      "noise_shift": 0.025800293311476707,
      "blur_mean": 0.3391892910003662,
      "blur_shift": 0.03036487102508545
    },
    "31": {
      "clean_mean": 0.8609426617622375,
      "fog_mean": 0.8067288398742676,
      "fog_shift": -0.05421378090977669,
      "night_mean": 1.0414512157440186,
      "night_shift": 0.18050865828990936,
      "noise_mean": 0.8645602464675903,
      "noise_shift": 0.0036176349967718124,
      "blur_mean": 1.0198490619659424,
      "blur_shift": 0.15890643000602722
    }
  },
  "attention_flow": {
    "0": {
      "clean_img2text": 0.0,
      "clean_text2img": 0.0019046135324363906,
      "fog_img2text": 0.0,
      "fog_text2img": 0.0017965776690592368,
      "night_img2text": 0.0,
      "night_text2img": 0.0017832581652328372,
      "noise_img2text": 0.0,
      "noise_text2img": 0.0019177281064912677,
      "blur_img2text": 0.0,
      "blur_text2img": 0.0019848577212542295
    },
    "3": {
      "clean_img2text": 0.0,
      "clean_text2img": 0.0002766718389466405,
      "fog_img2text": 0.0,
      "fog_text2img": 0.0002699736796785146,
      "night_img2text": 0.0,
      "night_text2img": 0.000261960686960568,
      "noise_img2text": 0.0,
      "noise_text2img": 0.00027771587095533806,
      "blur_img2text": 0.0,
      "blur_text2img": 0.0002886190583618979
    },
    "8": {
      "clean_img2text": 0.0,
      "clean_text2img": 0.00046340965006190044,
      "fog_img2text": 0.0,
      "fog_text2img": 0.0004294978571124375,
      "night_img2text": 0.0,
      "night_text2img": 0.0004335498185052226,
      "noise_img2text": 0.0,
      "noise_text2img": 0.00046304651186801493,
      "blur_img2text": 0.0,
      "blur_text2img": 0.0005642210793060561
    },
    "15": {
      "clean_img2text": 0.0,
      "clean_text2img": 0.0009253954437250892,
      "fog_img2text": 0.0,
      "fog_text2img": 0.0007928832977389296,
      "night_img2text": 0.0,
      "night_text2img": 0.0008284015542206665,
      "noise_img2text": 0.0,
      "noise_text2img": 0.0009536731522530317,
      "blur_img2text": 0.0,
      "blur_text2img": 0.0010623389777416985
    },
    "24": {
      "clean_img2text": 0.0,
      "clean_text2img": 0.0009381474034550289,
      "fog_img2text": 0.0,
      "fog_text2img": 0.0008002905718361338,
      "night_img2text": 0.0,
      "night_text2img": 0.0007198294236635169,
      "noise_img2text": 0.0,
      "noise_text2img": 0.000982228647141407,
      "blur_img2text": 0.0,
      "blur_text2img": 0.0009722270964023968
    },
    "31": {
      "clean_img2text": 0.0,
      "clean_text2img": 0.0010566501878201962,
      "fog_img2text": 0.0,
      "fog_text2img": 0.0009679969710608324,
      "night_img2text": 0.0,
      "night_text2img": 0.0010039551028360922,
      "noise_img2text": 0.0,
      "noise_text2img": 0.0010590516806890566,
      "blur_img2text": 0.0,
      "blur_text2img": 0.001349896735822161
    }
  },
  "head_sensitivity": {
    "0": {
      "top_5": [
        [
          18,
          0.048120999708771706
        ],
        [
          8,
          0.04491547277818123
        ],
        [
          28,
          0.03886788276334604
        ],
        [
          9,
          0.0383123061619699
        ],
        [
          16,
          0.030524499869594972
        ]
      ],
      "bottom_5": [
        [
          19,
          0.011136609614671519
        ],
        [
          14,
          0.012205337329457203
        ],
        [
          5,
          0.012620188179425895
        ],
        [
          2,
          0.012703401269391179
        ],
        [
          3,
          0.013074267927246789
        ]
      ],
      "mean": 0.022058033372256126,
      "std": 0.009937559973548605
    },
    "3": {
      "top_5": [
        [
          31,
          0.6764234354098638
        ],
        [
          19,
          0.2416735626757145
        ],
        [
          28,
          0.17693564916650453
        ],
        [
          9,
          0.17592762845257917
        ],
        [
          26,
          0.148801909138759
        ]
      ],
      "bottom_5": [
        [
          14,
          0.01492611124801139
        ],
        [
          27,
          0.021606914854298036
        ],
        [
          11,
          0.02164475992321968
        ],
        [
          17,
          0.02387087365301947
        ],
        [
          1,
          0.024023400542015832
        ]
      ],
      "mean": 0.09446396587736672,
      "std": 0.11821963661306534
    },
    "8": {
      "top_5": [
        [
          26,
          0.8500763475894928
        ],
        [
          25,
          0.5460945889353752
        ],
        [
          6,
          0.49283838520447415
        ],
        [
          4,
          0.48287707567214966
        ],
        [
          21,
          0.33981574575106305
        ]
      ],
      "bottom_5": [
        [
          2,
          0.007628855586517602
        ],
        [
          27,
          0.016406924774249394
        ],
        [
          28,
          0.016697531876464684
        ],
        [
          20,
          0.01819199713645503
        ],
        [
          1,
          0.02101638199140628
        ]
      ],
      "mean": 0.18496270948283683,
      "std": 0.1901218814510606
    },
    "15": {
      "top_5": [
        [
          24,
          0.5126685624321302
        ],
        [
          5,
          0.37116402635971707
        ],
        [
          29,
          0.3291936181485653
        ],
        [
          10,
          0.3203899177412192
        ],
        [
          8,
          0.31237922236323357
        ]
      ],
      "bottom_5": [
        [
          28,
          0.03655867278575897
        ],
        [
          3,
          0.06926046467075746
        ],
        [
          27,
          0.08564524600903194
        ],
        [
          16,
          0.08704222490390141
        ],
        [
          15,
          0.09135349870969851
        ]
      ],
      "mean": 0.20697147310905473,
      "std": 0.1009597644127213
    },