{
  "experiment": "gradient_attribution",
  "experiment_number": 306,
  "timestamp": "20260315_111048",
  "occlusion_maps": {
    "fog": {
      "full_distance": 0.0027054548263549805,
      "sensitivity": [
        [
          0.00013142824172973633,
          -0.0003025531768798828,
          -9.924173355102539e-05,
          -0.0007985234260559082,
          -0.0004717707633972168,
          -0.0007317066192626953,
          -0.00020509958267211914
        ],
        [
          0.00011396408081054688,
          -0.0001392960548400879,
          -0.0002824068069458008,
          -0.0004424452781677246,
          -0.00047081708908081055,
          -0.00045245885848999023,
          -0.00019353628158569336
        ],
        [
          0.00015991926193237305,
          -7.444620132446289e-05,
          -7.12275505065918e-05,
          -0.00046628713607788086,
          -0.0001907944679260254,
          -7.534027099609375e-05,
          -0.00017648935317993164
        ],
        [
          0.00026339292526245117,
          0.0001252889633178711,
          -0.0003153085708618164,
          -0.0003299713134765625,
          -0.0002034306526184082,
          1.436471939086914e-05,
          -9.369850158691406e-05
        ],
        [
          0.0001386404037475586,
          5.251169204711914e-05,
          6.4849853515625e-05,
          -0.00019419193267822266,
          -8.58306884765625e-05,
          3.129243850708008e-05,
          -6.687641143798828e-05
        ],
        [
          0.00032591819763183594,
          0.00013178586959838867,
          9.09566879272461e-05,
          8.368492126464844e-05,
          -8.761882781982422e-06,
          -2.9206275939941406e-06,
          2.5033950805664062e-06
        ],
        [
          0.00015556812286376953,
          9.500980377197266e-05,
          0.00031560659408569336,
          0.0001455545425415039,
          8.481740951538086e-05,
          -1.7464160919189453e-05,
          6.097555160522461e-05
        ]
      ],
      "max_patch": [
        5,
        0
      ],
      "max_reduction": 0.00032591819763183594,
      "max_reduction_pct": 12.04670632297863,
      "sum_reductions": -0.004374861717224121,
      "superadditivity": -1.6170522141440846
    },
    "night": {
      "full_distance": 0.007991313934326172,
      "sensitivity": [
        [
          0.0030387043952941895,
          0.0032685399055480957,
          0.002865433692932129,
          0.003082752227783203,
          0.0029900670051574707,
          0.00304567813873291,
          0.0031828880310058594
        ],
        [
          0.0028914213180541992,
          0.0031405091285705566,
          0.0027964115142822266,
          0.002602696418762207,
          0.0027589797973632812,
          0.0030202865600585938,
          0.0029595494270324707
        ],
        [
          0.00311434268951416,
          0.0029705166816711426,
          0.0026755928993225098,
          0.002505064010620117,
          0.0030579566955566406,
          0.003139317035675049,
          0.0031461715698242188
        ],
        [
          0.003247201442718506,
          0.0032243728637695312,
          0.002979576587677002,
          0.002916395664215088,
          0.00293576717376709,
          0.003293275833129883,
          0.0032643675804138184
        ],
        [
          0.00319826602935791,
          0.0032861828804016113,
          0.0034322142601013184,
          0.003006160259246826,
          0.0031875967979431152,
          0.0034055113792419434,
          0.0032706856727600098
        ],
        [
          0.0031467080116271973,
          0.003332078456878662,
          0.0033431649208068848,
          0.0034589171409606934,
          0.0034836530685424805,
          0.003396272659301758,
          0.0032011866569519043
        ],
        [
          0.0034261345863342285,
          0.0032923221588134766,
          0.0034888386726379395,
          0.0036457180976867676,
          0.003498256206512451,
          0.0033957362174987793,
          0.0034320950508117676
        ]
      ],
      "max_patch": [
        6,
        3
      ],
      "max_reduction": 0.0036457180976867676,
      "max_reduction_pct": 45.62100960677844,
      "sum_reductions": 0.15444153547286987,
      "superadditivity": 19.326175487797602
    },
    "blur": {
      "full_distance": 0.006263315677642822,
      "sensitivity": [
        [
          0.0019285082817077637,
          0.0026146769523620605,
          0.001667618751525879,
          0.0018047690391540527,
          0.0021242499351501465,
          0.001515209674835205,
          0.001751244068145752
        ],
        [
          0.0018576979637145996,
          0.002235710620880127,
          0.0021646618843078613,
          0.002373814582824707,
          0.001546025276184082,
          0.0012916922569274902,
          0.001951754093170166
        ],
        [
          0.0020322203636169434,
          0.0020809173583984375,
          0.0018477439880371094,
          0.001955687999725342,
          0.002018749713897705,
          0.0018926262855529785,
          0.0017930269241333008
        ],
        [
          0.0018933415412902832,
          0.0019294023513793945,
          0.0020294785499572754,
          0.002409636974334717,
          0.0020328760147094727,
          0.0020275115966796875,
          0.0019248723983764648
        ],
        [
          0.0017961859703063965,
          0.0021524429321289062,
          0.0027347207069396973,
          0.0026009082794189453,
          0.002409815788269043,
          0.002215445041656494,
          0.0017984509468078613
        ],
        [
          0.0020700693130493164,
          0.00241166353225708,
          0.002732217311859131,
          0.003105342388153076,
          0.0027622580528259277,
          0.0021083950996398926,
          0.002275824546813965
        ],
        [
          0.002362966537475586,
          0.0023326873779296875,
          0.0026540160179138184,
          0.0028508901596069336,
          0.0026830434799194336,
          0.002274632453918457,
          0.002138376235961914
        ]
      ],
      "max_patch": [
        5,
        3
      ],
      "max_reduction": 0.003105342388153076,
      "max_reduction_pct": 49.579847926837395,
      "sum_reductions": 0.10516607761383057,
      "superadditivity": 16.79079947849754
    },
    "noise": {
      "full_distance": 0.0005123615264892578,