{
  "experiment": "vision_encoder_attribution",
  "experiment_number": 277,
  "timestamp": "20260315_092107",
  "model_type": "OpenVLAForActionPrediction",
  "results": {
    "distance_by_layer": {
      "fog": {
        "0": 1.1102230246251565e-16,
        "1": 0.0009815604482706908,
        "2": 0.0029968930788295545,
        "3": 0.0027053576980535787,
        "4": 0.002490340846801331,
        "5": 0.002479361158629456,
        "6": 0.002033264830292203,
        "7": 0.0021634345057882642,
        "8": 0.0025413492567142315,
        "9": 0.00198962074077913,
        "10": 0.0040308507812334415,
        "11": 0.007120452863425442,
        "12": 0.012371693876895629,
        "13": 0.023746772363937962,
        "14": 0.031061098867322223,
        "15": 0.05560183251039019,
        "16": 0.07498176489406472,
        "17": 0.10005542082027241,
        "18": 0.1023412364519638,
        "19": 0.10701951658438058,
        "20": 0.11219521476115735,
        "21": 0.11924535999967778,
        "22": 0.12741115572788886,
        "23": 0.1300152362913607,
        "24": 0.14537273762354308,
        "25": 0.1390487765458499,
        "26": 0.14337025802343706,
        "27": 0.13941166046770748,
        "28": 0.13890763448151533,
        "29": 0.13736652552367834,
        "30": 0.13912997790952764,
        "31": 0.1389615681894416,
        "32": 0.3263936088434999
      },
      "night": {
        "0": 1.1102230246251565e-16,
        "1": 0.005177947218163004,
        "2": 0.008736180046377662,
        "3": 0.007991211214224414,
        "4": 0.006404936559094798,
        "5": 0.004998252711407192,
        "6": 0.0043736551789657074,
        "7": 0.006135224015969221,
        "8": 0.007664089739806035,
        "9": 0.005763346646167622,
        "10": 0.01059094495447288,
        "11": 0.030708913963828466,
        "12": 0.06016110423934318,
        "13": 0.08629732868327178,
        "14": 0.10941320782097075,
        "15": 0.18666257318396628,
        "16": 0.25976552254038565,
        "17": 0.3165773311416933,
        "18": 0.3343668584679057,
        "19": 0.35586923530423753,
        "20": 0.36629931545206673,
        "21": 0.3616690099162818,
        "22": 0.36816605100590416,
        "23": 0.3436525562833077,
        "24": 0.34123391904698663,
        "25": 0.31318022903017617,
        "26": 0.3078276181900941,
        "27": 0.2912399742205696,
        "28": 0.29169543112504714,
        "29": 0.28393383475475464,
        "30": 0.2767763317187273,
        "31": 0.2715952602097209,
        "32": 0.6938731371158651
      },
      "noise": {
        "0": 1.1102230246251565e-16,
        "1": 0.00011690872252712037,
        "2": 0.0005860019047142506,
        "3": 0.0005124092970326677,
        "4": 0.0004028232615754801,
        "5": 0.00040442755245739814,
        "6": 0.0003195681129259942,
        "7": 0.00035821977456540477,
        "8": 0.0005497590409808684,
        "9": 0.0004511235221711374,
        "10": 0.0007862867916063054,
        "11": 0.002360944352146843,
        "12": 0.0036573583410836052,
        "13": 0.0073420131250850895,
        "14": 0.011772608784244132,
        "15": 0.02006143184975795,
        "16": 0.027692510423618533,
        "17": 0.03444131171780307,
        "18": 0.03963704832512027,
        "19": 0.04287902436218849,
        "20": 0.04517130249772672,
        "21": 0.04966202537227571,
        "22": 0.05302925071408904,
        "23": 0.056596199548259674,
        "24": 0.06260701192018137,
        "25": 0.06379798325381658,
        "26": 0.06783632642759063,
        "27": 0.071049500044577,
        "28": 0.07524823927781199,
        "29": 0.07472856625437385,
        "30": 0.07515532712174966,
        "31": 0.07184080228459777,
        "32": 0.17764492738308935
      },
      "blur": {
        "0": 1.1102230246251565e-16,
        "1": 0.005550422759396767,
        "2": 0.0071270369458869,
        "3": 0.0062633114121302125,
        "4": 0.005119701930757392,
        "5": 0.004375631248759948,
        "6": 0.003499121978180475,
        "7": 0.00393155329560313,
        "8": 0.004903984587345311,
        "9": 0.004387651444855867,
        "10": 0.008381671970572047,
        "11": 0.028479165905731962,
        "12": 0.05688284372976726,
        "13": 0.1003851097023345,
        "14": 0.12496314143940412,
        "15": 0.18194684103425363,
        "16": 0.2427521166558292,
        "17": 0.3016631258314886,
        "18": 0.322527925761527,
        "19": 0.3422621263371902,
        "20": 0.3521517276600131,
        "21": 0.34938929768091476,
        "22": 0.3634382151071066,
        "23": 0.3491474393620986,
        "24": 0.3438191501172956,
        "25": 0.31604246418839044,
        "26": 0.30929979943448715,
        "27": 0.29164473972775595,
        "28": 0.29191327963147273,
        "29": 0.2824939665633943,
        "30": 0.27575576974437055,
        "31": 0.28707242564882174,
        "32": 0.6950676311750354
      }
    },
    "vision_hook_stats": {
      "clean": {
        "vision_vision_backbone.featurizer": {
          "shape": [
            1,
            256,
            1024
          ],
          "mean": -0.2347639799118042,
          "std": 3.894481658935547,
          "norm": 1997.6051025390625
        },
        "vision_vision_backbone.fused_featurizer": {
          "shape": [
            1,
            256,
            1152
          ],
          "mean": 0.07263785600662231,
          "std": 1.808423399925232,
          "norm": 982.8732299804688
        },
        "proj_projector": {
          "shape": [
            1,
            256,
            4096
          ],
          "mean": 0.004644344560801983,
          "std": 0.3808368444442749,
          "norm": 390.0195007324219
        }
      },
      "fog": {
        "vision_vision_backbone.featurizer": {
          "shape": [
            1,
            256,
            1024
          ],
          "mean": -0.3593999147415161,
          "std": 4.1718430519104,
          "norm": 2143.90478515625
        },
        "vision_vision_backbone.fused_featurizer": {
          "shape": [
            1,
            256,
            1152
          ],
          "mean": 0.5008597373962402,
          "std": 1.848160982131958,
          "norm": 1039.86669921875
        },
        "proj_projector": {
          "shape": [
            1,
            256,
            4096
          ],
          "mean": 0.006381255574524403,
          "std": 0.4179634749889374,
          "norm": 428.05841064453125
        }
      },
      "night": {
        "vision_vision_backbone.featurizer": {
          "shape": [
            1,
            256,
            1024
          ],
          "mean": -0.3361986577510834,
          "std": 4.676058769226074,
          "norm": 2400.3349609375
        },
        "vision_vision_backbone.fused_featurizer": {
          "shape": [
            1,
            256,
            1152
          ],
          "mean": -0.5113562941551208,
          "std": 1.9904534816741943,
          "norm": 1116.0404052734375
        },
        "proj_projector": {
          "shape": [
            1,
            256,
            4096
          ],
          "mean": 0.0004262679722160101,
          "std": 0.3507448136806488,
          "norm": 359.17510986328125
        }
      },
      "noise": {
        "vision_vision_backbone.featurizer": {
          "shape": [
            1,
            256,
            1024
          ],
          "mean": -0.21584950387477875,
          "std": 3.585360527038574,
          "norm": 1839.036376953125
        },
        "vision_vision_backbone.fused_featurizer": {
          "shape": [
            1,
            256,
            1152
          ],
          "mean": 0.07340271025896072,
          "std": 1.7858896255493164,
          "norm": 970.6647338867188
        },
        "proj_projector": {
          "shape": [
            1,
            256,
            4096
          ],
          "mean": 0.004688683897256851,
          "std": 0.36076876521110535,