{
  "experiment": "extended_baselines",
  "experiment_number": 318,
  "timestamp": "20260315_120230",
  "auroc": {
    "cosine": {
      "auroc": 1.0,
      "clean_max": 0.0,
      "ood_min": 2.7835369110107422e-05,
      "gap": 2.7835369110107422e-05,
      "clean_scores": [
        0.0,
        0.0,
        0.0,
        0.0,
        0.0,
        0.0,
        0.0,
        0.0,
        0.0,
        0.0
      ],
      "ood_scores": [
        6.252527236938477e-05,
        0.00034558773040771484,
        0.0008426308631896973,
        0.0014816522598266602,
        0.0027054548263549805,
        0.00013381242752075195,
        0.0008627772331237793,
        0.0021948814392089844,
        0.0035696029663085938,
        0.007991313934326172,
        0.0007543563842773438,
        0.003692924976348877,
        0.005036652088165283,
        0.005397975444793701,
        0.006263315677642822,
        2.7835369110107422e-05,
        4.57763671875e-05,
        0.00015681982040405273,
        0.0002459883689880371,
        0.0005123615264892578
      ]
    },
    "euclidean": {
      "auroc": 1.0,
      "clean_max": 0.0,
      "ood_min": 0.06627316772937775,
      "gap": 0.06627316772937775,
      "clean_scores": [
        0.0,
        0.0,
        0.0,
        0.0,
        0.0,
        0.0,
        0.0,
        0.0,
        0.0,
        0.0
      ],
      "ood_scores": [
        0.09961814433336258,
        0.22672279179096222,
        0.3556874692440033,
        0.4623511731624603,
        0.6328060030937195,
        0.1373337209224701,
        0.35091057419776917,
        0.5601756572723389,
        0.7125518918037415,
        1.1041291952133179,
        0.3221082389354706,
        0.711406946182251,
        0.8303752541542053,
        0.8592081665992737,
        0.9250903129577637,
        0.06627316772937775,
        0.0790361762046814,
        0.14743474125862122,
        0.1890748143196106,
        0.2712613344192505
      ]
    },
    "norm_diff": {
      "auroc": 1.0,
      "clean_max": 0.0,
      "ood_min": 0.0022487640380859375,
      "gap": 0.0022487640380859375,
      "clean_scores": [
        0.0,
        0.0,
        0.0,
        0.0,
        0.0,
        0.0,
        0.0,
        0.0,
        0.0,
        0.0
      ],
      "ood_scores": [
        0.03632831573486328,
        0.060868263244628906,
        0.09835624694824219,
        0.09184455871582031,
        0.15120601654052734,
        0.022588729858398438,
        0.06327056884765625,
        0.09702396392822266,
        0.10964775085449219,
        0.2918539047241211,
        0.013427734375,
        0.0022487640380859375,
        0.010827064514160156,
        0.0256195068359375,
        0.054169654846191406,
        0.02398681640625,
        0.004656791687011719,
        0.015839576721191406,
        0.04718494415283203,
        0.06227397918701172
      ]
    },
    "gram_l1": {
      "auroc": 1.0,
      "clean_max": 0.0,
      "ood_min": 0.30687761306762695,
      "gap": 0.30687761306762695,
      "clean_scores": [
        0.0,
        0.0,
        0.0,
        0.0,
        0.0,
        0.0,
        0.0,
        0.0,
        0.0,
        0.0
      ],
      "ood_scores": [
        0.6605112552642822,
        0.48085179924964905,
        0.7194958329200745,
        0.9021709561347961,
        1.725653052330017,
        0.5439969301223755,
        0.30687761306762695,
        1.65708589553833,
        4.066720962524414,
        8.654275894165039,
        5.2351555824279785,
        8.665955543518066,
        8.688824653625488,
        7.439101219177246,
        6.147975444793701,
        0.3421078324317932,
        0.4570961892604828,
        0.8208436369895935,
        1.2254664897918701,
        1.8528281450271606
      ]
    },
    "gram_l3": {
      "auroc": 1.0,
      "clean_max": 0.0,
      "ood_min": 405.9325256347656,
      "gap": 405.9325256347656,
      "clean_scores": [
        0.0,
        0.0,
        0.0,
        0.0,
        0.0,
        0.0,
        0.0,
        0.0,
        0.0,
        0.0
      ],
      "ood_scores": [
        405.9325256347656,
        4605568.0,
        4607872.5,
        6387296.5,
        6370625.0,
        9891552.0,
        16192672.0,
        30390880.0,
        16191713.0,
        92559264.0,
        16199073.0,
        67468672.0,
        88853152.0,
        88852960.0,
        73404000.0,
        1767008.0,
        1766848.0,
        3546944.0,
        3549120.0,
        3548960.25
      ]
    },
    "gram_l15": {
      "auroc": 1.0,
      "clean_max": 0.0,
      "ood_min": 3521.3388671875,
      "gap": 3521.3388671875,
      "clean_scores": [
        0.0,
        0.0,
        0.0,
        0.0,
        0.0,
        0.0,
        0.0,
        0.0,
        0.0,
        0.0
      ],
      "ood_scores": [
        3521.3388671875,
        4602529.5,
        4605188.5,
        6367626.5,
        6327365.0,
        9885984.0,
        16232097.0,
        30414882.0,
        16230851.0,
        92516544.0,
        16231137.0,
        67464680.0,
        88841568.0,
        88855776.0,
        73413152.0,
        1765476.75,
        1765219.375,
        3543718.5,
        3543877.25,
        3560266.5
      ]
    },
    "max_logit": {
      "auroc": 0.85,
      "clean_max": -0.43316569924354553,
      "ood_min": -0.85548996925354,
      "gap": -0.4223242700099945,
      "clean_scores": [
        -0.43316569924354553,
        -0.43316569924354553,
        -0.43316569924354553,
        -0.43316569924354553,
        -0.43316569924354553,
        -0.43316569924354553,
        -0.43316569924354553,
        -0.43316569924354553,
        -0.43316569924354553,
        -0.43316569924354553
      ],
      "ood_scores": [
        -0.4308796525001526,
        -0.3692452013492584,
        -0.3038162887096405,
        -0.26206478476524353,
        -0.4758962392807007,
        -0.4499337077140808,
        -0.3178015351295471,
        -0.3209725618362427,
        -0.85548996925354,
        -0.12405622005462646,
        -0.30081987380981445,
        -0.20958839356899261,
        -0.20811723172664642,
        -0.10448916256427765,
        -0.09252607077360153,
        -0.2591857314109802,
        -0.36354753375053406,
        -0.21292324364185333,
        -0.24989332258701324,
        -0.2317647486925125
      ]
    },
    "entropy": {
      "auroc": 0.75,
      "clean_max": 2.3759944438934326,
      "ood_min": 0.8016027808189392,
      "gap": -1.5743916630744934,
      "clean_scores": [
        2.3759944438934326,
        2.3759944438934326,
        2.3759944438934326,
        2.3759944438934326,
        2.3759944438934326,
        2.3759944438934326,
        2.3759944438934326,
        2.3759944438934326,
        2.3759944438934326,
        2.3759944438934326
      ],
      "ood_scores": [
        2.4207332134246826,
        2.182889461517334,
        2.4064433574676514,
        2.466583251953125,
        2.0836243629455566,
        2.27312970161438,
        2.8491883277893066,
        3.029090642929077,
        0.8016027808189392,
        3.868842363357544,
        2.676992177963257,
        3.2244648933410645,
        3.3583333492279053,
        4.0157365798950195,
        4.127623558044434,
        2.6875641345977783,
        2.3466413021087646,
        2.648505449295044,
        2.5519020557403564,
        2.8855278491973877
      ]
    }
  },
  "per_corruption_auroc": {
    "cosine": {
      "fog": 1.0,
      "night": 1.0,
      "blur": 1.0,
      "noise": 1.0
    },
    "euclidean": {
      "fog": 1.0,
      "night": 1.0,
      "blur": 1.0,
      "noise": 1.0
    },
    "norm_diff": {
      "fog": 1.0,
      "night": 1.0,
      "blur": 1.0,
      "noise": 1.0
    },
    "gram_l3": {
      "fog": 1.0,
      "night": 1.0,
      "blur": 1.0,
      "noise": 1.0
    },
    "max_logit": {
      "fog": 0.8,
      "night": 0.6,
      "blur": 1.0,
      "noise": 1.0
    },
    "entropy": {
      "fog": 0.6,
      "night": 0.6,
      "blur": 1.0,