{
  "stale_calibration": {
    "cal42_test0": {
      "clean_dist": 6.61015510559082e-05,
      "ood_dists": {
        "fog": 0.0009739995002746582,
        "night": 0.002028167247772217,
        "noise": 0.0001246333122253418,
        "blur": 0.004852175712585449
      },
      "separable": true,
      "margin": 5.8531761169433594e-05
    },
    "cal42_test99": {
      "clean_dist": 6.99162483215332e-05,
      "ood_dists": {
        "fog": 0.000986635684967041,
        "night": 0.0019440054893493652,
        "noise": 0.00014203786849975586,
        "blur": 0.004637718200683594
      },
      "separable": true,
      "margin": 7.212162017822266e-05
    },
    "cal42_test123": {
      "clean_dist": 6.437301635742188e-05,
      "ood_dists": {
        "fog": 0.0010328292846679688,
        "night": 0.002025783061981201,
        "noise": 0.0001385211944580078,
        "blur": 0.004987955093383789
      },
      "separable": true,
      "margin": 7.414817810058594e-05
    },
    "cal42_test777": {
      "clean_dist": 6.431341171264648e-05,
      "ood_dists": {
        "fog": 0.0009545087814331055,
        "night": 0.001942276954650879,
        "noise": 0.00011479854583740234,
        "blur": 0.0043103694915771484
      },
      "separable": true,
      "margin": 5.048513412475586e-05
    },
    "cal42_test9999": {
      "clean_dist": 4.774332046508789e-05,
      "ood_dists": {
        "fog": 0.000948786735534668,
        "night": 0.002275824546813965,
        "noise": 0.0001035928726196289,
        "blur": 0.004696071147918701
      },
      "separable": true,
      "margin": 5.5849552154541016e-05
    }
  },
  "corrupted_calibration": {
    "fog_0.01": {
      "cal_clean_dist": 1.6391277313232422e-05,
      "ood_dists": [
        0.0008714795112609863,
        0.0019165277481079102,
        0.00011616945266723633,
        0.004275798797607422
      ],
      "auroc": 1.0
    },
    "fog_0.05": {
      "cal_clean_dist": 2.9385089874267578e-05,
      "ood_dists": [
        0.0007289648056030273,
        0.0020431876182556152,
        0.0001361370086669922,
        0.004099428653717041
      ],
      "auroc": 1.0
    },
    "fog_0.1": {
      "cal_clean_dist": 6.41942024230957e-05,
      "ood_dists": [
        0.0005599856376647949,
        0.002192556858062744,
        0.00018602609634399414,
        0.0039058327674865723
      ],
      "auroc": 1.0
    },
    "fog_0.2": {
      "cal_clean_dist": 0.0001785755157470703,
      "ood_dists": [
        0.00035125017166137695,
        0.00257188081741333,
        0.00033777952194213867,
        0.0037287473678588867
      ],
      "auroc": 1.0
    },
    "noise_0.01": {
      "cal_clean_dist": 3.874301910400391e-06,
      "ood_dists": [
        0.0009548664093017578,
        0.0019016861915588379,
        0.00010764598846435547,
        0.004437506198883057
      ],
      "auroc": 1.0
    },
    "noise_0.05": {
      "cal_clean_dist": 5.543231964111328e-06,
      "ood_dists": [
        0.0009884834289550781,
        0.0018979310989379883,
        9.864568710327148e-05,
        0.004478335380554199
      ],
      "auroc": 1.0
    },
    "noise_0.1": {
      "cal_clean_dist": 9.47713851928711e-06,
      "ood_dists": [
        0.0009862780570983887,
        0.0019039511680603027,
        9.107589721679688e-05,
        0.004467129707336426
      ],
      "auroc": 1.0
    },
    "noise_0.2": {
      "cal_clean_dist": 3.68952751159668e-05,
      "ood_dists": [
        0.0009554624557495117,
        0.0019176602363586426,
        7.2479248046875e-05,
        0.004407405853271484
      ],
      "auroc": 1.0
    },
    "blur_0.01": {
      "cal_clean_dist": -1.1920928955078125e-07,
      "ood_dists": [
        0.000938117504119873,
        0.0019241571426391602,
        0.00010597705841064453,
        0.004433274269104004
      ],
      "auroc": 1.0
    },
    "blur_0.05": {
      "cal_clean_dist": 0.00012671947479248047,
      "ood_dists": [
        0.00107574462890625,
        0.0020475387573242188,
        0.00018471479415893555,
        0.004368722438812256
      ],
      "auroc": 1.0
    },
    "blur_0.1": {
      "cal_clean_dist": 0.0006832480430603027,
      "ood_dists": [
        0.0011779069900512695,
        0.002163827419281006,
        0.0009092092514038086,
        0.0029954910278320312
      ],
      "auroc": 1.0
    },
    "blur_0.2": {
      "cal_clean_dist": 0.002077043056488037,
      "ood_dists": [
        0.0014454126358032227,
        0.0034297704696655273,
        0.0024470090866088867,
        0.0011668205261230469
      ],
      "auroc": 0.5
    }
  },
  "multi_scene_centroid": {
    "n=1": {
      "auroc": 1.0,
      "max_clean_dist": 0.00010192394256591797,
      "min_ood_dist": 0.00012832880020141602,
      "separable": true
    },
    "n=2": {
      "auroc": 1.0,
      "max_clean_dist": 6.848573684692383e-05,
      "min_ood_dist": 0.00010782480239868164,
      "separable": true
    },
    "n=3": {
      "auroc": 1.0,
      "max_clean_dist": 8.046627044677734e-05,
      "min_ood_dist": 0.00010013580322265625,
      "separable": true
    },
    "n=5": {
      "auroc": 1.0,
      "max_clean_dist": 6.097555160522461e-05,
      "min_ood_dist": 0.00010305643081665039,
      "separable": true
    },
    "n=8": {
      "auroc": 1.0,
      "max_clean_dist": 4.011392593383789e-05,
      "min_ood_dist": 8.33272933959961e-05,
      "separable": true
    }
  },
  "random_reference": {
    "trial_0": {
      "clean_dist": 1.0180823802947998,
      "auroc": 0.5
    },
    "trial_1": {
      "clean_dist": 0.9791917204856873,
      "auroc": 0.25
    },
    "trial_2": {
      "clean_dist": 0.9859950542449951,
      "auroc": 0.75
    },
    "trial_3": {
      "clean_dist": 1.008594036102295,
      "auroc": 0.5
    },
    "trial_4": {
      "clean_dist": 1.013347864151001,
      "auroc": 0.5
    }
  },
  "per_scene_vs_global": {
    "scene_42": {
      "per_scene_clean": 0.0,
      "global_clean": 2.491474151611328e-05,
      "per_scene_min_ood": 0.00010597705841064453,
      "global_min_ood": 8.654594421386719e-05,
      "per_scene_sep": true,
      "global_sep": true
    },
    "scene_99": {
      "per_scene_clean": 0.0,
      "global_clean": 3.1828880310058594e-05,
      "per_scene_min_ood": 0.00011909008026123047,
      "global_min_ood": 0.00010126829147338867,
      "per_scene_sep": true,
      "global_sep": true
    },
    "scene_777": {
      "per_scene_clean": 0.0,
      "global_clean": 3.0875205993652344e-05,
      "per_scene_min_ood": 0.00010126829147338867,
      "global_min_ood": 9.000301361083984e-05,
      "per_scene_sep": true,
      "global_sep": true
    }
  },
  "scene_drift": {
    "drift_0pct": {
      "clean_dist": -1.1920928955078125e-07,
      "ood_dists": [
        0.000938117504119873,
        0.004433274269104004
      ],
      "separable": true,
      "margin": 0.0009382367134094238
    },
    "drift_1pct": {
      "clean_dist": 3.5822391510009766e-05,
      "ood_dists": [
        0.0009292364120483398,
        0.0043833255767822266
      ],
      "separable": true,
      "margin": 0.0008934140205383301
    },
    "drift_2pct": {
      "clean_dist": 7.450580596923828e-06,
      "ood_dists": [
        0.0009211897850036621,
        0.0044345855712890625
      ],
      "separable": true,
      "margin": 0.0009137392044067383
    },
    "drift_5pct": {
      "clean_dist": 1.4126300811767578e-05,
      "ood_dists": [
        0.0008916854858398438,
        0.004373908042907715
      ],
      "separable": true,
      "margin": 0.0008775591850280762
    },
    "drift_10pct": {
      "clean_dist": 5.1140785217285156e-05,
      "ood_dists": [
        0.0007686018943786621,
        0.004333019256591797
      ],
      "separable": true,
      "margin": 0.000717461109161377
    },
    "drift_20pct": {
      "clean_dist": 0.0001417398452758789,
      "ood_dists": [
        0.0005967020988464355,
        0.0045511722564697266
      ],
      "separable": true,