{
  "experiment": "cal_efficiency",
  "experiment_number": 56,
  "timestamp": "20260314_175618",
  "n_cal_pool": 30,
  "n_test": 52,
  "n_trials": 5,
  "results": {
    "1": {
      "mean": 0.6440625000000001,
      "std": 0.11914982034187042,
      "min": 0.534375,
      "max": 0.8359375,
      "trials": [
        0.534375,
        0.728125,
        0.5859375,
        0.5359375,
        0.8359375
      ]
    },
    "2": {
      "mean": 0.7575000000000001,
      "std": 0.15353707308822842,
      "min": 0.48281250000000003,
      "max": 0.940625,
      "trials": [
        0.7375,
        0.940625,
        0.48281250000000003,
        0.7796875,
        0.8468749999999999
      ]
    },
    "3": {
      "mean": 0.7934375,
      "std": 0.08529819019182058,
      "min": 0.7171875,
      "max": 0.9109375,
      "trials": [
        0.7390625,
        0.7171875,
        0.9109375,
        0.8828125,
        0.7171875000000001
      ]
    },
    "5": {
      "mean": 0.8559375000000001,
      "std": 0.05126714652191985,
      "min": 0.7953125000000001,
      "max": 0.9390625,
      "trials": [
        0.7953125000000001,
        0.8875,
        0.821875,
        0.8359375,
        0.9390625
      ]
    },
    "7": {
      "mean": 0.871875,
      "std": 0.0842765629490192,
      "min": 0.709375,
      "max": 0.9390624999999999,
      "trials": [
        0.9390624999999999,
        0.9359374999999999,
        0.709375,
        0.8875,
        0.8875
      ]
    },
    "10": {
      "mean": 0.929375,
      "std": 0.027321866242993015,
      "min": 0.8796875,
      "max": 0.953125,
      "trials": [
        0.8796875,
        0.9453125,
        0.9484375,
        0.9203125,
        0.953125
      ]
    },
    "15": {
      "mean": 0.9134375,
      "std": 0.023019183575878604,
      "min": 0.8828125,
      "max": 0.9375,
      "trials": [
        0.8890625000000001,
        0.9375,
        0.9234375000000001,
        0.934375,
        0.8828125
      ]
    },
    "20": {
      "mean": 0.9209375,
      "std": 0.02512857561621829,
      "min": 0.875,
      "max": 0.9453125,
      "trials": [
        0.9140625,
        0.9359375000000001,
        0.9453125,
        0.934375,
        0.875
      ]
    },
    "25": {
      "mean": 0.9115624999999999,
      "std": 0.014743907640106753,
      "min": 0.8968750000000001,
      "max": 0.9390624999999999,
      "trials": [
        0.9015625,
        0.8968750000000001,
        0.9125,
        0.9078125,
        0.9390624999999999
      ]
    },
    "30": {
      "mean": 0.9328125,
      "std": 1.1102230246251565e-16,
      "min": 0.9328124999999999,
      "max": 0.9328124999999999,
      "trials": [
        0.9328124999999999,
        0.9328124999999999,
        0.9328124999999999,
        0.9328124999999999,
        0.9328124999999999
      ]
    }
  },
  "min_n_95": 10,
  "max_auroc": 0.9328125
}