{
  "n_scenes": 10,
  "clean_dist_stats": {
    "mean": 5.033288486931964e-05,
    "std": 1.994119398011129e-05,
    "min": 3.0565471091481555e-05,
    "max": 9.915246108593845e-05,
    "dists": [
      7.013322145865697e-05,
      5.448867252888512e-05,
      3.3973742515125416e-05,
      9.915246108593845e-05,
      5.426011570974776e-05,
      3.467150189395696e-05,
      3.0565471091481555e-05,
      3.9886344634698645e-05,
      3.8050651724241824e-05,
      4.8146666050463693e-05
    ]
  },
  "thresholds": {
    "2sigma": 9.021527282954222e-05,
    "3sigma": 0.00011015646680965351,
    "4sigma": 0.00013009766078976478,
    "max_clean": 9.915246108593845e-05,
    "1.5x_max": 0.00014872869162890767,
    "2x_max": 0.0001983049221718769
  },
  "roc_curves": {
    "fog": {
      "auroc": 1.0,
      "mean_ood_dist": 0.002983059453801806,
      "best_f1_threshold": 0.00010675199446079608,
      "best_f1_score": 1.0,
      "best_youdens_threshold": 0.00010675199446079608,
      "best_youdens_j": 1.0,
      "ood_dists": [
        0.002977328382279043,
        0.002979235448494988,
        0.002974369206382943,
        0.0030397112827679207,
        0.0029531863792244817,
        0.002956333121665433,
        0.0029618064410226186,
        0.0029821532986905597,
        0.003043918911046495,
        0.00296255206644358
      ]
    },
    "night": {
      "auroc": 1.0,
      "mean_ood_dist": 0.008454701505326378,
      "best_f1_threshold": 0.0001455474885802814,
      "best_f1_score": 1.0,
      "best_youdens_threshold": 0.0001455474885802814,
      "best_youdens_j": 1.0,
      "ood_dists": [
        0.0083734436532934,
        0.008195739302170657,
        0.00832695633334668,
        0.00847997873496531,
        0.008278635065611772,
        0.008651083774988355,
        0.00863166499248813,
        0.008371844479400203,
        0.008595428951419293,
        0.008642239765579984
      ]
    },
    "noise": {
      "auroc": 1.0,
      "mean_ood_dist": 0.00020569139543219483,
      "best_f1_threshold": 9.925813452215518e-05,
      "best_f1_score": 1.0,
      "best_youdens_threshold": 9.925813452215518e-05,
      "best_youdens_j": 1.0,
      "ood_dists": [
        0.00018130623555956404,
        0.0002958483945741941,
        0.0002642641226276998,
        0.0001982218848305406,
        0.0001851953528418937,
        0.00015721324039164042,
        0.00018505970961668616,
        0.00015388531061499844,
        0.0002639175532755944,
        0.00017200214998913665
      ]
    },
    "blur": {
      "auroc": 1.0,
      "mean_ood_dist": 0.006776261079157209,
      "best_f1_threshold": 0.00012629654286722136,
      "best_f1_score": 1.0,
      "best_youdens_threshold": 0.00012629654286722136,
      "best_youdens_j": 1.0,
      "ood_dists": [
        0.007374104376022039,
        0.006526583539944175,
        0.007146143209247113,
        0.006446316587426115,
        0.006567785397879611,
        0.0066805385787100935,
        0.006862634422214686,
        0.006824454496335619,
        0.006583992140224537,
        0.006750058043568097
      ]
    }
  },
  "threshold_performance": {
    "2sigma": {
      "threshold_value": 9.021527282954222e-05,
      "per_corruption": {
        "fog": {
          "tpr": 1.0,
          "fpr": 0.1
        },
        "night": {
          "tpr": 1.0,
          "fpr": 0.1
        },
        "noise": {
          "tpr": 1.0,
          "fpr": 0.1
        },
        "blur": {
          "tpr": 1.0,
          "fpr": 0.1
        }
      },
      "mean_tpr": 1.0,
      "max_fpr": 0.1
    },
    "3sigma": {
      "threshold_value": 0.00011015646680965351,
      "per_corruption": {
        "fog": {
          "tpr": 1.0,
          "fpr": 0.0
        },
        "night": {
          "tpr": 1.0,
          "fpr": 0.0
        },
        "noise": {
          "tpr": 1.0,
          "fpr": 0.0
        },
        "blur": {
          "tpr": 1.0,
          "fpr": 0.0
        }
      },
      "mean_tpr": 1.0,
      "max_fpr": 0.0
    },
    "4sigma": {
      "threshold_value": 0.00013009766078976478,
      "per_corruption": {
        "fog": {
          "tpr": 1.0,
          "fpr": 0.0
        },
        "night": {
          "tpr": 1.0,
          "fpr": 0.0
        },
        "noise": {
          "tpr": 1.0,
          "fpr": 0.0
        },
        "blur": {
          "tpr": 1.0,
          "fpr": 0.0
        }
      },
      "mean_tpr": 1.0,
      "max_fpr": 0.0
    },
    "max_clean": {
      "threshold_value": 9.915246108593845e-05,
      "per_corruption": {
        "fog": {
          "tpr": 1.0,
          "fpr": 0.0
        },
        "night": {
          "tpr": 1.0,
          "fpr": 0.0
        },
        "noise": {
          "tpr": 1.0,
          "fpr": 0.0
        },
        "blur": {
          "tpr": 1.0,
          "fpr": 0.0
        }
      },
      "mean_tpr": 1.0,
      "max_fpr": 0.0
    },
    "1.5x_max": {
      "threshold_value": 0.00014872869162890767,
      "per_corruption": {
        "fog": {
          "tpr": 1.0,
          "fpr": 0.0
        },
        "night": {
          "tpr": 1.0,
          "fpr": 0.0
        },
        "noise": {
          "tpr": 1.0,
          "fpr": 0.0
        },
        "blur": {
          "tpr": 1.0,
          "fpr": 0.0
        }
      },
      "mean_tpr": 1.0,
      "max_fpr": 0.0
    },
    "2x_max": {
      "threshold_value": 0.0001983049221718769,
      "per_corruption": {
        "fog": {
          "tpr": 1.0,
          "fpr": 0.0
        },
        "night": {
          "tpr": 1.0,
          "fpr": 0.0
        },
        "noise": {
          "tpr": 0.3,
          "fpr": 0.0
        },
        "blur": {
          "tpr": 1.0,
          "fpr": 0.0
        }
      },
      "mean_tpr": 0.825,
      "max_fpr": 0.0
    }
  },
  "severity_analysis": {
    "0.1": {
      "fog": {
        "auroc": 0.89,
        "tpr_3sigma": 0.1,
        "mean_dist": 9.14085887716909e-05
      },
      "night": {
        "auroc": 0.99,
        "tpr_3sigma": 0.8,
        "mean_dist": 0.0001258127500489148
      },
      "noise": {
        "auroc": 0.58,
        "tpr_3sigma": 0.0,
        "mean_dist": 5.438461822866447e-05
      },
      "blur": {
        "auroc": 1.0,
        "tpr_3sigma": 1.0,
        "mean_dist": 0.001230065023061011
      }
    },
    "0.25": {
      "fog": {
        "auroc": 1.0,
        "tpr_3sigma": 1.0,
        "mean_dist": 0.0002926368074588792
      },
      "night": {
        "auroc": 1.0,
        "tpr_3sigma": 1.0,
        "mean_dist": 0.000495078416779604
      },
      "noise": {
        "auroc": 0.59,
        "tpr_3sigma": 0.0,
        "mean_dist": 5.68978217630689e-05
      },
      "blur": {
        "auroc": 1.0,
        "tpr_3sigma": 1.0,
        "mean_dist": 0.0033874596344026786
      }
    },
    "0.5": {
      "fog": {
        "auroc": 1.0,
        "tpr_3sigma": 1.0,
        "mean_dist": 0.0009405230447297574
      },
      "night": {
        "auroc": 1.0,
        "tpr_3sigma": 1.0,
        "mean_dist": 0.0018994352786726564
      },
      "noise": {
        "auroc": 0.7,
        "tpr_3sigma": 0.1,
        "mean_dist": 6.720369153013772e-05
      },
      "blur": {
        "auroc": 1.0,
        "tpr_3sigma": 1.0,
        "mean_dist": 0.005216186031366299
      }
    },
    "0.75": {
      "fog": {
        "auroc": 1.0,
        "tpr_3sigma": 1.0,
        "mean_dist": 0.0018657989184216572
      },
      "night": {
        "auroc": 1.0,
        "tpr_3sigma": 1.0,
        "mean_dist": 0.003998729522892897
      },
      "noise": {
        "auroc": 0.95,
        "tpr_3sigma": 0.4,
        "mean_dist": 0.00010617535899349883
      },
      "blur": {
        "auroc": 1.0,
        "tpr_3sigma": 1.0,
        "mean_dist": 0.006184064384997956
      }
    },
    "1.0": {
      "fog": {
        "auroc": 1.0,
        "tpr_3sigma": 1.0,
        "mean_dist": 0.002983059453801806
      },
      "night": {
        "auroc": 1.0,
        "tpr_3sigma": 1.0,
        "mean_dist": 0.008454701505326378
      },