{
  "motion_blur": {
    "per_scene": {
      "s0_k3": 0.0006688833236694336,
      "s0_k5": 0.001598656177520752,
      "s0_k7": 0.0026221871376037598,
      "s0_k11": 0.003751099109649658,
      "s0_k15": 0.004314899444580078,
      "s100_k3": 0.0007623434066772461,
      "s100_k5": 0.0014696717262268066,
      "s100_k7": 0.0024500489234924316,
      "s100_k11": 0.003795802593231201,
      "s100_k15": 0.004508674144744873,
      "s200_k3": 0.0006019473075866699,
      "s200_k5": 0.0014886260032653809,
      "s200_k7": 0.0026376843452453613,
      "s200_k11": 0.0038759708404541016,
      "s200_k15": 0.004501402378082275,
      "s300_k3": 0.0006368756294250488,
      "s300_k5": 0.001583397388458252,
      "s300_k7": 0.0027254819869995117,
      "s300_k11": 0.0037881135940551758,
      "s300_k15": 0.004534780979156494,
      "s400_k3": 0.000541985034942627,
      "s400_k5": 0.0016191601753234863,
      "s400_k7": 0.002626955509185791,
      "s400_k11": 0.004122257232666016,
      "s400_k15": 0.004752635955810547
    },
    "summary": {
      "3": {
        "mean": 0.000642406940460205,
        "max": 0.0007623434066772461,
        "min": 0.000541985034942627
      },
      "5": {
        "mean": 0.0015519022941589355,
        "max": 0.0016191601753234863,
        "min": 0.0014696717262268066
      },
      "7": {
        "mean": 0.002612471580505371,
        "max": 0.0027254819869995117,
        "min": 0.0024500489234924316
      },
      "11": {
        "mean": 0.0038666486740112304,
        "max": 0.004122257232666016,
        "min": 0.003751099109649658
      },
      "15": {
        "mean": 0.004522478580474854,
        "max": 0.004752635955810547,
        "min": 0.004314899444580078
      }
    }
  },
  "sensor_noise": {
    "per_scene": {
      "s0_iso100": 7.212162017822266e-06,
      "s0_iso200": 7.867813110351562e-06,
      "s0_iso400": 1.245737075805664e-05,
      "s0_iso800": 3.147125244140625e-05,
      "s0_iso1600": 0.00018286705017089844,
      "s0_iso3200": 0.00044614076614379883,
      "s100_iso100": 3.874301910400391e-06,
      "s100_iso200": 3.7550926208496094e-06,
      "s100_iso400": 3.993511199951172e-05,
      "s100_iso800": 0.00011640787124633789,
      "s100_iso1600": 0.00021767616271972656,
      "s100_iso3200": 0.0006304383277893066,
      "s200_iso100": 6.496906280517578e-06,
      "s200_iso200": 5.602836608886719e-06,
      "s200_iso400": 1.4781951904296875e-05,
      "s200_iso800": 3.9637088775634766e-05,
      "s200_iso1600": 0.00011754035949707031,
      "s200_iso3200": 0.0005282163619995117,
      "s300_iso100": 5.066394805908203e-06,
      "s300_iso200": 9.894371032714844e-06,
      "s300_iso400": 3.9577484130859375e-05,
      "s300_iso800": 6.848573684692383e-05,
      "s300_iso1600": 0.00018292665481567383,
      "s300_iso3200": 0.0006616115570068359,
      "s400_iso100": 2.6226043701171875e-06,
      "s400_iso200": 1.1563301086425781e-05,
      "s400_iso400": 1.3828277587890625e-05,
      "s400_iso800": 8.910894393920898e-05,
      "s400_iso1600": 0.0001506805419921875,
      "s400_iso3200": 0.0004627704620361328
    },
    "summary": {
      "100": {
        "mean": 5.054473876953125e-06,
        "max": 7.212162017822266e-06
      },
      "200": {
        "mean": 7.736682891845704e-06,
        "max": 1.1563301086425781e-05
      },
      "400": {
        "mean": 2.4116039276123048e-05,
        "max": 3.993511199951172e-05
      },
      "800": {
        "mean": 6.902217864990234e-05,
        "max": 0.00011640787124633789
      },
      "1600": {
        "mean": 0.00017033815383911134,
        "max": 0.00021767616271972656
      },
      "3200": {
        "mean": 0.0005458354949951172,
        "max": 0.0006616115570068359
      }
    }
  },
  "exposure": {
    "per_scene": {
      "s0_ev-2.0": 0.004642665386199951,
      "s0_ev-1.0": 0.002256631851196289,
      "s0_ev-0.5": 0.0008706450462341309,
      "s0_ev-0.3": 0.000345766544342041,
      "s0_ev0.3": 0.0002943873405456543,
      "s0_ev0.5": 0.0008092522621154785,
      "s0_ev1.0": 0.002413809299468994,
      "s0_ev2.0": 0.004853785037994385,
      "s100_ev-2.0": 0.004305660724639893,
      "s100_ev-1.0": 0.0022562146186828613,
      "s100_ev-0.5": 0.0008627176284790039,
      "s100_ev-0.3": 0.00037938356399536133,
      "s100_ev0.3": 0.00029653310775756836,
      "s100_ev0.5": 0.0007966756820678711,
      "s100_ev1.0": 0.0022414326667785645,
      "s100_ev2.0": 0.004533231258392334,
      "s200_ev-2.0": 0.004669010639190674,
      "s200_ev-1.0": 0.0021442174911499023,
      "s200_ev-0.5": 0.0008860230445861816,
      "s200_ev-0.3": 0.00036519765853881836,
      "s200_ev0.3": 0.0002955198287963867,
      "s200_ev0.5": 0.0008262991905212402,
      "s200_ev1.0": 0.0022981762886047363,
      "s200_ev2.0": 0.004772365093231201,
      "s300_ev-2.0": 0.004389464855194092,
      "s300_ev-1.0": 0.0021346211433410645,
      "s300_ev-0.5": 0.000793755054473877,
      "s300_ev-0.3": 0.00033545494079589844,
      "s300_ev0.3": 0.0003032684326171875,
      "s300_ev0.5": 0.0008028149604797363,
      "s300_ev1.0": 0.0022464990615844727,
      "s300_ev2.0": 0.0045098066329956055,
      "s400_ev-2.0": 0.004294991493225098,
      "s400_ev-1.0": 0.0019164681434631348,
      "s400_ev-0.5": 0.0008056759834289551,
      "s400_ev-0.3": 0.00032722949981689453,
      "s400_ev0.3": 0.0003135800361633301,
      "s400_ev0.5": 0.0008224248886108398,
      "s400_ev1.0": 0.0023487210273742676,
      "s400_ev2.0": 0.004738509654998779
    },
    "summary": {
      "-2.0": {
        "mean": 0.004460358619689941,
        "max": 0.004669010639190674
      },
      "-1.0": {
        "mean": 0.0021416306495666503,
        "max": 0.002256631851196289
      },
      "-0.5": {
        "mean": 0.0008437633514404297,
        "max": 0.0008860230445861816
      },
      "-0.3": {
        "mean": 0.0003506064414978027,
        "max": 0.00037938356399536133
      },
      "0.3": {
        "mean": 0.0003006577491760254,
        "max": 0.0003135800361633301
      },
      "0.5": {
        "mean": 0.0008114933967590332,
        "max": 0.0008262991905212402
      },
      "1.0": {
        "mean": 0.002309727668762207,
        "max": 0.002413809299468994
      },
      "2.0": {
        "mean": 0.004681539535522461,
        "max": 0.004853785037994385
      }
    }
  },
  "white_balance": {
    "per_scene": {
      "s0_wb-3": 0.0001118779182434082,
      "s0_wb-2": 6.097555160522461e-05,
      "s0_wb-1": 2.4497509002685547e-05,
      "s0_wb1": 3.153085708618164e-05,
      "s0_wb2": 8.350610733032227e-05,
      "s0_wb3": 0.00016826391220092773,
      "s100_wb-3": 9.751319885253906e-05,
      "s100_wb-2": 4.661083221435547e-05,
      "s100_wb-1": 1.5854835510253906e-05,
      "s100_wb1": 6.16908073425293e-05,
      "s100_wb2": 0.00011849403381347656,
      "s100_wb3": 0.00023859739303588867,
      "s200_wb-3": 0.00011712312698364258,
      "s200_wb-2": 5.40614128112793e-05,
      "s200_wb-1": 1.7464160919189453e-05,
      "s200_wb1": 2.962350845336914e-05,
      "s200_wb2": 7.748603820800781e-05,
      "s200_wb3": 0.00014209747314453125,
      "s300_wb-3": 0.0001297593116760254,
      "s300_wb-2": 5.805492401123047e-05,
      "s300_wb-1": 3.0100345611572266e-05,
      "s300_wb1": 2.7239322662353516e-05,
      "s300_wb2": 8.320808410644531e-05,
      "s300_wb3": 0.0001494884490966797,
      "s400_wb-3": 0.00011515617370605469,
      "s400_wb-2": 6.186962127685547e-05,
      "s400_wb-1": 2.7000904083251953e-05,
      "s400_wb1": 2.7120113372802734e-05,
      "s400_wb2": 8.946657180786133e-05,
      "s400_wb3": 0.00019294023513793945
    },
    "summary": {
      "-3": {
        "mean": 0.00011428594589233399,
        "max": 0.0001297593116760254
      },
      "-2": {
        "mean": 5.631446838378906e-05,
        "max": 6.186962127685547e-05
      },
      "-1": {
        "mean": 2.2983551025390626e-05,
        "max": 3.0100345611572266e-05
      },
      "1": {
        "mean": 3.544092178344727e-05,