{
  "experiment": "combined_metric",
  "experiment_number": 274,
  "timestamp": "20260315_090527",
  "results": {
    "metrics": {
      "id": {
        "cos_d_3": [
          0.0,
          1.1920928955078125e-07,
          0.0,
          1.1920928955078125e-07,
          0.0
        ],
        "cos_d_31": [
          0.0,
          0.0,
          5.960464477539063e-08,
          0.0,
          -1.1920928955078125e-07
        ],
        "norm_change": [
          0.0,
          0.0,
          0.0,
          0.0,
          0.0
        ],
        "attn_ent_change": [
          0.0,
          0.0,
          0.0,
          0.0,
          0.0
        ],
        "output_ent": [
          2.5617291927337646,
          2.3400683403015137,
          3.00692081451416,
          2.7310566902160645,
          1.8904917240142822
        ],
        "top1_prob": [
          0.37511271238327026,
          0.41266322135925293,
          0.15320049226284027,
          0.1796967089176178,
          0.5384225845336914
        ]
      },
      "fog": {
        "cos_d_3": [
          0.0029307007789611816,
          0.002658665180206299,
          0.0030687451362609863,
          0.0026782751083374023,
          0.002913534641265869
        ],
        "cos_d_31": [
          0.10904467105865479,
          0.11995148658752441,
          0.11749976873397827,
          0.10201424360275269,
          0.12774819135665894
        ],
        "norm_change": [
          0.0049015052260750576,
          0.012638870411350601,
          0.05009997074980017,
          0.010096243255318297,
          0.028404611401848474
        ],
        "attn_ent_change": [
          0.06451714038848877,
          0.08284389972686768,
          0.07846653461456299,
          0.08721089363098145,
          0.18412816524505615
        ],
        "output_ent": [
          2.042552947998047,
          1.770859718322754,
          1.4644403457641602,
          2.7368788719177246,
          2.0528759956359863
        ],
        "top1_prob": [
          0.36824220418930054,
          0.6009581089019775,
          0.5028072595596313,
          0.2516539692878723,
          0.541615903377533
        ]
      },
      "night": {
        "cos_d_3": [
          0.008138477802276611,
          0.007714748382568359,
          0.008422136306762695,
          0.00788259506225586,
          0.008148133754730225
        ],
        "cos_d_31": [
          0.2629309296607971,
          0.2934006452560425,
          0.2627241611480713,
          0.2550082802772522,
          0.25378525257110596
        ],
        "norm_change": [
          0.0018725361749206628,
          0.005738563861182992,
          0.01572025385445786,
          0.0012404728011741436,
          0.030741609774885194
        ],
        "attn_ent_change": [
          0.5838629007339478,
          0.48697757720947266,
          0.5438512563705444,
          0.6223735809326172,
          0.5309642553329468
        ],
        "output_ent": [
          3.709620237350464,
          3.7216498851776123,
          3.8604226112365723,
          3.7978813648223877,
          3.9082703590393066
        ],
        "top1_prob": [
          0.1483062356710434,
          0.13447876274585724,
          0.11594006419181824,
          0.1126125156879425,
          0.1317778378725052
        ]
      },
      "noise": {
        "cos_d_3": [
          0.00047463178634643555,
          0.0005957484245300293,
          0.0005658268928527832,
          0.00041365623474121094,
          0.0004642605781555176
        ],
        "cos_d_31": [
          0.06859958171844482,
          0.06573665142059326,
          0.08277440071105957,
          0.07049137353897095,
          0.06132131814956665
        ],
        "norm_change": [
          0.036077677817567766,
          0.009603232080587467,
          0.007031711966398044,
          0.000793813307844842,
          0.04545272813629191
        ],
        "attn_ent_change": [
          0.009871721267700195,
          0.030513763427734375,
          0.09605038166046143,
          0.08073222637176514,
          0.03420555591583252
        ],
        "output_ent": [
          3.1581668853759766,
          2.8737993240356445,
          2.479861259460449,
          0.8565797805786133,
          2.6827516555786133
        ],
        "top1_prob": [
          0.14519540965557098,
          0.27940332889556885,
          0.2432347983121872,
          0.8474913239479065,
          0.24125143885612488
        ]
      },
      "blur": {
        "cos_d_3": [
          0.005228877067565918,
          0.004846036434173584,
          0.005961596965789795,
          0.005885481834411621,
          0.005426585674285889
        ],
        "cos_d_31": [
          0.27303236722946167,
          0.31245338916778564,
          0.27541834115982056,
          0.2541325092315674,
          0.25588613748550415
        ],
        "norm_change": [
          0.0057000611407109795,
          0.012471635677492734,
          0.023994122303112035,
          0.03187247953701547,
          0.01840844453741523
        ],
        "attn_ent_change": [
          0.27114272117614746,
          0.33417224884033203,
          0.4881340265274048,
          0.11575031280517578,
          0.14706456661224365
        ],
        "output_ent": [
          3.6915366649627686,
          2.1540815830230713,
          3.9410312175750732,
          3.8111369609832764,
          3.226632833480835
        ],
        "top1_prob": [
          0.2546921372413635,
          0.5655574202537537,
          0.1416529268026352,
          0.14301122725009918,
          0.21284370124340057
        ]
      }
    },
    "individual_aurocs": {
      "cos_d_3_fog": 1.0,
      "cos_d_3_night": 1.0,
      "cos_d_3_noise": 1.0,
      "cos_d_3_blur": 1.0,
      "cos_d_31_fog": 1.0,
      "cos_d_31_night": 1.0,
      "cos_d_31_noise": 1.0,
      "cos_d_31_blur": 1.0,
      "norm_change_fog": 1.0,
      "norm_change_night": 1.0,
      "norm_change_noise": 1.0,
      "norm_change_blur": 1.0,
      "attn_ent_change_fog": 1.0,
      "attn_ent_change_night": 1.0,
      "attn_ent_change_noise": 1.0,
      "attn_ent_change_blur": 1.0
    },
    "combined_aurocs": {
      "w3=1_w31=0_wnorm=0_wattn=0_fog": 1.0,
      "w3=1_w31=0_wnorm=0_wattn=0_night": 1.0,
      "w3=1_w31=0_wnorm=0_wattn=0_noise": 1.0,
      "w3=1_w31=0_wnorm=0_wattn=0_blur": 1.0,
      "w3=0_w31=1_wnorm=0_wattn=0_fog": 1.0,
      "w3=0_w31=1_wnorm=0_wattn=0_night": 1.0,
      "w3=0_w31=1_wnorm=0_wattn=0_noise": 1.0,
      "w3=0_w31=1_wnorm=0_wattn=0_blur": 1.0,
      "w3=0_w31=0_wnorm=1_wattn=0_fog": 1.0,
      "w3=0_w31=0_wnorm=1_wattn=0_night": 1.0,
      "w3=0_w31=0_wnorm=1_wattn=0_noise": 1.0,
      "w3=0_w31=0_wnorm=1_wattn=0_blur": 1.0,
      "w3=0_w31=0_wnorm=0_wattn=1_fog": 1.0,
      "w3=0_w31=0_wnorm=0_wattn=1_night": 1.0,
      "w3=0_w31=0_wnorm=0_wattn=1_noise": 1.0,
      "w3=0_w31=0_wnorm=0_wattn=1_blur": 1.0,
      "w3=1_w31=1_wnorm=0_wattn=0_fog": 1.0,
      "w3=1_w31=1_wnorm=0_wattn=0_night": 1.0,
      "w3=1_w31=1_wnorm=0_wattn=0_noise": 1.0,
      "w3=1_w31=1_wnorm=0_wattn=0_blur": 1.0,
      "w3=1_w31=0_wnorm=1_wattn=0_fog": 1.0,
      "w3=1_w31=0_wnorm=1_wattn=0_night": 1.0,
      "w3=1_w31=0_wnorm=1_wattn=0_noise": 1.0,
      "w3=1_w31=0_wnorm=1_wattn=0_blur": 1.0,
      "w3=1_w31=0_wnorm=0_wattn=1_fog": 1.0,
      "w3=1_w31=0_wnorm=0_wattn=1_night": 1.0,
      "w3=1_w31=0_wnorm=0_wattn=1_noise": 1.0,
      "w3=1_w31=0_wnorm=0_wattn=1_blur": 1.0,
      "w3=1_w31=1_wnorm=1_wattn=1_fog": 1.0,
      "w3=1_w31=1_wnorm=1_wattn=1_night": 1.0,
      "w3=1_w31=1_wnorm=1_wattn=1_noise": 1.0,
      "w3=1_w31=1_wnorm=1_wattn=1_blur": 1.0
    }
  }
}