{
  "experiment": "computational_cost_profile",
  "experiment_number": 452,
  "timestamp": "20260315_212854",
  "gpu": "NVIDIA A40",
  "model": "openvla/openvla-7b",
  "prompt": "In: What action should the robot take to pick up the object?\nOut:",
  "forward_pass_timing": {
    "without_hidden_states": {
      "mean_ms": 123.41040831059217,
      "std_ms": 32.3396289842828,
      "min_ms": 87.68539689481258,
      "max_ms": 175.47658272087574,
      "times_ms": [
        97.21625130623579,
        102.66396962106228,
        166.48910474032164,
        101.31431557238102,
        101.33739002048969,
        171.43983952701092,
        98.52384310215712,
        99.45196099579334,
        166.72306321561337,
        104.57497648894787,
        99.13905616849661,
        172.46717493981123,
        100.25142878293991,
        97.32067864388227,
        120.30868045985699,
        167.47604496777058,
        99.50767271220684,
        104.18014694005251,
        173.0500515550375,
        97.75033593177795,
        99.95153918862343,
        167.49589890241623,
        121.92787602543831,
        99.62472878396511,
        167.6681013777852,
        99.70695804804564,
        105.26131372898817,
        167.63574443757534,
        105.70080298930407,
        97.7258887141943,
        166.4728820323944,
        107.86290559917688,
        121.6620272025466,
        161.48423310369253,
        98.81133027374744,
        96.38437069952488,
        88.468830101192,
        87.68539689481258,
        88.48128654062748,
        103.97917777299881,
        167.4658004194498,
        100.1417813822627,
        102.31949388980865,
        174.21241849660873,
        101.03961080312729,
        174.92268234491348,
        104.99010607600212,
        172.48124536126852,
        102.29341592639685,
        175.47658272087574
      ],
      "n_warmup": 20,
      "n_timed": 50,
      "use_hidden_states": false
    },
    "with_hidden_states": {
      "mean_ms": 129.36193637549877,
      "std_ms": 29.898720482376174,
      "min_ms": 98.52586127817631,
      "max_ms": 171.8734074383974,
      "times_ms": [
        99.70107395201921,
        165.95121659338474,
        104.71710562705994,
        104.87170796841383,
        166.6612857952714,
        101.48110426962376,
        104.59193494170904,
        171.82877473533154,
        99.07031245529652,
        167.3943791538477,
        106.78093414753675,
        168.3386266231537,
        100.28659086674452,
        104.6399874612689,
        163.63604739308357,
        111.72552965581417,
        166.7188424617052,
        101.87632776796818,
        101.80260613560677,
        167.14792139828205,
        101.56763065606356,
        171.8734074383974,
        100.48382729291916,
        99.61582068353891,
        167.5021843984723,
        105.50635401159525,
        167.43191052228212,
        106.49757646024227,
        98.52586127817631,
        166.26669745892286,
        105.4383534938097,
        144.5680083706975,
        145.58575209230185,
        100.478352047503,
        166.1751363426447,
        102.50663291662931,
        124.68959484249353,
        168.46673656255007,
        99.83258787542582,
        167.85262804478407,
        105.50325084477663,
        137.35879119485617,
        149.51939973980188,
        100.29956232756376,
        125.16848463565111,
        167.53425356000662,
        103.05159352719784,
        121.7106580734253,
        168.36354043334723,
        99.49992224574089
      ],
      "n_warmup": 20,
      "n_timed": 50,
      "use_hidden_states": true
    },
    "overhead_ms": 5.951528064906597,
    "overhead_percent": 4.8225495291516545
  },
  "hidden_state_extraction": {
    "operation": "hidden_state_slice_last_token_layer3",
    "n_reps": 10000,
    "mean_us": 6.656428147107363,
    "std_us": 132.59174866682858,
    "min_us": 5.159527063369751,
    "max_us": 13265.131041407585
  },
  "cosine_distance_timing": {
    "operation": "cosine_distance_numpy",
    "embedding_dim": 4096,
    "n_reps": 1000,
    "mean_us": 7.574085146188736,
    "std_us": 1.6140819022462973,
    "min_us": 7.275491952896118,
    "max_us": 56.63372576236725
  },
  "full_pipeline_timing": {
    "operation": "full_ood_detection_pipeline",
    "layer_idx": 3,
    "threshold": 0.3,
    "n_reps": 20,
    "total_mean_ms": 127.45101605542004,
    "total_std_ms": 30.256376113033856,
    "total_min_ms": 84.30654741823673,
    "total_max_ms": 168.4920759871602,
    "breakdown": {
      "extract_embedding_mean_us": 98.41285645961761,
      "cosine_distance_mean_us": 36.42779774963856,
      "threshold_comparison_mean_us": 0.34491531550884247
    }
  },
  "memory_overhead": {
    "without_hidden_states": {
      "peak_allocated_bytes": 15578761728,
      "delta_from_baseline_bytes": 210292736,
      "delta_from_baseline_mb": 200.55078125
    },
    "with_hidden_states": {
      "peak_allocated_bytes": 15838366208,
      "delta_from_baseline_bytes": 282955776,
      "delta_from_baseline_mb": 269.84765625
    },
    "memory_overhead_bytes": 259604480,
    "memory_overhead_mb": 247.578125
  },
  "batch_size_scaling": {
    "1": {
      "batch_size": 1,
      "mean_ms": 83.57100654393435,
      "std_ms": 0.5754126408205132,
      "min_ms": 82.58813247084618,
      "max_ms": 84.6312241628766,
      "per_sample_mean_ms": 83.57100654393435
    },
    "2": {
      "batch_size": 2,
      "mean_ms": 121.81242308579385,
      "std_ms": 0.4951936864099828,
      "min_ms": 121.07206974178553,
      "max_ms": 123.3155932277441,
      "per_sample_mean_ms": 60.906211542896926
    },
    "4": {
      "batch_size": 4,
      "mean_ms": 204.95952828787267,
      "std_ms": 0.7243202531434715,
      "min_ms": 203.6919267848134,
      "max_ms": 206.73478301614523,
      "per_sample_mean_ms": 51.23988207196817
    }
  },
  "summary": {
    "baseline_forward_pass_ms": 123.41040831059217,
    "with_hidden_states_ms": 129.36193637549877,
    "forward_pass_overhead_ms": 5.951528064906597,
    "forward_pass_overhead_percent": 4.8225495291516545,
    "post_forward_overhead_total_us": 14.575428608804941,
    "post_forward_overhead_total_ms": 0.014575428608804942,
    "detection_adds_zero_overhead": false
  }
}