{
  "experiment": "compute_cost",
  "experiment_number": 46,
  "timestamp": "20260314_165713",
  "n_trials": 10,
  "results": {
    "baseline": {
      "mean": 0.2938931373879313,
      "std": 0.011609584216679777
    },
    "scores_only": {
      "mean": 0.29144922234117987,
      "std": 0.005682212223931794
    },
    "hidden_only": {
      "mean": 0.2940011566504836,
      "std": 0.0037758303918026385
    },
    "both": {
      "mean": 0.2940070473589003,
      "std": 0.002227629267352568
    },
    "mc_dropout_5": {
      "mean": 1.3846066867311795,
      "std": 0.006772909719565454,
      "n_passes": 5
    },
    "mc_dropout_10": {
      "mean": 2.706918848057588,
      "std": 0.02379815778632735,
      "n_passes": 10
    },
    "mc_dropout_20": {
      "mean": 5.390387183365722,
      "std": 0.014298719406163729,
      "n_passes": 20
    },
    "gpu_memory": {
      "allocated_gb": 15.335126016,
      "reserved_gb": 15.911092224,
      "peak_gb": 15.716708864
    },
    "post_processing": {
      "centroid_us": 35.38033366203308,
      "cosine_us": 7.581245806068182,
      "perscene_us": 31.28240620717406
    }
  }
}