{
  "individual_baselines": {
    "fog": 0.0011446359167571751,
    "night": 0.00204567171201675,
    "noise": 7.394079765599137e-05,
    "blur": 0.005688024584865614
  },
  "pairwise": {
    "fog+night": {
      "dist": 0.001451923438160252,
      "dist_reversed": 0.001050648451550229,
      "order_effect": 0.0004012749866100229,
      "sum_individual": 0.003190307628773925,
      "sub_additivity": 0.4551045250511607,
      "is_sub_additive": true
    },
    "fog+noise": {
      "dist": 0.0008271625195329646,
      "dist_reversed": 0.0010157396790492212,
      "order_effect": 0.00018857715951625664,
      "sum_individual": 0.0012185767144131665,
      "sub_additivity": 0.6787939649177555,
      "is_sub_additive": true
    },
    "fog+blur": {
      "dist": 0.005457402717272908,
      "dist_reversed": 0.005423039370568206,
      "order_effect": 3.43633467047022e-05,
      "sum_individual": 0.006832660501622789,
      "sub_additivity": 0.7987229448875367,
      "is_sub_additive": true
    },
    "night+noise": {
      "dist": 0.0017283405361649962,
      "dist_reversed": 0.001970708466432325,
      "order_effect": 0.00024236793026732872,
      "sum_individual": 0.0021196125096727414,
      "sub_additivity": 0.8154040081749867,
      "is_sub_additive": true
    },
    "night+blur": {
      "dist": 0.008098358265896888,
      "dist_reversed": 0.008094343568463946,
      "order_effect": 4.014697432941361e-06,
      "sum_individual": 0.007733696296882364,
      "sub_additivity": 1.0471523518658894,
      "is_sub_additive": false
    },
    "noise+blur": {
      "dist": 0.005756593005239341,
      "dist_reversed": 0.00044794346469723134,
      "order_effect": 0.00530864954054211,
      "sum_individual": 0.0057619653825216055,
      "sub_additivity": 0.9990676137523212,
      "is_sub_additive": true
    }
  },
  "triple": {
    "fog+night+noise": {
      "dist": 0.0009573983314510315,
      "sum_individual": 0.0032642484264299165,
      "ratio": 0.29329824399980814
    },
    "fog+night+blur": {
      "dist": 0.008483301139127764,
      "sum_individual": 0.00887833221363954,
      "ratio": 0.9555061620802047
    },
    "fog+noise+blur": {
      "dist": 0.005066317568100498,
      "sum_individual": 0.006906601299278781,
      "ratio": 0.7335471310077717
    },
    "night+noise+blur": {
      "dist": 0.007686945659914679,
      "sum_individual": 0.0078076370945383555,
      "ratio": 0.9845418744285511
    }
  },
  "quadruple": {
    "dist": 0.007741229218464651,
    "sum_individual": 0.00895227301129553,
    "ratio": 0.864722200573771
  },
  "severity_balancing": {
    "fog+night": [
      {
        "s1": 0.2,
        "s2": 0.8,
        "dist": 0.004716018454851256
      },
      {
        "s1": 0.4,
        "s2": 0.6,
        "dist": 0.002478534612334271
      },
      {
        "s1": 0.5,
        "s2": 0.5,
        "dist": 0.001451923438160252
      },
      {
        "s1": 0.6,
        "s2": 0.4,
        "dist": 0.0007911744910749086
      },
      {
        "s1": 0.8,
        "s2": 0.19999999999999996,
        "dist": 0.0016226652125195251
      }
    ],
    "fog+noise": [
      {
        "s1": 0.2,
        "s2": 0.8,
        "dist": 0.00014156385297536822
      },
      {
        "s1": 0.4,
        "s2": 0.6,
        "dist": 0.0004945895740141593
      },
      {
        "s1": 0.5,
        "s2": 0.5,
        "dist": 0.0008271625195329646
      },
      {
        "s1": 0.6,
        "s2": 0.4,
        "dist": 0.001260466590428
      },
      {
        "s1": 0.8,
        "s2": 0.19999999999999996,
        "dist": 0.0023273380793007448
      }
    ],
    "noise+blur": [
      {
        "s1": 0.2,
        "s2": 0.8,
        "dist": 0.007553330285751225
      },
      {
        "s1": 0.4,
        "s2": 0.6,
        "dist": 0.006530341283554453
      },
      {
        "s1": 0.5,
        "s2": 0.5,
        "dist": 0.005756593005239341
      },
      {
        "s1": 0.6,
        "s2": 0.4,
        "dist": 0.005221670981152893
      },
      {
        "s1": 0.8,
        "s2": 0.19999999999999996,
        "dist": 0.0027151461236351038
      }
    ]
  },
  "compound_aurocs": {
    "fog+night": 1.0,
    "fog+noise": 1.0,
    "fog+blur": 1.0,
    "night+noise": 1.0,
    "night+blur": 1.0,
    "noise+blur": 1.0,
    "fog+night+noise": 1.0,
    "fog+night+blur": 1.0,
    "fog+noise+blur": 1.0,
    "night+noise+blur": 1.0,
    "all": 1.0
  }
}