{
  "experiment": "concentration_bounds",
  "experiment_number": 287,
  "timestamp": "20260315_095635",
  "rerun_distances": [
    0.0,
    0.0,
    0.0,
    0.0,
    0.0
  ],
  "rerun_mean": 0.0,
  "rerun_std": 0.0,
  "cross_clean_distances": [
    2.562999725341797e-06,
    2.5033950805664062e-06,
    2.5033950805664062e-06,
    2.562999725341797e-06,
    0.0,
    2.4437904357910156e-06,
    2.5033950805664062e-06,
    2.562999725341797e-06,
    2.5033950805664062e-06,
    1.1920928955078125e-07,
    5.960464477539063e-08,
    5.960464477539063e-08,
    2.6226043701171875e-06,
    5.960464477539063e-08,
    5.960464477539063e-08,
    1.7881393432617188e-07,
    1.1920928955078125e-07,
    5.960464477539063e-08,
    0.0,
    2.5033950805664062e-06,
    1.1920928955078125e-07,
    0.0,
    0.0,
    5.960464477539063e-08,
    5.960464477539063e-08,
    2.5033950805664062e-06,
    0.0,
    0.0,
    0.0,
    5.960464477539063e-08,
    2.562999725341797e-06,
    1.1920928955078125e-07,
    0.0,
    0.0,
    0.0,
    2.5033950805664062e-06,
    2.4437904357910156e-06,
    2.562999725341797e-06,
    2.5033950805664062e-06,
    5.960464477539063e-08,
    0.0,
    5.960464477539063e-08,
    0.0,
    0.0,
    5.960464477539063e-08
  ],
  "cross_clean_mean": 9.258588155110677e-07,
  "cross_clean_std": 1.1865566763331535e-06,
  "corruption_distances": {
    "fog_sev0.3": {
      "distances": [
        2.682209014892578e-06,
        0.0,
        2.5033950805664062e-06,
        2.6226043701171875e-06,
        2.562999725341797e-06,
        2.5033950805664062e-06,
        2.5033950805664062e-06,
        2.562999725341797e-06,
        2.5033950805664062e-06,
        2.5033950805664062e-06
      ],
      "mean": 2.294778823852539e-06,
      "std": 7.671421125797377e-07,
      "min": 0.0,
      "max": 2.682209014892578e-06
    },
    "fog_sev0.5": {
      "distances": [
        1.0251998901367188e-05,
        2.682209014892578e-06,
        8.940696716308594e-07,
        2.5033950805664062e-06,
        6.556510925292969e-07,
        1.0192394256591797e-05,
        2.5033950805664062e-06,
        7.152557373046875e-07,
        8.940696716308594e-07,
        7.152557373046875e-07
      ],
      "mean": 3.2007694244384767e-06,
      "std": 3.596096956141563e-06,
      "min": 6.556510925292969e-07,
      "max": 1.0251998901367188e-05
    },
    "fog_sev0.7": {
      "distances": [
        6.556510925292969e-07,
        2.7418136596679688e-06,
        8.940696716308594e-07,
        8.344650268554688e-07,
        8.344650268554688e-07,
        6.556510925292969e-07,
        8.344650268554688e-07,
        7.152557373046875e-07,
        8.344650268554688e-07,
        9.5367431640625e-07
      ],
      "mean": 9.953975677490234e-07,
      "std": 5.894836086978814e-07,
      "min": 6.556510925292969e-07,
      "max": 2.7418136596679688e-06
    },
    "fog_sev1.0": {
      "distances": [
        5.662441253662109e-06,
        1.0132789611816406e-06,
        8.344650268554688e-07,
        1.1324882507324219e-06,
        1.0728836059570312e-06,
        7.748603820800781e-07,
        1.1324882507324219e-06,
        8.344650268554688e-07,
        1.2516975402832031e-06,
        1.0132789611816406e-06
      ],
      "mean": 1.4722347259521484e-06,
      "std": 1.4042049775125659e-06,
      "min": 7.748603820800781e-07,
      "max": 5.662441253662109e-06
    },
    "night_sev0.3": {
      "distances": [
        0.0,
        2.205371856689453e-06,
        3.0994415283203125e-06,
        2.205371856689453e-06,
        1.1920928955078125e-07,
        5.960464477539063e-08,
        2.205371856689453e-06,
        3.039836883544922e-06,
        1.7881393432617188e-07,
        2.9206275939941406e-06
      ],
      "mean": 1.6033649444580077e-06,
      "std": 1.2771121026756116e-06,
      "min": 0.0,
      "max": 3.0994415283203125e-06
    },
    "night_sev0.5": {
      "distances": [
        3.337860107421875e-06,
        5.960464477539063e-08,
        9.5367431640625e-07,
        1.7881393432617188e-07,
        9.5367431640625e-07,
        3.337860107421875e-06,
        1.0728836059570312e-06,
        1.0132789611816406e-06,
        1.1920928955078125e-06,
        1.0728836059570312e-06
      ],
      "mean": 1.317262649536133e-06,
      "std": 1.0740254207278962e-06,
      "min": 5.960464477539063e-08,
      "max": 3.337860107421875e-06
    },
    "night_sev0.7": {
      "distances": [
        3.2782554626464844e-06,
        1.7881393432617188e-07,
        5.960464477539063e-08,
        2.384185791015625e-07,
        1.1920928955078125e-07,
        3.3974647521972656e-06,
        2.384185791015625e-07,
        1.1920928955078125e-07,
        1.1920928955078125e-07,
        1.7881393432617188e-07
      ],
      "mean": 7.927417755126954e-07,
      "std": 1.2739368648456865e-06,
      "min": 5.960464477539063e-08,
      "max": 3.3974647521972656e-06
    },
    "night_sev1.0": {
      "distances": [
        1.8477439880371094e-06,
        3.874301910400391e-06,
        4.231929779052734e-06,
        1.5497207641601562e-06,
        4.112720489501953e-06,
        2.086162567138672e-06,
        2.3245811462402344e-06,
        2.1457672119140625e-06,
        4.231929779052734e-06,
        2.0265579223632812e-06
      ],
      "mean": 2.843141555786133e-06,
      "std": 1.0578942933766804e-06,
      "min": 1.5497207641601562e-06,
      "max": 4.231929779052734e-06
    },
    "blur_sev0.3": {
      "distances": [
        4.887580871582031e-06,
        2.384185791015625e-06,
        6.377696990966797e-06,
        3.4570693969726562e-06,
        6.67572021484375e-06,
        5.304813385009766e-06,
        4.947185516357422e-06,
        7.3909759521484375e-06,
        5.662441253662109e-06,
        6.318092346191406e-06
      ],
      "mean": 5.340576171875e-06,
      "std": 1.4412003764827168e-06,
      "min": 2.384185791015625e-06,
      "max": 7.3909759521484375e-06
    },
    "blur_sev0.5": {
      "distances": [
        5.662441253662109e-06,
        2.7418136596679688e-06,
        7.450580596923828e-06,
        8.285045623779297e-06,
        6.735324859619141e-06,
        5.602836608886719e-06,
        6.496906280517578e-06,
        7.212162017822266e-06,
        8.64267349243164e-06,
        4.827976226806641e-06
      ],
      "mean": 6.365776062011719e-06,
      "std": 1.6579950953210555e-06,
      "min": 2.7418136596679688e-06,
      "max": 8.64267349243164e-06
    },
    "blur_sev0.7": {
      "distances": [
        1.1086463928222656e-05,
        2.9802322387695312e-06,
        7.927417755126953e-06,
        5.602836608886719e-06,
        4.708766937255859e-06,
        6.318092346191406e-06,
        6.9141387939453125e-06,
        8.52346420288086e-06,
        8.58306884765625e-06,
        5.662441253662109e-06
      ],
      "mean": 6.830692291259765e-06,
      "std": 2.1845244612757225e-06,
      "min": 2.9802322387695312e-06,
      "max": 1.1086463928222656e-05
    },
    "blur_sev1.0": {
      "distances": [
        4.649162292480469e-06,
        2.7418136596679688e-06,
        4.649162292480469e-06,
        5.662441253662109e-06,
        3.0994415283203125e-06,
        8.225440979003906e-06,
        2.3245811462402344e-06,
        2.3245811462402344e-06,
        2.086162567138672e-06,
        3.635883331298828e-06
      ],
      "mean": 3.93986701965332e-06,
      "std": 1.8228597248952867e-06,
      "min": 2.086162567138672e-06,
      "max": 8.225440979003906e-06
    },
    "noise_sev0.3": {
      "distances": [
        0.0,
        2.562999725341797e-06,
        2.562999725341797e-06,
        0.0,
        0.0,
        0.0,
        2.4437904357910156e-06,
        0.0,
        0.0,
        0.0
      ],
      "mean": 7.569789886474609e-07,
      "std": 1.1567140954328587e-06,
      "min": 0.0,
      "max": 2.562999725341797e-06
    },