{
  "clean_corrupt_interp": {
    "fog": {
      "0.0": {
        "mean_dist": 4.124641418457031e-05,
        "std_dist": 1.47512364492286e-05
      },
      "0.1": {
        "mean_dist": 8.666515350341797e-05,
        "std_dist": 4.370165697764605e-05
      },
      "0.2": {
        "mean_dist": 0.00024292866874020547,
        "std_dist": 0.00010111698793480173
      },
      "0.3": {
        "mean_dist": 0.000410338252549991,
        "std_dist": 7.838159945094958e-05
      },
      "0.4": {
        "mean_dist": 0.000616610050201416,
        "std_dist": 3.708657459355891e-05
      },
      "0.5": {
        "mean_dist": 0.0009121894836425781,
        "std_dist": 2.4611883418401703e-05
      },
      "0.6": {
        "mean_dist": 0.0012187560787424445,
        "std_dist": 2.9548571546911262e-05
      },
      "0.7": {
        "mean_dist": 0.0015462437877431512,
        "std_dist": 4.020571577711962e-05
      },
      "0.8": {
        "mean_dist": 0.0019308129558339715,
        "std_dist": 5.845961277373135e-05
      },
      "0.9": {
        "mean_dist": 0.002329409122467041,
        "std_dist": 5.952187711955048e-05
      },
      "1.0": {
        "mean_dist": 0.002768576145172119,
        "std_dist": 7.434708822984248e-05
      }
    },
    "night": {
      "0.0": {
        "mean_dist": 4.124641418457031e-05,
        "std_dist": 1.47512364492286e-05
      },
      "0.1": {
        "mean_dist": 0.00013142824172973633,
        "std_dist": 1.7070879039238207e-05
      },
      "0.2": {
        "mean_dist": 0.0004058679041918367,
        "std_dist": 2.6051815439132042e-05
      },
      "0.3": {
        "mean_dist": 0.0008527040481567383,
        "std_dist": 1.649430487304926e-05
      },
      "0.4": {
        "mean_dist": 0.001387218595482409,
        "std_dist": 3.577557799872011e-05
      },
      "0.5": {
        "mean_dist": 0.0019928812980651855,
        "std_dist": 9.564305219100788e-05
      },
      "0.6": {
        "mean_dist": 0.002682586433365941,
        "std_dist": 0.00015047870692797005
      },
      "0.7": {
        "mean_dist": 0.0035088658332824707,
        "std_dist": 0.00011503339192131534
      },
      "0.8": {
        "mean_dist": 0.004538079258054495,
        "std_dist": 2.722570570767857e-05
      },
      "0.9": {
        "mean_dist": 0.005833467002958059,
        "std_dist": 0.00014452535833697766
      },
      "1.0": {
        "mean_dist": 0.007909178733825684,
        "std_dist": 0.00011358859774190933
      }
    },
    "noise": {
      "0.0": {
        "mean_dist": 4.124641418457031e-05,
        "std_dist": 1.47512364492286e-05
      },
      "0.1": {
        "mean_dist": 4.003445428679697e-05,
        "std_dist": 9.149566722044256e-06
      },
      "0.2": {
        "mean_dist": 3.5961467801826075e-05,
        "std_dist": 5.5660088946751785e-06
      },
      "0.3": {
        "mean_dist": 4.794200140167959e-05,
        "std_dist": 1.0350443517381791e-05
      },
      "0.4": {
        "mean_dist": 6.890296936035156e-05,
        "std_dist": 1.1362257282598875e-05
      },
      "0.5": {
        "mean_dist": 9.751319885253906e-05,
        "std_dist": 2.4161628971341997e-05
      },
      "0.6": {
        "mean_dist": 0.0001324017794104293,
        "std_dist": 2.663584382389672e-05
      },
      "0.7": {
        "mean_dist": 0.00019228458404541016,
        "std_dist": 3.995355291408487e-05
      },
      "0.8": {
        "mean_dist": 0.0002558430132921785,
        "std_dist": 4.6306744479807094e-05
      },
      "0.9": {
        "mean_dist": 0.0003609856066759676,
        "std_dist": 5.090521153761074e-05
      },
      "1.0": {
        "mean_dist": 0.0005137920379638672,
        "std_dist": 5.590566070168279e-05
      }
    },
    "blur": {
      "0.0": {
        "mean_dist": 4.124641418457031e-05,
        "std_dist": 1.47512364492286e-05
      },
      "0.1": {
        "mean_dist": 5.7836372434394434e-05,
        "std_dist": 3.832445145235397e-05
      },
      "0.2": {
        "mean_dist": 0.00013198454689700156,
        "std_dist": 0.00011657073628157377
      },
      "0.3": {
        "mean_dist": 0.00019677479576785117,
        "std_dist": 0.00014921881665941328
      },
      "0.4": {
        "mean_dist": 0.0002034306526184082,
        "std_dist": 4.343546970630996e-05
      },
      "0.5": {
        "mean_dist": 0.00039261579513549805,
        "std_dist": 9.205926471622661e-05
      },
      "0.6": {
        "mean_dist": 0.0007475614547729492,
        "std_dist": 0.00013922278594691306
      },
      "0.7": {
        "mean_dist": 0.0013876160373911262,
        "std_dist": 0.00019996173796243966
      },
      "0.8": {
        "mean_dist": 0.002491692779585719,
        "std_dist": 0.000297439779387787
      },
      "0.9": {
        "mean_dist": 0.003414670703932643,
        "std_dist": 2.2142268790048547e-05
      },
      "1.0": {
        "mean_dist": 0.005209823604673147,
        "std_dist": 0.00025400432059541345
      }
    }
  },
  "path_linearity": {
    "fog": {
      "mean_path_length": 0.8264694213867188,
      "mean_straight_length": 0.641714890797933,
      "path_to_straight_ratio": 1.2879075008377383,
      "is_nearly_linear": false
    },
    "night": {
      "mean_path_length": 1.9165228605270386,
      "mean_straight_length": 1.0922520558039348,
      "path_to_straight_ratio": 1.7546525549370078,
      "is_nearly_linear": false
    },
    "noise": {
      "mean_path_length": 0.5061272382736206,
      "mean_straight_length": 0.27947450677553815,
      "path_to_straight_ratio": 1.8109960866628187,
      "is_nearly_linear": false
    },
    "blur": {
      "mean_path_length": 1.5676422119140625,
      "mean_straight_length": 0.8560836513837179,
      "path_to_straight_ratio": 1.8311787746409007,
      "is_nearly_linear": false
    }
  },
  "threshold_crossing": {
    "fog": {
      "mean_crossing_alpha": 0.10000000000000002,
      "min_crossing_alpha": 0.05,
      "n_crossed": 3,
      "threshold": 5.698204040527344e-05
    },
    "night": {
      "mean_crossing_alpha": 0.06666666666666667,
      "min_crossing_alpha": 0.05,
      "n_crossed": 3,
      "threshold": 5.698204040527344e-05
    },
    "noise": {
      "mean_crossing_alpha": 0.25,
      "min_crossing_alpha": 0.05,
      "n_crossed": 3,
      "threshold": 5.698204040527344e-05
    },
    "blur": {
      "mean_crossing_alpha": 0.18333333333333335,
      "min_crossing_alpha": 0.05,
      "n_crossed": 3,
      "threshold": 5.698204040527344e-05
    }
  },
  "inter_corruption_interp": {
    "fog_to_night": {
      "distances": [
        0.0008893013000488281,
        0.0003541111946105957,
        0.000194549560546875,
        0.0009140372276306152,
        0.0019497871398925781
      ],
      "midpoint_dist": 0.000194549560546875,
      "endpoint_mean": 0.0014195442199707031,
      "convexity": -0.0012249946594238281
    },
    "fog_to_noise": {
      "distances": [
        0.0008893013000488281,
        0.00047475099563598633,
        0.0002168416976928711,
        7.861852645874023e-05,
        0.00016033649444580078
      ],
      "midpoint_dist": 0.0002168416976928711,
      "endpoint_mean": 0.0005248188972473145,
      "convexity": -0.00030797719955444336
    },
    "fog_to_blur": {
      "distances": [
        0.0008893013000488281,
        0.0009113550186157227,
        0.0012142658233642578,
        0.0023826956748962402,
        0.004582583904266357
      ],
      "midpoint_dist": 0.0012142658233642578,
      "endpoint_mean": 0.0027359426021575928,
      "convexity": -0.001521676778793335
    },
    "night_to_noise": {
      "distances": [
        0.0019497871398925781,
        0.0011932849884033203,
        0.0005272626876831055,
        0.00020492076873779297,
        0.00016033649444580078
      ],
      "midpoint_dist": 0.0005272626876831055,
      "endpoint_mean": 0.0010550618171691895,
      "convexity": -0.000527799129486084
    },