{
  "scalar_linearity": {
    "fog": {
      "cos_sim_2x": 0.9682629108428955,
      "cos_sim_3x": 0.941970705986023,
      "cos_sim_4x": 0.917699933052063,
      "norm_ratio_2x": 0.9212884306907654,
      "norm_ratio_3x": 0.8552805781364441,
      "norm_ratio_4x": 0.8195352554321289
    },
    "night": {
      "cos_sim_2x": 0.8841288685798645,
      "cos_sim_3x": 0.4971066415309906,
      "cos_sim_4x": 0.31421735882759094,
      "norm_ratio_2x": 0.9396859407424927,
      "norm_ratio_3x": 0.8470520377159119,
      "norm_ratio_4x": 0.9260797500610352
    },
    "noise": {
      "cos_sim_2x": 0.8455247282981873,
      "cos_sim_3x": 0.6081268191337585,
      "cos_sim_4x": 0.4856088161468506,
      "norm_ratio_2x": 0.9070194363594055,
      "norm_ratio_3x": 0.8716637492179871,
      "norm_ratio_4x": 0.8344007134437561
    },
    "blur": {
      "cos_sim_2x": 0.9148333668708801,
      "cos_sim_3x": 0.8306246399879456,
      "cos_sim_4x": 0.7370589375495911,
      "norm_ratio_2x": 0.6456947326660156,
      "norm_ratio_3x": 0.45292556285858154,
      "norm_ratio_4x": 0.35967227816581726
    }
  },
  "vector_additivity": {
    "fog+noise": {
      "direction_sim_12": 0.9133464694023132,
      "direction_sim_21": 0.9410681128501892,
      "commutativity_sim": 0.9509116411209106,
      "norm_pred": 0.3051934242248535,
      "norm_actual_12": 0.26287850737571716,
      "norm_actual_21": 0.2907201051712036,
      "norm_ratio_12": 0.8613504767417908
    },
    "fog+night": {
      "direction_sim_12": 0.8988260626792908,
      "direction_sim_21": 0.7122337222099304,
      "commutativity_sim": 0.6719324588775635,
      "norm_pred": 0.57220458984375,
      "norm_actual_12": 0.5383315086364746,
      "norm_actual_21": 0.45463207364082336,
      "norm_ratio_12": 0.9408025145530701
    },
    "fog+blur": {
      "direction_sim_12": 0.9517911076545715,
      "direction_sim_21": 0.9515715837478638,
      "commutativity_sim": 0.9972861409187317,
      "norm_pred": 1.044148564338684,
      "norm_actual_12": 0.8016633987426758,
      "norm_actual_21": 0.7950025796890259,
      "norm_ratio_12": 0.7677675485610962
    },
    "night+noise": {
      "direction_sim_12": 0.9038686156272888,
      "direction_sim_21": 0.9708055257797241,
      "commutativity_sim": 0.947327733039856,
      "norm_pred": 0.5785384774208069,
      "norm_actual_12": 0.5280214548110962,
      "norm_actual_21": 0.5347052812576294,
      "norm_ratio_12": 0.9126816391944885
    },
    "night+blur": {
      "direction_sim_12": 0.8555392622947693,
      "direction_sim_21": 0.8586828112602234,
      "commutativity_sim": 0.9983452558517456,
      "norm_pred": 1.0729916095733643,
      "norm_actual_12": 0.9538038372993469,
      "norm_actual_21": 0.9483247399330139,
      "norm_ratio_12": 0.8889201283454895
    },
    "noise+blur": {
      "direction_sim_12": 0.902249276638031,
      "direction_sim_21": -0.02443644590675831,
      "commutativity_sim": 0.0024972790852189064,
      "norm_pred": 0.7876316905021667,
      "norm_actual_12": 0.7810726165771484,
      "norm_actual_21": 0.12315579503774643,
      "norm_ratio_12": 0.9916723966598511
    }
  },
  "basis_representation": {
    "fog+noise": {
      "coefficients": {
        "fog": 0.20293104648590088,
        "night": -0.03725779056549072,
        "noise": -0.046841204166412354,
        "blur": 0.03245330974459648
      },
      "reconstruction_error": 0.6874804496765137,
      "dominant_component": "fog"
    },
    "fog+night": {
      "coefficients": {
        "fog": 0.08787499368190765,
        "night": 0.31452274322509766,
        "noise": -0.16306906938552856,
        "blur": 0.22383861243724823
      },
      "reconstruction_error": 0.9430765509605408,
      "dominant_component": "night"
    },
    "fog+blur": {
      "coefficients": {
        "fog": 0.5865565538406372,
        "night": 0.5117180347442627,
        "noise": -0.23271039128303528,
        "blur": 0.6256880760192871
      },
      "reconstruction_error": 0.9607950448989868,
      "dominant_component": "blur"
    },
    "night+noise": {
      "coefficients": {
        "fog": -0.3228156268596649,
        "night": 0.15989018976688385,
        "noise": 0.15964007377624512,
        "blur": -0.030824817717075348
      },
      "reconstruction_error": 0.7243016958236694,
      "dominant_component": "fog"
    },
    "night+blur": {
      "coefficients": {
        "fog": 0.20336410403251648,
        "night": 0.8039273023605347,
        "noise": -0.0490482859313488,
        "blur": 0.728053867816925
      },
      "reconstruction_error": 0.8231390714645386,
      "dominant_component": "night"
    },
    "noise+blur": {
      "coefficients": {
        "fog": 0.25484880805015564,
        "night": 0.3947111964225769,
        "noise": -0.10549949109554291,
        "blur": 0.6635068655014038
      },
      "reconstruction_error": 0.8929832577705383,
      "dominant_component": "blur"
    }
  },
  "cancellation": {
    "fog": {
      "d_anti_to_corrupt": 0.011148154735565186,
      "d_anti_to_clean": 0.002877950668334961,
      "d_corrupt_to_clean": 0.0027054548263549805,
      "angle_v_antiv": 180.0,
      "symmetry_ratio": 1.0637584924697876
    },
    "night": {
      "d_anti_to_corrupt": 0.033596575260162354,
      "d_anti_to_clean": 0.008890211582183838,
      "d_corrupt_to_clean": 0.007991313934326172,
      "angle_v_antiv": 179.97201538085938,
      "symmetry_ratio": 1.112484335899353
    },
    "noise": {
      "d_anti_to_corrupt": 0.0020165443420410156,
      "d_anti_to_clean": 0.0004962682723999023,
      "d_corrupt_to_clean": 0.0005123615264892578,
      "angle_v_antiv": 180.0,
      "symmetry_ratio": 0.9685900211334229
    },
    "blur": {
      "d_anti_to_corrupt": 0.024356603622436523,
      "d_anti_to_clean": 0.00595402717590332,
      "d_corrupt_to_clean": 0.006263315677642822,
      "angle_v_antiv": 179.98020935058594,
      "symmetry_ratio": 0.9506190419197083
    }
  },
  "interpolation": {
    "fog_to_night": [
      {
        "alpha": 0.0,
        "d_clean": 0.0027054548263549805,
        "d_ct1": 1.1920928955078125e-07,
        "d_ct2": 0.009022653102874756
      },
      {
        "alpha": 0.25,
        "d_clean": 0.0023400187492370605,
        "d_ct1": 0.000577390193939209,
        "d_ct2": 0.005040526390075684
      },
      {
        "alpha": 0.5,
        "d_clean": 0.003119230270385742,
        "d_ct1": 0.0022957921028137207,
        "d_ct2": 0.002221226692199707
      },
      {
        "alpha": 0.75,
        "d_clean": 0.005015671253204346,
        "d_ct1": 0.005124449729919434,
        "d_ct2": 0.0005495548248291016
      },
      {
        "alpha": 1.0,
        "d_clean": 0.007991313934326172,
        "d_ct1": 0.009022653102874756,
        "d_ct2": 1.1920928955078125e-07
      }
    ],
    "fog_to_blur": [
      {
        "alpha": 0.0,
        "d_clean": 0.0027054548263549805,
        "d_ct1": 1.1920928955078125e-07,
        "d_ct2": 0.005584001541137695
      },
      {
        "alpha": 0.25,
        "d_clean": 0.0025464892387390137,
        "d_ct1": 0.0003362894058227539,
        "d_ct2": 0.0031821727752685547
      },
      {
        "alpha": 0.5,
        "d_clean": 0.003069937229156494,
        "d_ct1": 0.001362621784210205,
        "d_ct2": 0.001431584358215332
      },
      {
        "alpha": 0.75,
        "d_clean": 0.004301190376281738,
        "d_ct1": 0.0031049251556396484,
        "d_ct2": 0.0003618001937866211
      },
      {
        "alpha": 1.0,
        "d_clean": 0.006263315677642822,
        "d_ct1": 0.005584001541137695,
        "d_ct2": 1.1920928955078125e-07
      }
    ],
    "noise_to_blur": [
      {
        "alpha": 0.0,
        "d_clean": 0.0005123615264892578,
        "d_ct1": 1.1920928955078125e-07,
        "d_ct2": 0.007468223571777344
      },
      {
        "alpha": 0.25,
        "d_clean": 0.0005501508712768555,
        "d_ct1": 0.0004671812057495117,
        "d_ct2": 0.004203617572784424
      },
      {
        "alpha": 0.5,