{
  "interpolation": {
    "fog_to_night": {
      "dists": [
        0.0009580850601196289,
        0.0007318258285522461,
        0.00048732757568359375,
        0.00034821033477783203,
        0.00022840499877929688,
        0.00021845102310180664,
        0.0003712773323059082,
        0.0007335543632507324,
        0.001107633113861084,
        0.0015600323677062988,
        0.001949310302734375
      ],
      "detection_dists": [
        0.0009580850601196289,
        0.0007318258285522461,
        0.00048732757568359375,
        0.00034821033477783203,
        0.00022840499877929688,
        0.00021845102310180664,
        0.0003712773323059082,
        0.0007335543632507324,
        0.001107633113861084,
        0.0015600323677062988,
        0.001949310302734375
      ],
      "straightness": 0.9998642404874166,
      "max_deviation": 0.00025010108947753906,
      "endpoint_dist": 0.003870069980621338
    },
    "fog_to_blur": {
      "dists": [
        0.0009580850601196289,
        0.0009332895278930664,
        0.0009653568267822266,
        0.0010187029838562012,
        0.0011060237884521484,
        0.001300215721130371,
        0.001637101173400879,
        0.0021216273307800293,
        0.0028057098388671875,
        0.003649890422821045,
        0.0047223567962646484
      ],
      "detection_dists": [
        0.0009580850601196289,
        0.0009332895278930664,
        0.0009653568267822266,
        0.0010187029838562012,
        0.0011060237884521484,
        0.001300215721130371,
        0.001637101173400879,
        0.0021216273307800293,
        0.0028057098388671875,
        0.003649890422821045,
        0.0047223567962646484
      ],
      "straightness": 0.9994809759987725,
      "max_deviation": 0.0010464787483215332,
      "endpoint_dist": 0.003639698028564453
    },
    "fog_to_noise": {
      "dists": [
        0.0009580850601196289,
        0.0007721185684204102,
        0.0005995631217956543,
        0.0004456639289855957,
        0.00032198429107666016,
        0.00024324655532836914,
        0.00015097856521606445,
        9.489059448242188e-05,
        7.575750350952148e-05,
        9.071826934814453e-05,
        0.00013393163681030273
      ],
      "detection_dists": [
        0.0009580850601196289,
        0.0007721185684204102,
        0.0005995631217956543,
        0.0004456639289855957,
        0.00032198429107666016,
        0.00024324655532836914,
        0.00015097856521606445,
        9.489059448242188e-05,
        7.575750350952148e-05,
        9.071826934814453e-05,
        0.00013393163681030273
      ],
      "straightness": 0.9999787078963386,
      "max_deviation": 2.9206275939941406e-05,
      "endpoint_dist": 0.001392960548400879
    },
    "night_to_blur": {
      "dists": [
        0.001949310302734375,
        0.001735985279083252,
        0.0016104578971862793,
        0.0015488862991333008,
        0.001602470874786377,
        0.001811385154724121,
        0.0020810961723327637,
        0.0026500821113586426,
        0.003460228443145752,
        0.0042511820793151855,
        0.0047223567962646484
      ],
      "detection_dists": [
        0.001949310302734375,
        0.001735985279083252,
        0.0016104578971862793,
        0.0015488862991333008,
        0.001602470874786377,
        0.001811385154724121,
        0.0020810961723327637,
        0.0026500821113586426,
        0.003460228443145752,
        0.0042511820793151855,
        0.0047223567962646484
      ],
      "straightness": 0.9994875126414828,
      "max_deviation": 0.0008687376976013184,
      "endpoint_dist": 0.0059593915939331055
    },
    "night_to_noise": {
      "dists": [
        0.001949310302734375,
        0.0016425251960754395,
        0.0013188719749450684,
        0.0010269880294799805,
        0.0007995963096618652,
        0.0004971027374267578,
        0.0003414154052734375,
        0.00022488832473754883,
        0.00015532970428466797,
        0.00014483928680419922,
        0.00013393163681030273
      ],
      "detection_dists": [
        0.001949310302734375,
        0.0016425251960754395,
        0.0013188719749450684,
        0.0010269880294799805,
        0.0007995963096618652,
        0.0004971027374267578,
        0.0003414154052734375,
        0.00022488832473754883,
        0.00015532970428466797,
        0.00014483928680419922,
        0.00013393163681030273
      ],
      "straightness": 0.9998998045921326,
      "max_deviation": 0.00020104646682739258,
      "endpoint_dist": 0.002223074436187744
    },
    "noise_to_blur": {
      "dists": [
        0.00013393163681030273,
        8.934736251831055e-05,
        5.543231964111328e-05,
        3.844499588012695e-05,
        4.9233436584472656e-05,
        9.870529174804688e-05,
        0.00023472309112548828,
        0.0005620121955871582,
        0.0014325976371765137,
        0.0027851462364196777,
        0.0047223567962646484
      ],
      "detection_dists": [
        0.00013393163681030273,
        8.934736251831055e-05,
        5.543231964111328e-05,
        3.844499588012695e-05,
        4.9233436584472656e-05,
        9.870529174804688e-05,
        0.00023472309112548828,
        0.0005620121955871582,
        0.0014325976371765137,
        0.0027851462364196777,
        0.0047223567962646484
      ],
      "straightness": 0.9991421235932244,
      "max_deviation": 0.0015607476234436035,
      "endpoint_dist": 0.005385279655456543
    }
  },
  "midpoints": {
    "fog_to_night": {
      "closest_corruption": "noise",
      "similarities": {
        "fog": 0.9990496039390564,
        "night": 0.9985948204994202,
        "noise": 0.999420702457428,
        "blur": 0.9959259629249573
      },
      "dist_to_centroid": 0.00021845102310180664
    },
    "fog_to_blur": {
      "closest_corruption": "fog",
      "similarities": {
        "fog": 0.9997014999389648,
        "night": 0.9964854717254639,
        "noise": 0.9981186985969543,
        "blur": 0.9971922636032104
      },
      "dist_to_centroid": 0.001300215721130371
    },
    "fog_to_noise": {
      "closest_corruption": "fog",
      "similarities": {
        "fog": 0.999700665473938,
        "night": 0.9970951080322266,
        "noise": 0.9995514154434204,
        "blur": 0.9957621693611145
      },
      "dist_to_centroid": 0.00024324655532836914
    },
    "night_to_blur": {
      "closest_corruption": "night",
      "similarities": {
        "fog": 0.9977622628211975,
        "night": 0.9985589981079102,
        "noise": 0.9975970387458801,
        "blur": 0.9969168305397034
      },
      "dist_to_centroid": 0.001811385154724121
    },
    "night_to_noise": {
      "closest_corruption": "noise",
      "similarities": {
        "fog": 0.9975021481513977,
        "night": 0.9991249442100525,
        "noise": 0.9994603991508484,
        "blur": 0.9941155910491943
      },
      "dist_to_centroid": 0.0004971027374267578
    },
    "noise_to_blur": {
      "closest_corruption": "noise",
      "similarities": {
        "fog": 0.999180018901825,
        "night": 0.9979958534240723,
        "noise": 0.9996922612190247,
        "blur": 0.9955992698669434
      },
      "dist_to_centroid": 9.870529174804688e-05
    }
  },
  "path_fog_to_night_all_detected": true,
  "path_fog_to_night_min_dist": 0.00021845102310180664,
  "path_fog_to_night_min_vs_threshold": 2.79984712600708,
  "path_fog_to_blur_all_detected": true,
  "path_fog_to_blur_min_dist": 0.0009332895278930664,
  "path_fog_to_blur_min_vs_threshold": 11.96180248260498,
  "path_fog_to_noise_all_detected": false,
  "path_fog_to_noise_min_dist": 7.575750350952148e-05,
  "path_fog_to_noise_min_vs_threshold": 0.9709702134132385,
  "path_night_to_blur_all_detected": true,
  "path_night_to_blur_min_dist": 0.0015488862991333008,
  "path_night_to_blur_min_vs_threshold": 19.851795196533203,
  "path_night_to_noise_all_detected": true,
  "path_night_to_noise_min_dist": 0.00013393163681030273,