{
  "leave_one_out": {
    "scene0_fog": {
      "id_score": 9.270823881391e-05,
      "ood_score": 0.0029164845409745954,
      "auroc": 1.0,
      "margin": 0.0028237763021606854
    },
    "scene0_night": {
      "id_score": 9.270823881391e-05,
      "ood_score": 0.008290492039603081,
      "auroc": 1.0,
      "margin": 0.008197783800789171
    },
    "scene0_noise": {
      "id_score": 9.270823881391e-05,
      "ood_score": 0.00017571166675123262,
      "auroc": 1.0,
      "margin": 8.300342793732263e-05
    },
    "scene0_blur": {
      "id_score": 9.270823881391e-05,
      "ood_score": 0.007293624327366355,
      "auroc": 1.0,
      "margin": 0.007200916088552445
    },
    "scene0_all": {
      "id_score": 9.270823881391e-05,
      "ood_scores": [
        0.0029164845409745954,
        0.008290492039603081,
        0.00017571166675123262,
        0.007293624327366355
      ],
      "auroc": 1.0
    },
    "scene1_fog": {
      "id_score": 7.98262436926267e-05,
      "ood_score": 0.0029727621830729634,
      "auroc": 1.0,
      "margin": 0.0028929359393803367
    },
    "scene1_night": {
      "id_score": 7.98262436926267e-05,
      "ood_score": 0.00811159305283693,
      "auroc": 1.0,
      "margin": 0.008031766809144303
    },
    "scene1_noise": {
      "id_score": 7.98262436926267e-05,
      "ood_score": 0.00030300659010640274,
      "auroc": 1.0,
      "margin": 0.00022318034641377604
    },
    "scene1_blur": {
      "id_score": 7.98262436926267e-05,
      "ood_score": 0.006478443638701981,
      "auroc": 1.0,
      "margin": 0.006398617395009354
    },
    "scene1_all": {
      "id_score": 7.98262436926267e-05,
      "ood_scores": [
        0.0029727621830729634,
        0.00811159305283693,
        0.00030300659010640274,
        0.006478443638701981
      ],
      "auroc": 1.0
    },
    "scene2_fog": {
      "id_score": 5.100350434372736e-05,
      "ood_score": 0.0030025919496210474,
      "auroc": 1.0,
      "margin": 0.00295158844527732
    },
    "scene2_night": {
      "id_score": 5.100350434372736e-05,
      "ood_score": 0.00836309094829013,
      "auroc": 1.0,
      "margin": 0.008312087443946403
    },
    "scene2_noise": {
      "id_score": 5.100350434372736e-05,
      "ood_score": 0.0002511011527915885,
      "auroc": 1.0,
      "margin": 0.00020009764844786115
    },
    "scene2_blur": {
      "id_score": 5.100350434372736e-05,
      "ood_score": 0.007126194901594274,
      "auroc": 1.0,
      "margin": 0.0070751913972505465
    },
    "scene2_all": {
      "id_score": 5.100350434372736e-05,
      "ood_scores": [
        0.0030025919496210474,
        0.00836309094829013,
        0.0002511011527915885,
        0.007126194901594274
      ],
      "auroc": 1.0
    },
    "scene3_fog": {
      "id_score": 0.00011279281725773416,
      "ood_score": 0.0031151202986112736,
      "auroc": 1.0,
      "margin": 0.0030023274813535394
    },
    "scene3_night": {
      "id_score": 0.00011279281725773416,
      "ood_score": 0.00857440664616238,
      "auroc": 1.0,
      "margin": 0.008461613828904646
    },
    "scene3_noise": {
      "id_score": 0.00011279281725773416,
      "ood_score": 0.00019028865466486078,
      "auroc": 1.0,
      "margin": 7.749583740712662e-05
    },
    "scene3_blur": {
      "id_score": 0.00011279281725773416,
      "ood_score": 0.006477844257514409,
      "auroc": 1.0,
      "margin": 0.006365051440256675
    },
    "scene3_all": {
      "id_score": 0.00011279281725773416,
      "ood_scores": [
        0.0031151202986112736,
        0.00857440664616238,
        0.00019028865466486078,
        0.006477844257514409
      ],
      "auroc": 1.0
    },
    "scene4_fog": {
      "id_score": 6.230763167891507e-05,
      "ood_score": 0.002926564584200042,
      "auroc": 1.0,
      "margin": 0.002864256952521127
    },
    "scene4_night": {
      "id_score": 6.230763167891507e-05,
      "ood_score": 0.008221412816552087,
      "auroc": 1.0,
      "margin": 0.008159105184873172
    },
    "scene4_noise": {
      "id_score": 6.230763167891507e-05,
      "ood_score": 0.00018200049800387585,
      "auroc": 1.0,
      "margin": 0.00011969286632496079
    },
    "scene4_blur": {
      "id_score": 6.230763167891507e-05,
      "ood_score": 0.006520573441883837,
      "auroc": 1.0,
      "margin": 0.006458265810204922
    },
    "scene4_all": {
      "id_score": 6.230763167891507e-05,
      "ood_scores": [
        0.002926564584200042,
        0.008221412816552087,
        0.00018200049800387585,
        0.006520573441883837
      ],
      "auroc": 1.0
    },
    "scene5_fog": {
      "id_score": 4.042984542862449e-05,
      "ood_score": 0.00312534081475635,
      "auroc": 1.0,
      "margin": 0.0030849109693277255
    },
    "scene5_night": {
      "id_score": 4.042984542862449e-05,
      "ood_score": 0.008577424957293966,
      "auroc": 1.0,
      "margin": 0.008536995111865342
    },
    "scene5_noise": {
      "id_score": 4.042984542862449e-05,
      "ood_score": 0.00015803193789265535,
      "auroc": 1.0,
      "margin": 0.00011760209246403086
    },
    "scene5_blur": {
      "id_score": 4.042984542862449e-05,
      "ood_score": 0.006647644768927763,
      "auroc": 1.0,
      "margin": 0.006607214923499138
    },
    "scene5_all": {
      "id_score": 4.042984542862449e-05,
      "ood_scores": [
        0.00312534081475635,
        0.008577424957293966,
        0.00015803193789265535,
        0.006647644768927763
      ],
      "auroc": 1.0
    },
    "scene6_fog": {
      "id_score": 3.1797016380452625e-05,
      "ood_score": 0.0030330068813829714,
      "auroc": 1.0,
      "margin": 0.0030012098650025187
    },
    "scene6_night": {
      "id_score": 3.1797016380452625e-05,
      "ood_score": 0.008459768885257235,
      "auroc": 1.0,
      "margin": 0.008427971868876782
    },
    "scene6_noise": {
      "id_score": 3.1797016380452625e-05,
      "ood_score": 0.0002235151102460975,
      "auroc": 1.0,
      "margin": 0.00019171809386564487
    },
    "scene6_blur": {
      "id_score": 3.1797016380452625e-05,
      "ood_score": 0.00626803898995365,
      "auroc": 1.0,
      "margin": 0.006236241973573198
    },
    "scene6_all": {
      "id_score": 3.1797016380452625e-05,
      "ood_scores": [
        0.0030330068813829714,
        0.008459768885257235,
        0.0002235151102460975,
        0.00626803898995365
      ],
      "auroc": 1.0
    },
    "scene7_fog": {
      "id_score": 4.977138561446104e-05,
      "ood_score": 0.002929666485609328,
      "auroc": 1.0,
      "margin": 0.002879895099994867
    },
    "scene7_night": {
      "id_score": 4.977138561446104e-05,
      "ood_score": 0.008585218746420042,
      "auroc": 1.0,
      "margin": 0.008535447360805581
    },
    "scene7_noise": {
      "id_score": 4.977138561446104e-05,
      "ood_score": 0.00012632505314780218,
      "auroc": 1.0,
      "margin": 7.655366753334114e-05
    },
    "scene7_blur": {
      "id_score": 4.977138561446104e-05,
      "ood_score": 0.006954240387151089,
      "auroc": 1.0,
      "margin": 0.006904469001536628
    },
    "scene7_all": {
      "id_score": 4.977138561446104e-05,
      "ood_scores": [
        0.002929666485609328,
        0.008585218746420042,
        0.00012632505314780218,
        0.006954240387151089
      ],
      "auroc": 1.0
    }
  },
  "n_scene_calibration": {
    "1": {
      "mean_auroc": 0.9910714285714286,
      "min_auroc": 0.9795918367346939,
      "max_auroc": 1.0,
      "std_auroc": 0.007965558671426542,
      "mean_margin": -4.698516214868276e-05,
      "n_trials": 8
    },
    "2": {
      "mean_auroc": 0.9972222222222221,
      "min_auroc": 0.9861111111111112,
      "max_auroc": 1.0,
      "std_auroc": 0.004049272149198111,
      "mean_margin": 1.3314450298695934e-05,
      "n_trials": 20
    },
    "3": {
      "mean_auroc": 0.9975000000000002,
      "min_auroc": 0.99,
      "max_auroc": 1.0,
      "std_auroc": 0.004330127018922198,
      "mean_margin": 3.208271191239565e-05,