{
  "experiment": "cross_domain",
  "experiment_number": 106,
  "timestamp": "20260314_214017",
  "inter_domain_distance": 0.2660812735557556,
  "scenarios": {
    "highway_calibrated": {
      "auroc": 0.995,
      "d": 1.7820233305844133,
      "per_category": {
        "highway": {
          "mean": 0.017922884225845336,
          "std": 0.0034696569273840946,
          "label": 0
        },
        "urban": {
          "mean": 0.2814448118209839,
          "std": 0.007645202831988129,
          "label": 0
        },
        "noise": {
          "mean": 0.5059036493301392,
          "std": 0.009665349913263777,
          "label": 1
        },
        "indoor": {
          "mean": 0.4333010882139206,
          "std": 0.008335391042675087,
          "label": 1
        },
        "twilight": {
          "mean": 0.4220191091299057,
          "std": 0.011509541851686707,
          "label": 1
        },
        "snow": {
          "mean": 0.2999154895544052,
          "std": 0.006647549491914461,
          "label": 1
        }
      }
    },
    "urban_calibrated": {
      "auroc": 1.0,
      "d": 1.9015993444335886,
      "per_category": {
        "highway": {
          "mean": 0.2760281652212143,
          "std": 0.0067695644014969004,
          "label": 0
        },
        "urban": {
          "mean": 0.023468101024627687,
          "std": 0.006766851330775637,
          "label": 0
        },
        "noise": {
          "mean": 0.45161083340644836,
          "std": 0.011159453118312618,
          "label": 1
        },
        "indoor": {
          "mean": 0.35327357351779937,
          "std": 0.010678484947429331,
          "label": 1
        },
        "twilight": {
          "mean": 0.5386509120464325,
          "std": 0.010426604241822677,
          "label": 1
        },
        "snow": {
          "mean": 0.33089504539966585,
          "std": 0.00900714055811797,
          "label": 1
        }
      }
    },
    "mixed_calibrated": {
      "auroc": 1.0,
      "d": 42.299096449560984,
      "per_category": {
        "highway": {
          "mean": 0.0836352527141571,
          "std": 0.003619021181905757,
          "label": 0
        },
        "urban": {
          "mean": 0.0916507065296173,
          "std": 0.006812743643173092,
          "label": 0
        },
        "noise": {
          "mean": 0.44055728912353515,
          "std": 0.010801569694611542,
          "label": 1
        },
        "indoor": {
          "mean": 0.34889122247695925,
          "std": 0.00983411346925866,
          "label": 1
        },
        "twilight": {
          "mean": 0.4415646970272064,
          "std": 0.011127518832424736,
          "label": 1
        },
        "snow": {
          "mean": 0.26482293009757996,
          "std": 0.007250860813538017,
          "label": 1
        }
      }
    },
    "highway_to_urban": {
      "auroc": 0.9924999999999999,
      "d": 17.506405444924372,
      "per_category": {
        "urban_as_id": {
          "mean": 0.2814448118209839,
          "std": 0.007645202831988129,
          "label": 0
        },
        "noise": {
          "mean": 0.5059036493301392,
          "std": 0.009665349913263777,
          "label": 1
        },
        "indoor": {
          "mean": 0.4333010882139206,
          "std": 0.008335391042675087,
          "label": 1
        },
        "twilight": {
          "mean": 0.4220191091299057,
          "std": 0.011509541851686707,
          "label": 1
        },
        "snow": {
          "mean": 0.2999154895544052,
          "std": 0.006647549491914461,
          "label": 1
        }
      }
    },
    "urban_to_highway": {
      "auroc": 1.0,
      "d": 21.06183135412104,
      "per_category": {
        "highway_as_id": {
          "mean": 0.2760281652212143,
          "std": 0.0067695644014969004,
          "label": 0
        },
        "noise": {
          "mean": 0.45161083340644836,
          "std": 0.011159453118312618,
          "label": 1
        },
        "indoor": {
          "mean": 0.35327357351779937,
          "std": 0.010678484947429331,
          "label": 1
        },
        "twilight": {
          "mean": 0.5386509120464325,
          "std": 0.010426604241822677,
          "label": 1
        },
        "snow": {
          "mean": 0.33089504539966585,
          "std": 0.00900714055811797,
          "label": 1
        }
      }
    }
  }
}