{
  "experiment": "cross_prompt_calibration",
  "experiment_number": 122,
  "timestamp": "20260314_231413",
  "n_prompts": 5,
  "prompt_names": [
    "drive_forward",
    "lane_keep",
    "slow_down",
    "navigate",
    "avoid_obstacle"
  ],
  "n_cal_id": 16,
  "n_test_id": 10,
  "n_ood": 32,
  "total_inferences": 290,
  "auroc_matrix": [
    [
      1.0,
      1.0,
      1.0,
      1.0,
      1.0
    ],
    [
      1.0,
      1.0,
      1.0,
      1.0,
      1.0
    ],
    [
      1.0,
      1.0,
      1.0,
      1.0,
      1.0
    ],
    [
      1.0,
      1.0,
      1.0,
      1.0,
      1.0
    ],
    [
      1.0,
      1.0,
      1.0,
      1.0,
      1.0
    ]
  ],
  "d_matrix": [
    [
      56.24856992235634,
      8.74451365591515,
      14.0937806068091,
      8.255665478337924,
      10.6653852378161
    ],
    [
      5.840373131843652,
      51.536819255827204,
      8.409524597347776,
      9.28749633861854,
      19.779542683813727
    ],
    [
      14.052139060073396,
      11.451384600189122,
      62.57422309573896,
      17.829018240371614,
      19.514899979043598
    ],
    [
      5.86909842923618,
      46.214856530326415,
      36.53389250934289,
      26.048570724909403,
      26.92274849663511
    ],
    [
      5.970598891412679,
      32.958708128521465,
      30.947190362535395,
      8.965932070570496,
      34.160362881316345
    ]
  ],
  "centroid_similarity": [
    [
      1.0,
      0.6243399381637573,
      0.6128889918327332,
      0.5424465537071228,
      0.59510737657547
    ],
    [
      0.6243399381637573,
      1.0000001192092896,
      0.597698450088501,
      0.6711173057556152,
      0.6731497645378113
    ],
    [
      0.6128889918327332,
      0.597698450088501,
      1.0,
      0.5401210188865662,
      0.575638473033905
    ],
    [
      0.5424465537071228,
      0.6711173057556152,
      0.5401210188865662,
      1.0,
      0.6544656157493591
    ],
    [
      0.59510737657547,
      0.6731497645378113,
      0.575638473033905,
      0.6544656157493591,
      1.0
    ]
  ],
  "summary": {
    "same_prompt_auroc_mean": 1.0,
    "same_prompt_auroc_min": 1.0,
    "cross_prompt_auroc_mean": 1.0,
    "cross_prompt_auroc_min": 1.0,
    "same_prompt_d_mean": 46.113709176029644,
    "cross_prompt_d_mean": 17.115337451438016,
    "centroid_sim_mean": 0.6086973488330841,
    "centroid_sim_min": 0.5401210188865662,
    "auroc_degradation": 0.0
  }
}