{
  "pairwise_angles": {
    "fog_vs_night": {
      "mean_angle": 107.86320447572174,
      "std_angle": 14.69952669035542,
      "min_angle": 85.77997509957626,
      "max_angle": 128.04930701637392,
      "near_orthogonal": true,
      "aligned": false,
      "anti_aligned": false
    },
    "fog_vs_noise": {
      "mean_angle": 113.8424072987507,
      "std_angle": 7.4216680705115206,
      "min_angle": 97.19916618242091,
      "max_angle": 123.21367152077258,
      "near_orthogonal": false,
      "aligned": false,
      "anti_aligned": false
    },
    "fog_vs_blur": {
      "mean_angle": 64.94562457606723,
      "std_angle": 1.9951874649202583,
      "min_angle": 60.799909544913,
      "max_angle": 69.73725601097492,
      "near_orthogonal": false,
      "aligned": false,
      "anti_aligned": false
    },
    "fog_vs_rain": {
      "mean_angle": 85.4466257608646,
      "std_angle": 7.03700122641011,
      "min_angle": 73.31138783640108,
      "max_angle": 101.34702762403904,
      "near_orthogonal": true,
      "aligned": false,
      "anti_aligned": false
    },
    "fog_vs_frost": {
      "mean_angle": 19.78951918957291,
      "std_angle": 4.084525096433753,
      "min_angle": 14.026781930647193,
      "max_angle": 32.13373324557391,
      "near_orthogonal": false,
      "aligned": true,
      "anti_aligned": false
    },
    "night_vs_noise": {
      "mean_angle": 91.92320120426238,
      "std_angle": 5.589030386784783,
      "min_angle": 79.5620808923091,
      "max_angle": 101.03125892810162,
      "near_orthogonal": true,
      "aligned": false,
      "anti_aligned": false
    },
    "night_vs_blur": {
      "mean_angle": 81.82681629022143,
      "std_angle": 10.152901525460349,
      "min_angle": 64.56119931259512,
      "max_angle": 96.8262172872897,
      "near_orthogonal": true,
      "aligned": false,
      "anti_aligned": false
    },
    "night_vs_rain": {
      "mean_angle": 92.14921600117766,
      "std_angle": 3.6619164878524098,
      "min_angle": 85.59673606538655,
      "max_angle": 99.28745055410992,
      "near_orthogonal": true,
      "aligned": false,
      "anti_aligned": false
    },
    "night_vs_frost": {
      "mean_angle": 114.17048843712378,
      "std_angle": 12.440061067138917,
      "min_angle": 95.23466810593206,
      "max_angle": 135.15797343964582,
      "near_orthogonal": false,
      "aligned": false,
      "anti_aligned": false
    },
    "noise_vs_blur": {
      "mean_angle": 106.62518200310878,
      "std_angle": 5.568501124318925,
      "min_angle": 94.32842738688119,
      "max_angle": 114.63814890930222,
      "near_orthogonal": true,
      "aligned": false,
      "anti_aligned": false
    },
    "noise_vs_rain": {
      "mean_angle": 78.88488568551678,
      "std_angle": 9.201853559183315,
      "min_angle": 57.23359200080909,
      "max_angle": 94.16383586634751,
      "near_orthogonal": true,
      "aligned": false,
      "anti_aligned": false
    },
    "noise_vs_frost": {
      "mean_angle": 109.5385245046996,
      "std_angle": 9.591632916814337,
      "min_angle": 89.4788854003233,
      "max_angle": 124.44723677429225,
      "near_orthogonal": true,
      "aligned": false,
      "anti_aligned": false
    },
    "blur_vs_rain": {
      "mean_angle": 83.80766622629179,
      "std_angle": 5.966702558194674,
      "min_angle": 70.3247422947251,
      "max_angle": 97.69979349264199,
      "near_orthogonal": true,
      "aligned": false,
      "anti_aligned": false
    },
    "blur_vs_frost": {
      "mean_angle": 70.25444821229266,
      "std_angle": 2.9777135813299984,
      "min_angle": 65.52922732654893,
      "max_angle": 74.85057180725617,
      "near_orthogonal": true,
      "aligned": false,
      "anti_aligned": false
    },
    "rain_vs_frost": {
      "mean_angle": 83.98023303353519,
      "std_angle": 7.8018238227862,
      "min_angle": 75.69761329519069,
      "max_angle": 105.62620653352019,
      "near_orthogonal": true,
      "aligned": false,
      "anti_aligned": false
    }
  },
  "severity_consistency": {
    "fog": {
      "mean_angle": 22.932520670465173,
      "max_angle": 44.42979811007566,
      "direction_stable": false
    },
    "night": {
      "mean_angle": 50.75342370039672,
      "max_angle": 85.60799548371709,
      "direction_stable": false
    },
    "noise": {
      "mean_angle": 45.93948859385053,
      "max_angle": 78.51375483744435,
      "direction_stable": false
    },
    "blur": {
      "mean_angle": 39.221951409826495,
      "max_angle": 75.84150540981697,
      "direction_stable": false
    },
    "rain": {
      "mean_angle": 64.46632792169399,
      "max_angle": 94.51046691947062,
      "direction_stable": false
    },
    "frost": {
      "mean_angle": 26.58743647259709,
      "max_angle": 61.47816840276411,
      "direction_stable": false
    }
  },
  "linearity": {
    "per_combination": {
      "s0_fog+night": {
        "direction_sim": 0.8847882151603699,
        "actual_norm": 0.5303112268447876,
        "predicted_norm": 0.5720658302307129,
        "norm_ratio": 0.9270108342170715,
        "is_linear": false
      },
      "s0_fog+noise": {
        "direction_sim": 0.9288780093193054,
        "actual_norm": 0.28679585456848145,
        "predicted_norm": 0.35592934489250183,
        "norm_ratio": 0.805766224861145,
        "is_linear": true
      },
      "s0_fog+blur": {
        "direction_sim": 0.9510857462882996,
        "actual_norm": 0.7866520881652832,
        "predicted_norm": 1.0429636240005493,
        "norm_ratio": 0.7542468905448914,
        "is_linear": true
      },
      "s0_night+noise": {
        "direction_sim": 0.8991064429283142,
        "actual_norm": 0.516715943813324,
        "predicted_norm": 0.5469220876693726,
        "norm_ratio": 0.9447706341743469,
        "is_linear": false
      },
      "s0_night+blur": {
        "direction_sim": 0.8409938216209412,
        "actual_norm": 0.894257128238678,
        "predicted_norm": 1.0308823585510254,
        "norm_ratio": 0.8674677014350891,
        "is_linear": false
      },
      "s0_noise+blur": {
        "direction_sim": 0.9201582670211792,
        "actual_norm": 0.7697473764419556,
        "predicted_norm": 0.7848532795906067,
        "norm_ratio": 0.9807532429695129,
        "is_linear": true
      },
      "s100_fog+night": {
        "direction_sim": 0.8729097247123718,
        "actual_norm": 0.5145037770271301,
        "predicted_norm": 0.5432913899421692,
        "norm_ratio": 0.9470125436782837,
        "is_linear": false
      },
      "s100_fog+noise": {
        "direction_sim": 0.9362112283706665,
        "actual_norm": 0.28375566005706787,
        "predicted_norm": 0.32899126410484314,
        "norm_ratio": 0.8625020980834961,
        "is_linear": true
      },
      "s100_fog+blur": {
        "direction_sim": 0.943693220615387,
        "actual_norm": 0.7648083567619324,
        "predicted_norm": 0.9957076907157898,
        "norm_ratio": 0.7681053280830383,
        "is_linear": true
      },
      "s100_night+noise": {
        "direction_sim": 0.8980486392974854,
        "actual_norm": 0.5185593366622925,
        "predicted_norm": 0.557917594909668,
        "norm_ratio": 0.929455041885376,
        "is_linear": false
      },
      "s100_night+blur": {
        "direction_sim": 0.8380095958709717,
        "actual_norm": 0.9077233672142029,
        "predicted_norm": 1.0144009590148926,
        "norm_ratio": 0.8948368430137634,
        "is_linear": false
      },
      "s100_noise+blur": {
        "direction_sim": 0.9265519380569458,
        "actual_norm": 0.7472549676895142,
        "predicted_norm": 0.7498414516448975,
        "norm_ratio": 0.9965506196022034,
        "is_linear": true
      },
      "s200_fog+night": {
        "direction_sim": 0.8950584530830383,
        "actual_norm": 0.5192577242851257,
        "predicted_norm": 0.5540006160736084,
        "norm_ratio": 0.9372872710227966,
        "is_linear": false
      },