{
  "rapid_switching": {
    "sequence": [
      "clean@0",
      "fog@1.0",
      "clean@0",
      "night@1.0",
      "clean@0",
      "blur@1.0",
      "clean@0",
      "noise@1.0",
      "clean@0",
      "fog@0.5",
      "night@0.5",
      "blur@0.5",
      "noise@0.5",
      "clean@0"
    ],
    "distances": [
      0.0,
      0.0027054548263549805,
      0.0,
      0.007991313934326172,
      0.0,
      0.006263315677642822,
      0.0,
      0.0005123615264892578,
      0.0,
      0.0008426308631896973,
      0.0021948814392089844,
      0.005036652088165283,
      0.00015693902969360352,
      0.0
    ],
    "correct_detections": 14,
    "total_frames": 14
  },
  "gradual_degradation": {
    "fog": {
      "severities": [
        0.0,
        0.05263157894736842,
        0.10526315789473684,
        0.15789473684210525,
        0.21052631578947367,
        0.2631578947368421,
        0.3157894736842105,
        0.3684210526315789,
        0.42105263157894735,
        0.47368421052631576,
        0.5263157894736842,
        0.5789473684210527,
        0.631578947368421,
        0.6842105263157894,
        0.7368421052631579,
        0.7894736842105263,
        0.8421052631578947,
        0.894736842105263,
        0.9473684210526315,
        1.0
      ],
      "distances": [
        0.0,
        1.2218952178955078e-05,
        6.4849853515625e-05,
        0.00011277198791503906,
        0.00018584728240966797,
        0.0002429485321044922,
        0.00034558773040771484,
        0.0004909634590148926,
        0.0006262063980102539,
        0.0007665157318115234,
        0.000928342342376709,
        0.001086890697479248,
        0.0012549757957458496,
        0.0014272332191467285,
        0.001615762710571289,
        0.0018410682678222656,
        0.0020307302474975586,
        0.002260148525238037,
        0.0024593472480773926,
        0.0027054548263549805
      ],
      "first_detect_idx": 1,
      "first_detect_sev": 0.05263157894736842
    },
    "night": {
      "severities": [
        0.0,
        0.05263157894736842,
        0.10526315789473684,
        0.15789473684210525,
        0.21052631578947367,
        0.2631578947368421,
        0.3157894736842105,
        0.3684210526315789,
        0.42105263157894735,
        0.47368421052631576,
        0.5263157894736842,
        0.5789473684210527,
        0.631578947368421,
        0.6842105263157894,
        0.7368421052631579,
        0.7894736842105263,
        0.8421052631578947,
        0.894736842105263,
        0.9473684210526315,
        1.0
      ],
      "distances": [
        0.0,
        3.063678741455078e-05,
        0.0001341700553894043,
        0.00023537874221801758,
        0.0004413723945617676,
        0.0006834268569946289,
        0.000943303108215332,
        0.0012750029563903809,
        0.001641392707824707,
        0.002011895179748535,
        0.002412259578704834,
        0.0027174949645996094,
        0.003039062023162842,
        0.003418445587158203,
        0.0038820505142211914,
        0.004382789134979248,
        0.0048621296882629395,
        0.005540013313293457,
        0.0066869258880615234,
        0.007991313934326172
      ],
      "first_detect_idx": 1,
      "first_detect_sev": 0.05263157894736842
    },
    "noise": {
      "severities": [
        0.0,
        0.05263157894736842,
        0.10526315789473684,
        0.15789473684210525,
        0.21052631578947367,
        0.2631578947368421,
        0.3157894736842105,
        0.3684210526315789,
        0.42105263157894735,
        0.47368421052631576,
        0.5263157894736842,
        0.5789473684210527,
        0.631578947368421,
        0.6842105263157894,
        0.7368421052631579,
        0.7894736842105263,
        0.8421052631578947,
        0.894736842105263,
        0.9473684210526315,
        1.0
      ],
      "distances": [
        0.0,
        3.814697265625e-06,
        2.7835369110107422e-05,
        1.5914440155029297e-05,
        2.6702880859375e-05,
        3.606081008911133e-05,
        5.8531761169433594e-05,
        7.146596908569336e-05,
        9.47117805480957e-05,
        0.00014859437942504883,
        0.0001761317253112793,
        0.00019687414169311523,
        0.0002200603485107422,
        0.00024110078811645508,
        0.0002760887145996094,
        0.0003325939178466797,
        0.00036472082138061523,
        0.00041115283966064453,
        0.0004742741584777832,
        0.0005123615264892578
      ],
      "first_detect_idx": 1,
      "first_detect_sev": 0.05263157894736842
    },
    "blur": {
      "severities": [
        0.0,
        0.05263157894736842,
        0.10526315789473684,
        0.15789473684210525,
        0.21052631578947367,
        0.2631578947368421,
        0.3157894736842105,
        0.3684210526315789,
        0.42105263157894735,
        0.47368421052631576,
        0.5263157894736842,
        0.5789473684210527,
        0.631578947368421,
        0.6842105263157894,
        0.7368421052631579,
        0.7894736842105263,
        0.8421052631578947,
        0.894736842105263,
        0.9473684210526315,
        1.0
      ],
      "distances": [
        0.0,
        0.00015652179718017578,
        0.0007999539375305176,
        0.0015341639518737793,
        0.0023645758628845215,
        0.00319671630859375,
        0.0037418007850646973,
        0.0041811466217041016,
        0.004582643508911133,
        0.004930615425109863,
        0.005076408386230469,
        0.00506824254989624,
        0.00518113374710083,
        0.005351901054382324,
        0.005535244941711426,
        0.005766630172729492,
        0.0060269832611083984,
        0.006079196929931641,
        0.006223738193511963,
        0.006263315677642822
      ],
      "first_detect_idx": 1,
      "first_detect_sev": 0.05263157894736842
    }
  },
  "intermittent": {
    "n_frames": 30,
    "corruption_rate": 0.4,
    "tp": 12,
    "fp": 0,
    "fn": 0,
    "tn": 18,
    "sensitivity": 1.0,
    "specificity": 1.0,
    "distances": [
      0.0,
      0.0,
      0.0,
      0.0,
      0.000325620174407959,
      0.0004413127899169922,
      0.00621795654296875,
      0.0,
      0.0,
      0.0,
      0.005140542984008789,
      0.0,
      0.0,
      0.00034487247467041016,
      0.004255414009094238,
      0.00032448768615722656,
      0.0,
      0.0,
      0.0,
      0.005252957344055176,
      0.0,
      9.179115295410156e-05,
      0.000783085823059082,
      0.0,
      0.0,
      0.0,
      0.005941808223724365,
      0.0,
      0.0,
      0.0033038854598999023
    ],
    "labels": [
      "clean",
      "clean",
      "clean",
      "clean",
      "noise@0.78",
      "fog@0.35",
      "blur@0.96",
      "clean",
      "clean",
      "clean",
      "night@0.87",
      "clean",
      "clean",
      "fog@0.31",
      "night@0.78",
      "noise@0.78",
      "clean",
      "clean",
      "clean",
      "blur@0.65",
      "clean",
      "noise@0.42",
      "fog@0.48",
      "clean",
      "clean",
      "clean",
      "blur@0.83",
      "clean",
      "clean",
      "night@0.66"
    ]
  },
  "multi_simultaneous": {
    "fog+noise": {
      "distance": 0.00024139881134033203,
      "detected": true,
      "n_corruptions": 2
    },
    "fog+blur": {
      "distance": 0.003896772861480713,
      "detected": true,
      "n_corruptions": 2
    },
    "night+noise": {
      "distance": 0.0009108781814575195,
      "detected": true,
      "n_corruptions": 2
    },
    "night+blur": {
      "distance": 0.006593644618988037,
      "detected": true,
      "n_corruptions": 2
    },
    "fog+night+noise": {
      "distance": 0.0003802180290222168,
      "detected": true,
      "n_corruptions": 3
    },
    "all4": {
      "distance": 0.005668759346008301,
      "detected": true,
      "n_corruptions": 4
    }
  },
  "ordering": {
    "fog\u2192night\u2192noise\u2192blur": {
      "distance": 0.004635810852050781,
      "detected": true
    },