{
  "experiment": "deployment_protocol",
  "experiment_number": 316,
  "timestamp": "20260315_115356",
  "calibration": {
    "1": {
      "n_scenes": 1,
      "cal_time_ms": 585.9358310699463,
      "id_max": 0.00011706352233886719,
      "ood_min": 0.00012254714965820312,
      "auroc": 1.0,
      "gap": 5.4836273193359375e-06
    },
    "2": {
      "n_scenes": 2,
      "cal_time_ms": 297.2748279571533,
      "id_max": 9.512901306152344e-05,
      "ood_min": 9.47713851928711e-05,
      "auroc": 0.99609375,
      "gap": -3.5762786865234375e-07
    },
    "3": {
      "n_scenes": 3,
      "cal_time_ms": 397.84765243530273,
      "id_max": 9.936094284057617e-05,
      "ood_min": 0.00010526180267333984,
      "auroc": 1.0,
      "gap": 5.900859832763672e-06
    },
    "5": {
      "n_scenes": 5,
      "cal_time_ms": 609.278678894043,
      "id_max": 7.319450378417969e-05,
      "ood_min": 8.612871170043945e-05,
      "auroc": 1.0,
      "gap": 1.2934207916259766e-05
    }
  },
  "per_scene": {
    "0": {
      "clean_distance": 0.0,
      "ood_distances": {
        "fog": 0.0010028481483459473,
        "night": 0.002057015895843506,
        "blur": 0.004815876483917236,
        "noise": 0.00012254714965820312
      },
      "min_ood": 0.00012254714965820312,
      "perfect": true
    },
    "13": {
      "clean_distance": 0.0,
      "ood_distances": {
        "fog": 0.0010547041893005371,
        "night": 0.002199530601501465,
        "blur": 0.004699289798736572,
        "noise": 9.840726852416992e-05
      },
      "min_ood": 9.840726852416992e-05,
      "perfect": true
    },
    "42": {
      "clean_distance": 0.0,
      "ood_distances": {
        "fog": 0.0008426308631896973,
        "night": 0.0021948814392089844,
        "blur": 0.005036652088165283,
        "noise": 0.00015681982040405273
      },
      "min_ood": 0.00015681982040405273,
      "perfect": true
    },
    "77": {
      "clean_distance": 0.0,
      "ood_distances": {
        "fog": 0.0011861920356750488,
        "night": 0.002156555652618408,
        "blur": 0.005053222179412842,
        "noise": 0.00015181303024291992
      },
      "min_ood": 0.00015181303024291992,
      "perfect": true
    },
    "99": {
      "clean_distance": 0.0,
      "ood_distances": {
        "fog": 0.0009896159172058105,
        "night": 0.0019192099571228027,
        "blur": 0.005124807357788086,
        "noise": 7.462501525878906e-05
      },
      "min_ood": 7.462501525878906e-05,
      "perfect": true
    },
    "123": {
      "clean_distance": 0.0,
      "ood_distances": {
        "fog": 0.0009461045265197754,
        "night": 0.0021880269050598145,
        "blur": 0.004713892936706543,
        "noise": 0.00013196468353271484
      },
      "min_ood": 0.00013196468353271484,
      "perfect": true
    },
    "456": {
      "clean_distance": 0.0,
      "ood_distances": {
        "fog": 0.0009024143218994141,
        "night": 0.0021578073501586914,
        "blur": 0.005043089389801025,
        "noise": 0.00010567903518676758
      },
      "min_ood": 0.00010567903518676758,
      "perfect": true
    },
    "777": {
      "clean_distance": 0.0,
      "ood_distances": {
        "fog": 0.001034557819366455,
        "night": 0.0020168423652648926,
        "blur": 0.005008041858673096,
        "noise": 8.547306060791016e-05
      },
      "min_ood": 8.547306060791016e-05,
      "perfect": true
    }
  },
  "threshold_strategies": {
    "tau=0": {
      "threshold": 0,
      "tp": 160,
      "tn": 1,
      "fp": 7,
      "fn": 0,
      "sensitivity": 1.0,
      "specificity": 0.125
    },
    "tau=midpoint": {
      "threshold": 8.952617645263672e-05,
      "tp": 147,
      "tn": 4,
      "fp": 4,
      "fn": 13,
      "sensitivity": 0.91875,
      "specificity": 0.5
    },
    "per_scene": {
      "threshold": 0,
      "tp": 160,
      "tn": 8,
      "fp": 0,
      "fn": 0,
      "sensitivity": 1.0,
      "specificity": 1.0
    }
  },
  "degradation": {
    "fog": [
      {
        "severity": 0.0,
        "distance": 0.0
      },
      {
        "severity": 0.05,
        "distance": 1.2934207916259766e-05
      },
      {
        "severity": 0.1,
        "distance": 6.252527236938477e-05
      },
      {
        "severity": 0.15000000000000002,
        "distance": 0.00010651350021362305
      },
      {
        "severity": 0.2,
        "distance": 0.00016802549362182617
      },
      {
        "severity": 0.25,
        "distance": 0.00025159120559692383
      },
      {
        "severity": 0.30000000000000004,
        "distance": 0.00034558773040771484
      },
      {
        "severity": 0.35000000000000003,
        "distance": 0.00046133995056152344
      },
      {
        "severity": 0.4,
        "distance": 0.0005706548690795898
      },
      {
        "severity": 0.45,
        "distance": 0.0007002353668212891
      },
      {
        "severity": 0.5,
        "distance": 0.0008426308631896973
      },
      {
        "severity": 0.55,
        "distance": 0.0009887218475341797
      },
      {
        "severity": 0.6000000000000001,
        "distance": 0.0011508464813232422
      },
      {
        "severity": 0.65,
        "distance": 0.00133514404296875
      },
      {
        "severity": 0.7000000000000001,
        "distance": 0.0014816522598266602
      },
      {
        "severity": 0.75,
        "distance": 0.0016965866088867188
      },
      {
        "severity": 0.8,
        "distance": 0.0018665194511413574
      },
      {
        "severity": 0.8500000000000001,
        "distance": 0.002057969570159912
      },
      {
        "severity": 0.9,
        "distance": 0.0022712349891662598
      },
      {
        "severity": 0.9500000000000001,
        "distance": 0.0024851560592651367
      },
      {
        "severity": 1.0,
        "distance": 0.0027054548263549805
      }
    ],
    "night": [
      {
        "severity": 0.0,
        "distance": 0.0
      },
      {
        "severity": 0.05,
        "distance": 3.1828880310058594e-05
      },
      {
        "severity": 0.1,
        "distance": 0.00013381242752075195
      },
      {
        "severity": 0.15000000000000002,
        "distance": 0.0002383589744567871
      },
      {
        "severity": 0.2,
        "distance": 0.0003681182861328125
      },
      {
        "severity": 0.25,
        "distance": 0.0006166696548461914
      },
      {
        "severity": 0.30000000000000004,
        "distance": 0.0008627772331237793
      },
      {
        "severity": 0.35000000000000003,
        "distance": 0.0011506080627441406
      },
      {
        "severity": 0.4,
        "distance": 0.0015032291412353516
      },
      {
        "severity": 0.45,
        "distance": 0.0018325448036193848
      },
      {
        "severity": 0.5,
        "distance": 0.0021948814392089844
      },
      {
        "severity": 0.55,
        "distance": 0.0025489330291748047
      },
      {
        "severity": 0.6000000000000001,
        "distance": 0.0028502345085144043
      },
      {
        "severity": 0.65,
        "distance": 0.003195822238922119
      },
      {
        "severity": 0.7000000000000001,
        "distance": 0.0035696029663085938
      },
      {
        "severity": 0.75,
        "distance": 0.003999829292297363
      },
      {
        "severity": 0.8,
        "distance": 0.004476428031921387
      },
      {
        "severity": 0.8500000000000001,
        "distance": 0.004935920238494873
      },
      {
        "severity": 0.9,
        "distance": 0.005623042583465576
      },
      {
        "severity": 0.9500000000000001,
        "distance": 0.006730616092681885
      },
      {
        "severity": 1.0,
        "distance": 0.007991313934326172
      }
    ],
    "blur": [
      {
        "severity": 0.0,
        "distance": 0.0
      },
      {
        "severity": 0.05,
        "distance": 0.0001379847526550293
      },
      {
        "severity": 0.1,