{
  "n_scenes": 5,
  "novel_corruptions": {
    "contrast": {
      "auroc": 1.0,
      "mean_dist": 0.006729764405781524
    },
    "brightness": {
      "auroc": 1.0,
      "mean_dist": 0.006964125540908195
    },
    "saturation": {
      "auroc": 0.0,
      "mean_dist": 0.0
    },
    "jpeg": {
      "auroc": 1.0,
      "mean_dist": 0.0018575525081535149
    },
    "invert": {
      "auroc": 0.72,
      "mean_dist": 6.547559586833618e-05
    },
    "pixelate": {
      "auroc": 1.0,
      "mean_dist": 0.004632333400170485
    }
  },
  "extreme_severity": {
    "fog": {
      "0.01": {
        "auroc": 0.52,
        "mean_dist": 6.005356110703186e-05
      },
      "0.05": {
        "auroc": 0.6,
        "mean_dist": 6.90174452397052e-05
      },
      "0.1": {
        "auroc": 0.84,
        "mean_dist": 0.00010411742622362663
      },
      "0.5": {
        "auroc": 1.0,
        "mean_dist": 0.0009643292449576402
      },
      "1.0": {
        "auroc": 1.0,
        "mean_dist": 0.0030239892142145397
      },
      "2.0": {
        "auroc": 1.0,
        "mean_dist": 0.007039635288401791
      },
      "3.0": {
        "auroc": 1.0,
        "mean_dist": 0.007039635288401791
      },
      "5.0": {
        "auroc": 1.0,
        "mean_dist": 0.007039635288401791
      }
    },
    "night": {
      "0.01": {
        "auroc": 0.64,
        "mean_dist": 6.213729034461046e-05
      },
      "0.05": {
        "auroc": 0.8,
        "mean_dist": 7.984984400999373e-05
      },
      "0.1": {
        "auroc": 1.0,
        "mean_dist": 0.00014297226108677118
      },
      "0.5": {
        "auroc": 1.0,
        "mean_dist": 0.001954091747404618
      },
      "1.0": {
        "auroc": 1.0,
        "mean_dist": 0.008392175991722196
      },
      "2.0": {
        "auroc": 1.0,
        "mean_dist": 0.0097228825243026
      },
      "3.0": {
        "auroc": 1.0,
        "mean_dist": 0.0097228825243026
      },
      "5.0": {
        "auroc": 1.0,
        "mean_dist": 0.0097228825243026
      }
    },
    "noise": {
      "0.01": {
        "auroc": 0.56,
        "mean_dist": 6.0850061634654115e-05
      },
      "0.05": {
        "auroc": 0.56,
        "mean_dist": 6.179148488560937e-05
      },
      "0.1": {
        "auroc": 0.6,
        "mean_dist": 6.156510159305295e-05
      },
      "0.5": {
        "auroc": 0.68,
        "mean_dist": 7.319224873705287e-05
      },
      "1.0": {
        "auroc": 1.0,
        "mean_dist": 0.0002109593930713638
      },
      "2.0": {
        "auroc": 1.0,
        "mean_dist": 0.0010093293008752724
      },
      "3.0": {
        "auroc": 1.0,
        "mean_dist": 0.0018506393014795953
      },
      "5.0": {
        "auroc": 1.0,
        "mean_dist": 0.0028430426674266986
      }
    }
  },
  "centroid_perturbation": {
    "0.001": {
      "auroc": 1.0
    },
    "0.01": {
      "auroc": 1.0
    },
    "0.05": {
      "auroc": 1.0
    },
    "0.1": {
      "auroc": 0.93
    },
    "0.5": {
      "auroc": 0.53
    }
  },
  "contaminated_calibration": {
    "0": {
      "auroc": 1.0,
      "n_total_calib": 5,
      "contamination_rate": 0.0
    },
    "1": {
      "auroc": 1.0,
      "n_total_calib": 6,
      "contamination_rate": 0.16666666666666666
    },
    "2": {
      "auroc": 1.0,
      "n_total_calib": 7,
      "contamination_rate": 0.2857142857142857
    },
    "3": {
      "auroc": 1.0,
      "n_total_calib": 8,
      "contamination_rate": 0.375
    }
  },
  "minimal_calibration": {
    "1": {
      "auroc": 0.97
    },
    "2": {
      "auroc": 0.98
    },
    "3": {
      "auroc": 1.0
    },
    "4": {
      "auroc": 1.0
    },
    "5": {
      "auroc": 1.0
    }
  }
}