{
  "experiment": "distribution_shift",
  "experiment_number": 310,
  "timestamp": "20260315_112803",
  "per_scene": {
    "random_42": {
      "per_corruption": {
        "fog": {
          "auroc": 1.0,
          "mean_ood_dist": 0.0012978911399841309
        },
        "night": {
          "auroc": 1.0,
          "mean_ood_dist": 0.003682990868886312
        },
        "blur": {
          "auroc": 1.0,
          "mean_ood_dist": 0.004997630914052327
        },
        "noise": {
          "auroc": 1.0,
          "mean_ood_dist": 0.00023831923802693686
        }
      },
      "mean_auroc": 1.0,
      "id_mean": 0.0,
      "clean_norm": 8.278409004211426
    },
    "gradient_h": {
      "per_corruption": {
        "fog": {
          "auroc": 1.0,
          "mean_ood_dist": 0.00077056884765625
        },
        "night": {
          "auroc": 1.0,
          "mean_ood_dist": 0.0015839536984761555
        },
        "blur": {
          "auroc": 1.0,
          "mean_ood_dist": 1.8636385599772137e-05
        },
        "noise": {
          "auroc": 1.0,
          "mean_ood_dist": 0.0027770002683003745
        }
      },
      "mean_auroc": 1.0,
      "id_mean": 0.0,
      "clean_norm": 8.497978210449219
    },
    "gradient_v": {
      "per_corruption": {
        "fog": {
          "auroc": 1.0,
          "mean_ood_dist": 0.000694135824839274
        },
        "night": {
          "auroc": 1.0,
          "mean_ood_dist": 0.0015180309613545735
        },
        "blur": {
          "auroc": 1.0,
          "mean_ood_dist": 2.2490819295247395e-05
        },
        "noise": {
          "auroc": 1.0,
          "mean_ood_dist": 0.0035126209259033203
        }
      },
      "mean_auroc": 1.0,
      "id_mean": 0.0,
      "clean_norm": 8.375092506408691
    },
    "checkerboard": {
      "per_corruption": {
        "fog": {
          "auroc": 1.0,
          "mean_ood_dist": 0.0017124613126118977
        },
        "night": {
          "auroc": 1.0,
          "mean_ood_dist": 0.004560927549997966
        },
        "blur": {
          "auroc": 1.0,
          "mean_ood_dist": 0.007616976896921794
        },
        "noise": {
          "auroc": 1.0,
          "mean_ood_dist": 0.0014777580897013347
        }
      },
      "mean_auroc": 1.0,
      "id_mean": 0.0,
      "clean_norm": 8.527814865112305
    },
    "red_heavy": {
      "per_corruption": {
        "fog": {
          "auroc": 1.0,
          "mean_ood_dist": 0.0013254682223002117
        },
        "night": {
          "auroc": 1.0,
          "mean_ood_dist": 0.004969934622446696
        },
        "blur": {
          "auroc": 1.0,
          "mean_ood_dist": 0.003646552562713623
        },
        "noise": {
          "auroc": 1.0,
          "mean_ood_dist": 0.00017517805099487305
        }
      },
      "mean_auroc": 1.0,
      "id_mean": 0.0,
      "clean_norm": 8.303664207458496
    },
    "blue_heavy": {
      "per_corruption": {
        "fog": {
          "auroc": 1.0,
          "mean_ood_dist": 0.0013331969579060872
        },
        "night": {
          "auroc": 1.0,
          "mean_ood_dist": 0.003830115000406901
        },
        "blur": {
          "auroc": 1.0,
          "mean_ood_dist": 0.004725317160288493
        },
        "noise": {
          "auroc": 1.0,
          "mean_ood_dist": 0.00018352270126342773
        }
      },
      "mean_auroc": 1.0,
      "id_mean": 0.0,
      "clean_norm": 8.298196792602539
    },
    "very_dark": {
      "per_corruption": {
        "fog": {
          "auroc": 1.0,
          "mean_ood_dist": 0.0026086767514546714
        },
        "night": {
          "auroc": 1.0,
          "mean_ood_dist": 0.0011705954869588215
        },
        "blur": {
          "auroc": 1.0,
          "mean_ood_dist": 0.0019530653953552246
        },
        "noise": {
          "auroc": 1.0,
          "mean_ood_dist": 0.002486069997151693
        }
      },
      "mean_auroc": 1.0,
      "id_mean": 0.0,
      "clean_norm": 8.48145580291748
    },
    "very_bright": {
      "per_corruption": {
        "fog": {
          "auroc": 1.0,
          "mean_ood_dist": 0.00012018283208211263
        },
        "night": {
          "auroc": 1.0,
          "mean_ood_dist": 0.004440863927205403
        },
        "blur": {
          "auroc": 1.0,
          "mean_ood_dist": 0.0013127326965332031
        },
        "noise": {
          "auroc": 1.0,
          "mean_ood_dist": 0.0006301204363505045
        }
      },
      "mean_auroc": 1.0,
      "id_mean": 0.0,
      "clean_norm": 8.42372989654541
    },
    "gray_uniform": {
      "per_corruption": {
        "fog": {
          "auroc": 1.0,
          "mean_ood_dist": 0.0009954174359639485
        },
        "night": {
          "auroc": 1.0,
          "mean_ood_dist": 0.002316455046335856
        },
        "blur": {
          "auroc": 0.5,
          "mean_ood_dist": 0.0
        },
        "noise": {
          "auroc": 1.0,
          "mean_ood_dist": 0.00537260373433431
        }
      },
      "mean_auroc": 0.875,
      "id_mean": 0.0,
      "clean_norm": 8.436399459838867
    },
    "random_99": {
      "per_corruption": {
        "fog": {
          "auroc": 1.0,
          "mean_ood_dist": 0.0014881690343221028
        },
        "night": {
          "auroc": 1.0,
          "mean_ood_dist": 0.003731111685434977
        },
        "blur": {
          "auroc": 1.0,
          "mean_ood_dist": 0.004950424035390218
        },
        "noise": {
          "auroc": 1.0,
          "mean_ood_dist": 0.00015632311503092447
        }
      },
      "mean_auroc": 1.0,
      "id_mean": 0.0,
      "clean_norm": 8.283552169799805
    },
    "stripes": {
      "per_corruption": {
        "fog": {
          "auroc": 1.0,
          "mean_ood_dist": 0.0016279220581054688
        },
        "night": {
          "auroc": 1.0,
          "mean_ood_dist": 0.004885494709014893
        },
        "blur": {
          "auroc": 1.0,
          "mean_ood_dist": 0.0046695272127787275
        },
        "noise": {
          "auroc": 1.0,
          "mean_ood_dist": 0.0017122228940327962
        }
      },
      "mean_auroc": 1.0,
      "id_mean": 0.0,
      "clean_norm": 8.499761581420898
    },
    "circle": {
      "per_corruption": {
        "fog": {
          "auroc": 1.0,
          "mean_ood_dist": 0.0008955995241800944
        },
        "night": {
          "auroc": 1.0,
          "mean_ood_dist": 0.002350032329559326
        },
        "blur": {
          "auroc": 1.0,
          "mean_ood_dist": 0.004171689351399739
        },
        "noise": {
          "auroc": 1.0,
          "mean_ood_dist": 0.001900474230448405
        }
      },
      "mean_auroc": 1.0,
      "id_mean": 0.0,
      "clean_norm": 8.31666088104248
    }
  },
  "cross_transfer": {
    "random_42": {
      "gradient_h": {
        "auroc": 0.75,
        "id_mean": 0.004772841930389404,
        "ood_mean": 0.0048508793115615845
      },
      "checkerboard": {
        "auroc": 0.5,
        "id_mean": 0.00799018144607544,
        "ood_mean": 0.007801815867424011
      },
      "very_dark": {
        "auroc": 0.5,
        "id_mean": 0.004906594753265381,
        "ood_mean": 0.00571025162935257
      },
      "very_bright": {
        "auroc": 0.75,
        "id_mean": 0.00348818302154541,
        "ood_mean": 0.00426192581653595
      },
      "random_99": {
        "auroc": 1.0,
        "id_mean": 0.00010567903518676758,
        "ood_mean": 0.003105439245700836
      }
    },
    "gradient_h": {
      "random_42": {
        "auroc": 0.375,
        "id_mean": 0.004772841930389404,
        "ood_mean": 0.004123754799365997
      },
      "checkerboard": {
        "auroc": 0.25,
        "id_mean": 0.01191568374633789,
        "ood_mean": 0.010582312941551208
      },
      "very_dark": {
        "auroc": 0.5,
        "id_mean": 0.003204941749572754,
        "ood_mean": 0.004087559878826141
      },
      "very_bright": {
        "auroc": 0.625,
        "id_mean": 0.0029925107955932617,