{
  "experiment": "dist_kl_correlation",
  "experiment_number": 262,
  "timestamp": "20260315_082930",
  "results": {
    "night": {
      "cosine_distances": [
        7.48e-05,
        0.00026125,
        0.00058192,
        0.00104231,
        0.00158399,
        0.00231928,
        0.00317627,
        0.00405121,
        0.00503224,
        0.00644326
      ],
      "kl_divergences": [
        0.072131,
        0.284438,
        0.817089,
        1.559622,
        2.078982,
        3.057906,
        4.473711,
        6.384969,
        7.888909,
        6.799577
      ],
      "entropies": [
        2.483419,
        2.751528,
        2.672835,
        2.176164,
        1.951289,
        2.005742,
        2.222793,
        1.33637,
        1.514885,
        3.250576
      ],
      "top1_probs": [
        0.432486,
        0.312807,
        0.334381,
        0.530139,
        0.599244,
        0.539505,
        0.369314,
        0.762748,
        0.695421,
        0.258904
      ],
      "corr_distance_kl": 0.9625,
      "corr_distance_entropy": -0.1267
    },
    "blur": {
      "cosine_distances": [
        0.00013071,
        0.00077778,
        0.00123042,
        0.0018881,
        0.00259537,
        0.00315768,
        0.00362015,
        0.00401127,
        0.00431752,
        0.00454754
      ],
      "kl_divergences": [
        0.915575,
        1.948426,
        3.281423,
        4.926682,
        5.758448,
        5.796916,
        5.351836,
        4.537864,
        4.169115,
        4.172154
      ],
      "entropies": [
        3.403529,
        2.452894,
        2.963164,
        1.623522,
        1.513973,
        2.737241,
        3.173711,
        3.024893,
        2.877985,
        3.480777
      ],
      "top1_probs": [
        0.166764,
        0.470121,
        0.355795,
        0.660041,
        0.611361,
        0.250836,
        0.217913,
        0.371708,
        0.39942,
        0.227604
      ],
      "corr_distance_kl": 0.6795,
      "corr_distance_entropy": 0.1999
    }
  }
}