{
  "experiment": "dual_layer_detector",
  "experiment_number": 140,
  "timestamp": "20260315_003047",
  "monitor_layers": [
    3,
    32
  ],
  "detection_results": {
    "L3_only": {
      "auroc": 1.0,
      "d_prime": 128.19364215658544
    },
    "L32_only": {
      "auroc": 0.9855555555555556,
      "d_prime": 26.045376405157842
    },
    "max": {
      "auroc": 0.9855555555555556,
      "d_prime": 26.045376405157842
    },
    "mean": {
      "auroc": 0.9855555555555556,
      "d_prime": 26.267585405054987
    }
  },
  "per_category_auroc": {
    "noise": {
      "auroc": 1.0,
      "d_prime": 43.98035995729686
    },
    "indoor": {
      "auroc": 1.0,
      "d_prime": 33.31123747490748
    },
    "twilight": {
      "auroc": 1.0,
      "d_prime": 43.70855979046442
    },
    "snow": {
      "auroc": 1.0,
      "d_prime": 22.397937484067793
    },
    "fog_30": {
      "auroc": 0.9177777777777778,
      "d_prime": 1.2556049060082815
    },
    "fog_50": {
      "auroc": 0.9666666666666667,
      "d_prime": 2.820454366899267
    },
    "rain": {
      "auroc": 1.0,
      "d_prime": 44.78484841198776
    },
    "desert": {
      "auroc": 1.0,
      "d_prime": 16.104008849630883
    }
  },
  "per_category_scores": {
    "highway": {
      "group": "ID",
      "L3_mean": 0.00027599732081095375,
      "L32_mean": 0.08441638946533203
    },
    "urban": {
      "group": "ID",
      "L3_mean": 0.00028000275293986004,
      "L32_mean": 0.09202832380930583
    },
    "noise": {
      "group": "OOD",
      "L3_mean": 0.004504923025767008,
      "L32_mean": 0.4422937989234924
    },
    "indoor": {
      "group": "OOD",
      "L3_mean": 0.0020827651023864746,
      "L32_mean": 0.356400195757548
    },
    "twilight": {
      "group": "OOD",
      "L3_mean": 0.0026646057764689126,
      "L32_mean": 0.4401056249936422
    },
    "snow": {
      "group": "OOD",
      "L3_mean": 0.0017901023228963217,
      "L32_mean": 0.26854079961776733
    },
    "fog_30": {
      "group": "OOD",
      "L3_mean": 0.0003502766291300456,
      "L32_mean": 0.098330819606781
    },
    "fog_50": {
      "group": "OOD",
      "L3_mean": 0.0005782485008239746,
      "L32_mean": 0.11092890898386637
    },
    "rain": {
      "group": "OOD",
      "L3_mean": 0.0033016284306844074,
      "L32_mean": 0.4487704714139303
    },
    "desert": {
      "group": "OOD",
      "L3_mean": 0.000984672705332438,
      "L32_mean": 0.21787044604619343
    }
  }
}