{
  "experiment": "embedding_dim",
  "experiment_number": 78,
  "timestamp": "20260314_195747",
  "full_dim": 4096,
  "n_cal": 30,
  "n_test": 46,
  "results": {
    "2": {
      "auroc": 1.0,
      "cohens_d": 8.842682871719774,
      "id_mean": 0.49994402676820754,
      "ood_mean": 1.769499123096466
    },
    "4": {
      "auroc": 1.0,
      "cohens_d": 19.795883786158893,
      "id_mean": 0.505224421620369,
      "ood_mean": 1.547623750108939
    },
    "8": {
      "auroc": 1.0,
      "cohens_d": 14.945565808896264,
      "id_mean": 0.5121651694178582,
      "ood_mean": 1.5030516535043716
    },
    "16": {
      "auroc": 1.0,
      "cohens_d": 15.008858581039705,
      "id_mean": 0.5265300035476684,
      "ood_mean": 1.4953235273177807
    },
    "4096": {
      "auroc": 1.0,
      "cohens_d": 9.738545463642671,
      "id_mean": 0.08696703314781189,
      "ood_mean": 0.4175240466227898
    }
  }
}