{
  "n_scenes": 8,
  "emb_dim": 4096,
  "angular_distribution": {
    "clean": {
      "mean_angle": 0.5683670240329933,
      "std_angle": 0.11756586638720286,
      "min_angle": 0.44291869167860953,
      "max_angle": 0.8093641632436118
    },
    "fog": {
      "mean_angle": 4.4293761839011125,
      "std_angle": 0.019042948211394187,
      "min_angle": 4.411444073961777,
      "max_angle": 4.475550133301663
    },
    "night": {
      "mean_angle": 7.434045992683655,
      "std_angle": 0.0672418651048824,
      "min_angle": 7.337062317408228,
      "max_angle": 7.538859087365771
    },
    "noise": {
      "mean_angle": 1.1293201794317569,
      "std_angle": 0.12932517473073235,
      "min_angle": 0.9847982915808488,
      "max_angle": 1.3789435206871485
    },
    "blur": {
      "mean_angle": 6.6834826325343855,
      "std_angle": 0.1463268819949949,
      "min_angle": 6.506238550813934,
      "max_angle": 6.959631856597385
    }
  },
  "fisher_criterion": {
    "fog": {
      "inter_class_distance": 0.6532613635063171,
      "intra_class_spread": 0.12892233972931058,
      "fisher_ratio": 5.067092056178358,
      "clean_spread": 0.08386263916615015,
      "corr_spread": 0.045059700563160436
    },
    "night": {
      "inter_class_distance": 1.1166948080062866,
      "intra_class_spread": 0.136709261032894,
      "fisher_ratio": 8.16839180878606,
      "clean_spread": 0.08386263916615015,
      "corr_spread": 0.052846621866743826
    },
    "noise": {
      "inter_class_distance": 0.1506597399711609,
      "intra_class_spread": 0.1562546116873863,
      "fisher_ratio": 0.964193877826666,
      "clean_spread": 0.08386263916615015,
      "corr_spread": 0.07239197252123614
    },
    "blur": {
      "inter_class_distance": 0.9542707800865173,
      "intra_class_spread": 0.2574014814283977,
      "fisher_ratio": 3.7073243510137694,
      "clean_spread": 0.08386263916615015,
      "corr_spread": 0.17353884226224753
    }
  },
  "embedding_norms": {
    "clean": {
      "mean_norm": 8.254115581512451,
      "std_norm": 0.019082643301624538,
      "min_norm": 8.225774765014648,
      "max_norm": 8.281038284301758
    },
    "fog": {
      "mean_norm": 8.378607869148254,
      "std_norm": 0.010098971957972415,
      "min_norm": 8.365857124328613,
      "max_norm": 8.398063659667969
    },
    "night": {
      "mean_norm": 8.514590740203857,
      "std_norm": 0.01662892946234072,
      "min_norm": 8.491182327270508,
      "max_norm": 8.544672012329102
    },
    "noise": {
      "mean_norm": 8.216660857200623,
      "std_norm": 0.008704502513005448,
      "min_norm": 8.1979341506958,
      "max_norm": 8.226245880126953
    },
    "blur": {
      "mean_norm": 8.069006204605103,
      "std_norm": 0.038877073470872436,
      "min_norm": 8.023625373840332,
      "max_norm": 8.123978614807129
    }
  },
  "nearest_neighbor": {
    "n_total": 40,
    "nn_accuracy": 1.0,
    "mean_within_dist": 0.00015789134192792771,
    "mean_between_dist": 0.006190288244097372,
    "separation_ratio": 39.2060018523564
  },
  "magnitude_ordering": {
    "fog": {
      "severity_dists": {
        "0.1": 0.00011479408245246292,
        "0.25": 0.0003190155730166122,
        "0.5": 0.0009739215800384504,
        "0.75": 0.0019091082226556089,
        "1.0": 0.003001487897800248
      },
      "monotonic": true,
      "correlation_with_severity": 0.9873880048137926
    },
    "night": {
      "severity_dists": {
        "0.1": 0.00014445499556825503,
        "0.25": 0.0005053976878784949,
        "0.5": 0.0019611059935682185,
        "0.75": 0.004031842421718113,
        "1.0": 0.008336438849218891
      },
      "monotonic": true,
      "correlation_with_severity": 0.9581587813695596
    },
    "noise": {
      "severity_dists": {
        "0.1": 6.849184182941559e-05,
        "0.25": 7.535081889950557e-05,
        "0.5": 8.444005672575416e-05,
        "0.75": 0.00012535763142071388,
        "1.0": 0.0002284683314431324
      },
      "monotonic": true,
      "correlation_with_severity": 0.9043919966388655
    },
    "blur": {
      "severity_dists": {
        "0.1": 0.0012205066781787455,
        "0.25": 0.003322657187804945,
        "0.5": 0.005191232605659263,
        "0.75": 0.006180835491924691,
        "1.0": 0.0068684125037121735
      },
      "monotonic": true,
      "correlation_with_severity": 0.9570846693919859
    }
  }
}