{
  "experiment": "embedding_dynamics_across_model_depth",
  "experiment_number": 456,
  "timestamp": "20260315_215450",
  "config": {
    "seeds": [
      42,
      123,
      456,
      789,
      1000,
      2000,
      3000,
      4000
    ],
    "corruption_types": [
      "fog",
      "night",
      "noise",
      "blur"
    ],
    "severity": 1.0,
    "prompt": "In: What action should the robot take to drive forward safely?\nOut:",
    "n_layers": 33,
    "n_scenes": 8,
    "n_conditions": 5,
    "conditions": [
      "clean",
      "fog",
      "night",
      "noise",
      "blur"
    ],
    "rsa_max_dim": 512
  },
  "analysis_1_layer_cosine_similarity": {
    "clean": [
      0.2540343180298805,
      0.8578782975673676,
      0.9889354705810547,
      0.9890908598899841,
      0.9831907749176025,
      0.990570068359375,
      0.9889636486768723,
      0.986265704035759,
      0.9861390367150307,
      0.9744757190346718,
      0.9629215821623802,
      0.9217772781848907,
      0.924225203692913,
      0.9190344735980034,
      0.9000225067138672,
      0.9228216782212257,
      0.9350032657384872,
      0.9528973698616028,
      0.9542523697018623,
      0.9663553312420845,
      0.9687117114663124,
      0.9759857654571533,
      0.9763085246086121,
      0.9779122546315193,
      0.9790157228708267,
      0.9826280474662781,
      0.9845241010189056,
      0.9881662800908089,
      0.9869666621088982,
      0.985106348991394,
      0.9896621108055115,
      0.5858932211995125
    ],
    "fog": [
      0.2593764066696167,
      0.8539645001292229,
      0.9891693294048309,
      0.9875077232718468,
      0.9812365248799324,
      0.9911371991038322,
      0.9906466826796532,
      0.9891818314790726,
      0.9878640025854111,
      0.9776224792003632,
      0.9720811769366264,
      0.9307905286550522,
      0.9299687445163727,
      0.9278805553913116,
      0.9156221300363541,
      0.934843972325325,
      0.9410608112812042,
      0.9553346335887909,
      0.9611504152417183,
      0.9670541062951088,
      0.9709020182490349,
      0.97191521525383,
      0.9764578491449356,
      0.9728405028581619,
      0.9760854914784431,
      0.9802722483873367,
      0.9808610528707504,
      0.9869871661067009,
      0.9864490702748299,
      0.9829186573624611,
      0.9890083894133568,
      0.6016024798154831
    ],
    "night": [
      0.253946240991354,
      0.86960768699646,
      0.9893156960606575,
      0.9906992167234421,
      0.9855066537857056,
      0.9903953745961189,
      0.9858810901641846,
      0.9833128377795219,
      0.9841479510068893,
      0.9717902541160583,
      0.9531790465116501,
      0.9041212126612663,
      0.9139348939061165,
      0.9066982790827751,
      0.9144210740923882,
      0.9168008491396904,
      0.9359037131071091,
      0.9505912065505981,
      0.9461163580417633,
      0.9619651660323143,
      0.9674788266420364,
      0.970762349665165,
      0.9783491343259811,
      0.9848022162914276,
      0.9863093942403793,
      0.9899071156978607,
      0.9888856485486031,
      0.9838297143578529,
      0.9864496886730194,
      0.9731744825839996,
      0.9560605138540268,
      0.5117089338600636
    ],
    "noise": [
      0.25417761877179146,
      0.8595296442508698,
      0.9881894439458847,
      0.9888563677668571,
      0.9826688021421432,
      0.9903873279690742,
      0.9885209426283836,
      0.9858212471008301,
      0.986015573143959,
      0.9751800745725632,
      0.9634383469820023,
      0.9235769361257553,
      0.9253132417798042,
      0.919344462454319,
      0.8981555625796318,
      0.922700934112072,
      0.9345459789037704,
      0.9514424055814743,
      0.95294339209795,
      0.9648366346955299,
      0.9675007164478302,
      0.9757567942142487,
      0.9770623818039894,
      0.9774540811777115,
      0.9787644669413567,
      0.9832271188497543,
      0.9845579266548157,
      0.9884375631809235,
      0.9883526340126991,
      0.9869653955101967,
      0.9905975311994553,
      0.5786295458674431
    ],
    "blur": [
      0.2593437619507313,
      0.8636824861168861,
      0.9891214668750763,
      0.9883195012807846,
      0.981515608727932,
      0.9892468750476837,
      0.9859732612967491,
      0.9832707494497299,
      0.9830194935202599,
      0.9662304148077965,
      0.9604014232754707,
      0.922113798558712,
      0.9241316840052605,
      0.9112332835793495,
      0.912938192486763,
      0.9153664112091064,
      0.935977540910244,
      0.9502402693033218,
      0.951179713010788,
      0.9634487852454185,
      0.9622482731938362,
      0.969450406730175,
      0.9772472083568573,
      0.9801529198884964,
      0.9807212799787521,
      0.9841824769973755,
      0.9848696887493134,
      0.98648302257061,
      0.9876589253544807,
      0.9832452163100243,
      0.978760838508606,
      0.594622440636158
    ]
  },
  "analysis_2_corruption_divergence": {
    "fog": [
      0.0,
      0.0008619353175163269,
      0.0033236443996429443,
      0.00301477313041687,
      0.002603963017463684,
      0.00252513587474823,
      0.002121366560459137,
      0.0021981000900268555,
      0.0027770549058914185,
      0.0023819580674171448,
      0.004871860146522522,
      0.008813194930553436,
      0.014467686414718628,
      0.02001628279685974,
      0.02601318061351776,
      0.042003631591796875,
      0.052664898335933685,
      0.07158901542425156,
      0.07546398043632507,
      0.08315824717283249,
      0.085264652967453,
      0.08549685776233673,
      0.09082525223493576,
      0.09537345916032791,
      0.09870288521051407,
      0.09315290302038193,
      0.09383875131607056,
      0.08596790581941605,
      0.0895402580499649,
      0.09149760752916336,
      0.08931031078100204,
      0.0894138440489769,
      0.25561556965112686
    ],
    "night": [
      0.0,
      0.004514411091804504,
      0.009306162595748901,
      0.008132144808769226,
      0.006460689008235931,
      0.005165576934814453,
      0.00447893887758255,
      0.005617648363113403,
      0.009205348789691925,
      0.00796990841627121,
      0.014304064214229584,
      0.044351451098918915,
      0.0802178904414177,
      0.11464987695217133,
      0.1422162726521492,
      0.19653315097093582,
      0.23452695459127426,
      0.2753436490893364,
      0.2799048125743866,
      0.2929835692048073,
      0.29489609599113464,
      0.2757287845015526,
      0.266777902841568,
      0.25281693041324615,
      0.242776021361351,
      0.21337267756462097,
      0.21434753388166428,
      0.1982424408197403,
      0.21098105609416962,
      0.2165234535932541,
      0.22545243799686432,
      0.24402810633182526,
      0.6233500204980373
    ],
    "noise": [
      0.0,
      5.3063035011291504e-05,
      0.0002699345350265503,
      0.00023943930864334106,
      0.00018724799156188965,
      0.00016847997903823853,
      0.0001417100429534912,
      0.00016113370656967163,
      0.0002675577998161316,
      0.0002477914094924927,
      0.0005571171641349792,
      0.0012091398239135742,
      0.004467427730560303,
      0.008281603455543518,
      0.011689484119415283,
      0.02000415325164795,
      0.02411622554063797,
      0.032829269766807556,
      0.03541058301925659,
      0.039142318069934845,
      0.04000481218099594,
      0.04075329750776291,
      0.04264242947101593,
      0.047417424619197845,
      0.04848411679267883,
      0.04647102952003479,
      0.049125686287879944,
      0.04573472589254379,
      0.048976100981235504,
      0.05047716945409775,
      0.04987097531557083,
      0.05009021610021591,
      0.14661413431167603
    ],