{
  "experiment": "embedding_viz",
  "experiment_number": 55,
  "timestamp": "20260314_175156",
  "n_samples": 64,
  "dim": 4096,
  "pca_2d": [
    [
      12.074244499206543,
      -11.88187313079834
    ],
    [
      19.927709579467773,
      -9.914458274841309
    ],
    [
      29.014596939086914,
      -9.099581718444824
    ],
    [
      41.140106201171875,
      -2.1650443077087402
    ],
    [
      40.98394012451172,
      -1.2207306623458862
    ],
    [
      41.09074401855469,
      -2.035560369491577
    ],
    [
      26.33523941040039,
      -8.928787231445312
    ],
    [
      26.56910514831543,
      -5.229183197021484
    ],
    [
      31.481212615966797,
      -3.075849771499634
    ],
    [
      8.1297607421875,
      8.30224323272705
    ],
    [
      21.20609474182129,
      -12.05150032043457
    ],
    [
      3.5369904041290283,
      -14.52006721496582
    ],
    [
      -24.643579483032227,
      15.493661880493164
    ],
    [
      -78.53160095214844,
      -61.34920883178711
    ],
    [
      -27.41459846496582,
      31.162076950073242
    ],
    [
      -10.197575569152832,
      35.9309196472168
    ],
    [
      -30.863046646118164,
      40.694435119628906
    ],
    [
      -79.64491271972656,
      -62.31319808959961
    ],
    [
      -6.455548286437988,
      -1.8217684030532837
    ],
    [
      -30.54988670349121,
      41.16371154785156
    ],
    [
      -77.41516876220703,
      -60.823997497558594
    ],
    [
      -7.406650543212891,
      14.188752174377441
    ],
    [
      -77.24097442626953,
      -60.49607849121094
    ],
    [
      -20.329883575439453,
      6.194983959197998
    ],
    [
      20.54438591003418,
      -8.600293159484863
    ],
    [
      18.12660789489746,
      -10.033316612243652
    ],
    [
      12.912020683288574,
      -13.733843803405762
    ],
    [
      -1.809903621673584,
      1.153679609298706
    ],
    [
      23.137630462646484,
      -5.2951130867004395
    ],
    [
      6.345815181732178,
      -7.1650285720825195
    ],
    [
      26.812124252319336,
      -9.98806381225586
    ],
    [
      12.556183815002441,
      -0.029932131990790367
    ],
    [
      23.976823806762695,
      -18.69314193725586
    ],
    [
      23.96567153930664,
      -18.770841598510742
    ],
    [
      21.725622177124023,
      -6.788978576660156
    ],
    [
      28.724647521972656,
      -28.323040008544922
    ],
    [
      -8.738296508789062,
      6.3972649574279785
    ],
    [
      -21.12948989868164,
      29.594993591308594
    ],
    [
      29.273927688598633,
      -28.363988876342773
    ],
    [
      27.496206283569336,
      -28.48509407043457
    ],
    [
      4.101413249969482,
      11.847593307495117
    ],
    [
      -7.671182632446289,
      4.5902323722839355
    ],
    [
      18.580188751220703,
      -1.6724581718444824
    ],
    [
      17.486328125,
      -7.565723419189453
    ],
    [
      26.548507690429688,
      -5.047183990478516
    ],
    [
      9.649223327636719,
      -2.0345659255981445
    ],
    [
      -4.282709121704102,
      18.404396057128906
    ],
    [
      22.303342819213867,
      -10.305301666259766
    ],
    [
      0.3775717318058014,
      -1.8095897436141968
    ],
    [
      0.3775717318058014,
      -1.8095897436141968
    ],
    [
      0.3775717318058014,
      -1.8095897436141968
    ],
    [
      0.3775717318058014,
      -1.8095897436141968
    ],
    [
      0.3775717318058014,
      -1.8095897436141968
    ],
    [
      0.3775717318058014,
      -1.8095897436141968
    ],
    [
      0.3775717318058014,
      -1.8095897436141968
    ],
    [
      0.3775717318058014,
      -1.8095897436141968
    ],
    [
      -25.53497886657715,
      33.5573616027832
    ],
    [
      -3.1741416454315186,
      5.399813652038574
    ],
    [
      -23.46704864501953,
      48.74155044555664
    ],
    [
      -23.45888328552246,
      47.76172637939453
    ],
    [
      -27.04547882080078,
      45.36174774169922
    ],
    [
      -2.3289456367492676,
      -0.6119031310081482
    ],
    [
      -29.84103012084961,
      53.64812088012695
    ],
    [
      -29.601505279541016,
      53.32210159301758
    ]
  ],
  "scenarios": [
    "highway",
    "highway",
    "highway",
    "highway",
    "highway",
    "highway",
    "highway",
    "highway",
    "highway",
    "highway",
    "highway",
    "highway",
    "urban",
    "urban",
    "urban",
    "urban",
    "urban",
    "urban",
    "urban",
    "urban",
    "urban",
    "urban",
    "urban",
    "urban",
    "noise",
    "noise",
    "noise",
    "noise",
    "noise",
    "noise",
    "noise",
    "noise",
    "indoor",
    "indoor",
    "indoor",
    "indoor",
    "indoor",
    "indoor",
    "indoor",
    "indoor",
    "inverted",
    "inverted",
    "inverted",
    "inverted",
    "inverted",
    "inverted",
    "inverted",
    "inverted",
    "blackout",
    "blackout",
    "blackout",
    "blackout",
    "blackout",
    "blackout",
    "blackout",
    "blackout",
    "blank",
    "blank",
    "blank",
    "blank",
    "blank",
    "blank",
    "blank",
    "blank"
  ],
  "is_ood": [
    false,
    false,
    false,
    false,
    false,
    false,
    false,
    false,
    false,
    false,
    false,
    false,
    false,
    false,
    false,
    false,
    false,
    false,
    false,
    false,
    false,
    false,
    false,
    false,
    true,
    true,
    true,
    true,
    true,
    true,
    true,
    true,
    true,
    true,
    true,
    true,
    true,
    true,
    true,
    true,
    true,
    true,
    true,
    true,
    true,
    true,
    true,
    true,
    true,
    true,
    true,
    true,
    true,
    true,
    true,
    true,
    true,
    true,
    true,
    true,
    true,
    true,
    true,
    true
  ],
  "pca_explained_variance": [
    0.08881273120641708,
    0.07131411880254745,
    0.06253662705421448,
    0.05069003254175186,
    0.0429820716381073,
    0.040145862847566605,
    0.034385014325380325,
    0.030094711109995842,
    0.02972385473549366,
    0.02711639367043972
  ],
  "cumulative_variance_50": 0.9990197420120239,
  "id_intra_dist": 0.5107788493235906,
  "ood_intra_dist": 0.5886066034436226,
  "inter_dist": 0.3754572868347168,
  "silhouette_score": 0.1111346110701561,
  "auroc": 0.9864583333333333,
  "scenario_centroids_2d": {
    "blackout": [
      0.3775717616081238,
      -1.8095896244049072
    ],
    "blank": [
      -20.556501388549805,
      35.89756393432617
    ],
    "highway": [
      25.124143600463867,
      -5.985032558441162
    ],
    "indoor": [
      15.66188907623291,
      -11.67910385131836
    ],
    "inverted": [
      10.83938980102539,
      1.0271234512329102
    ],
    "noise": [
      14.828108787536621,
      -6.711489200592041
    ],
    "urban": [
      -39.22445297241211,
      -5.164642333984375
    ]
  }
}