{
  "image_interpolation": {
    "fog": {
      "0.00": {
        "mean_dist": 5.809217572343428e-05,
        "std_dist": 2.301192428240914e-05,
        "auroc": 0.5
      },
      "0.05": {
        "mean_dist": 6.90174452397052e-05,
        "std_dist": 3.7865506163722255e-05,
        "auroc": 0.6
      },
      "0.10": {
        "mean_dist": 9.851856525251445e-05,
        "std_dist": 5.0540398291242395e-05,
        "auroc": 0.8
      },
      "0.15": {
        "mean_dist": 0.00014853923544078107,
        "std_dist": 6.563844395480574e-05,
        "auroc": 0.92
      },
      "0.20": {
        "mean_dist": 0.000216839467942731,
        "std_dist": 7.677357811496884e-05,
        "auroc": 1.0
      },
      "0.25": {
        "mean_dist": 0.0003052417882326797,
        "std_dist": 8.48447999116034e-05,
        "auroc": 1.0
      },
      "0.30": {
        "mean_dist": 0.0003901424683399934,
        "std_dist": 8.620230535362356e-05,
        "auroc": 1.0
      },
      "0.35": {
        "mean_dist": 0.0005209848004068096,
        "std_dist": 8.955627226332431e-05,
        "auroc": 1.0
      },
      "0.40": {
        "mean_dist": 0.0006420205171125293,
        "std_dist": 9.410022047109003e-05,
        "auroc": 1.0
      },
      "0.45": {
        "mean_dist": 0.0007920073260332394,
        "std_dist": 8.553965649532255e-05,
        "auroc": 1.0
      },
      "0.50": {
        "mean_dist": 0.0009643292449576402,
        "std_dist": 9.806710436378737e-05,
        "auroc": 1.0
      },
      "0.55": {
        "mean_dist": 0.0011082903349127094,
        "std_dist": 8.474929194907165e-05,
        "auroc": 1.0
      },
      "0.60": {
        "mean_dist": 0.0012854567362430291,
        "std_dist": 8.70385390771039e-05,
        "auroc": 1.0
      },
      "0.65": {
        "mean_dist": 0.0014817906389694268,
        "std_dist": 7.841114201042228e-05,
        "auroc": 1.0
      },
      "0.70": {
        "mean_dist": 0.0016788274729902853,
        "std_dist": 7.119067064561969e-05,
        "auroc": 1.0
      },
      "0.75": {
        "mean_dist": 0.0018972732638331325,
        "std_dist": 7.654277908793335e-05,
        "auroc": 1.0
      },
      "0.80": {
        "mean_dist": 0.002114209634890352,
        "std_dist": 6.530173331873563e-05,
        "auroc": 1.0
      },
      "0.85": {
        "mean_dist": 0.0023325292397911256,
        "std_dist": 6.278625661287241e-05,
        "auroc": 1.0
      },
      "0.90": {
        "mean_dist": 0.0025410881199978918,
        "std_dist": 5.5746914173732364e-05,
        "auroc": 1.0
      },
      "0.95": {
        "mean_dist": 0.002762015551078023,
        "std_dist": 5.1084634983610195e-05,
        "auroc": 1.0
      },
      "1.00": {
        "mean_dist": 0.0030239892142145397,
        "std_dist": 2.9138061606936035e-05,
        "auroc": 1.0
      }
    },
    "night": {
      "0.00": {
        "mean_dist": 5.809217572343428e-05,
        "std_dist": 2.301192428240914e-05,
        "auroc": 0.5
      },
      "0.05": {
        "mean_dist": 7.984984400999373e-05,
        "std_dist": 2.4302791096728804e-05,
        "auroc": 0.8
      },
      "0.10": {
        "mean_dist": 0.00014297226108677118,
        "std_dist": 2.964030052255195e-05,
        "auroc": 1.0
      },
      "0.15": {
        "mean_dist": 0.00023884950091117573,
        "std_dist": 3.6316132903197287e-05,
        "auroc": 1.0
      },
      "0.20": {
        "mean_dist": 0.00035604253169985167,
        "std_dist": 3.5043202953448037e-05,
        "auroc": 1.0
      },
      "0.25": {
        "mean_dist": 0.0005182763471951235,
        "std_dist": 6.288700503615522e-05,
        "auroc": 1.0
      },
      "0.30": {
        "mean_dist": 0.0007449758287981334,
        "std_dist": 7.726097842309186e-05,
        "auroc": 1.0
      },
      "0.35": {
        "mean_dist": 0.0009827406450221288,
        "std_dist": 0.00010241324699328797,
        "auroc": 1.0
      },
      "0.40": {
        "mean_dist": 0.001255914267544278,
        "std_dist": 0.00010779043094080315,
        "auroc": 1.0
      },
      "0.45": {
        "mean_dist": 0.0016177442597623327,
        "std_dist": 0.00015253528680051723,
        "auroc": 1.0
      },
      "0.50": {
        "mean_dist": 0.0019531574021849573,
        "std_dist": 0.00016007651872925732,
        "auroc": 1.0
      },
      "0.55": {
        "mean_dist": 0.0023448499254205,
        "std_dist": 0.00018372577933338963,
        "auroc": 1.0
      },
      "0.60": {
        "mean_dist": 0.0027249492063825763,
        "std_dist": 0.00016384232237470983,
        "auroc": 1.0
      },
      "0.65": {
        "mean_dist": 0.0031427437261245528,
        "std_dist": 0.00017604195031702935,
        "auroc": 1.0
      },
      "0.70": {
        "mean_dist": 0.003559863831066079,
        "std_dist": 0.00017694443442177414,
        "auroc": 1.0
      },
      "0.75": {
        "mean_dist": 0.004021750786591771,
        "std_dist": 0.0001788675527558411,
        "auroc": 1.0
      },
      "0.80": {
        "mean_dist": 0.004598544823188178,
        "std_dist": 0.00016848160838164525,
        "auroc": 1.0
      },
      "0.85": {
        "mean_dist": 0.005260470418954366,
        "std_dist": 0.00012061048075431835,
        "auroc": 1.0
      },
      "0.90": {
        "mean_dist": 0.0060508295164996674,
        "std_dist": 7.49864340694407e-05,
        "auroc": 1.0
      },
      "0.95": {
        "mean_dist": 0.007049480850933443,
        "std_dist": 6.0202173247805876e-05,
        "auroc": 1.0
      },
      "1.00": {
        "mean_dist": 0.008392175991722196,
        "std_dist": 9.636989555269118e-05,
        "auroc": 1.0
      }
    },
    "noise": {
      "0.00": {
        "mean_dist": 5.809217572343428e-05,
        "std_dist": 2.301192428240914e-05,
        "auroc": 0.5
      },
      "0.05": {
        "mean_dist": 6.023990873016416e-05,
        "std_dist": 2.8020961017747683e-05,
        "auroc": 0.44
      },
      "0.10": {
        "mean_dist": 6.0673144093659205e-05,
        "std_dist": 2.8642783330951425e-05,
        "auroc": 0.56
      },
      "0.15": {
        "mean_dist": 6.181346916982467e-05,
        "std_dist": 3.1035434093547814e-05,
        "auroc": 0.52
      },
      "0.20": {
        "mean_dist": 6.376373845318195e-05,
        "std_dist": 3.0993034061400543e-05,
        "auroc": 0.52
      },
      "0.25": {
        "mean_dist": 6.566529655138709e-05,
        "std_dist": 2.9855151208459244e-05,
        "auroc": 0.56
      },
      "0.30": {
        "mean_dist": 6.50081406052383e-05,
        "std_dist": 3.236711551864922e-05,
        "auroc": 0.56
      },
      "0.35": {
        "mean_dist": 6.603176781809772e-05,
        "std_dist": 3.1444357755787904e-05,
        "auroc": 0.56
      },
      "0.40": {
        "mean_dist": 6.351023647037657e-05,
        "std_dist": 3.2565601211145935e-05,
        "auroc": 0.52
      },
      "0.45": {
        "mean_dist": 5.671613611735182e-05,
        "std_dist": 2.5094052381329418e-05,
        "auroc": 0.48
      },
      "0.50": {
        "mean_dist": 5.539764544393311e-05,
        "std_dist": 2.3560515033775378e-05,
        "auroc": 0.44
      },
      "0.55": {
        "mean_dist": 5.825131203662792e-05,
        "std_dist": 2.4592591935542785e-05,
        "auroc": 0.48
      },
      "0.60": {
        "mean_dist": 5.7230234510652345e-05,
        "std_dist": 2.478151084445195e-05,
        "auroc": 0.48
      },
      "0.65": {
        "mean_dist": 5.766985256652202e-05,
        "std_dist": 2.6770059482987823e-05,
        "auroc": 0.48
      },
      "0.70": {
        "mean_dist": 6.19189297666356e-05,
        "std_dist": 2.862495105310446e-05,
        "auroc": 0.52
      },
      "0.75": {
        "mean_dist": 6.772124771341481e-05,
        "std_dist": 2.92024106212845e-05,
        "auroc": 0.6
      },
      "0.80": {
        "mean_dist": 8.099485319710276e-05,
        "std_dist": 2.7328707387130473e-05,
        "auroc": 0.8
      },