{
  "experiment": "embedding_geometry",
  "experiment_number": 94,
  "timestamp": "20260314_205339",
  "category_stats": {
    "highway": {
      "n": 15,
      "norm_mean": 75.31188201904297,
      "norm_std": 2.3462941646575928,
      "intra_cos_mean": 0.03835720107668922,
      "intra_cos_std": 0.011941034749161238
    },
    "urban": {
      "n": 15,
      "norm_mean": 75.80706024169922,
      "norm_std": 3.988457679748535,
      "intra_cos_mean": 0.049720097155798046,
      "intra_cos_std": 0.015497644870530349
    },
    "noise": {
      "n": 15,
      "norm_mean": 88.50889587402344,
      "norm_std": 3.3905441761016846,
      "intra_cos_mean": 0.09295180354799543,
      "intra_cos_std": 0.022014215863309223
    },
    "indoor": {
      "n": 15,
      "norm_mean": 92.32424926757812,
      "norm_std": 3.0745887756347656,
      "intra_cos_mean": 0.04941796859105428,
      "intra_cos_std": 0.009724287021246832
    },
    "twilight": {
      "n": 15,
      "norm_mean": 79.96278381347656,
      "norm_std": 3.7514827251434326,
      "intra_cos_mean": 0.081044716494424,
      "intra_cos_std": 0.031309786310843614
    },
    "snow": {
      "n": 15,
      "norm_mean": 83.47366333007812,
      "norm_std": 3.2419865131378174,
      "intra_cos_mean": 0.049605326993124824,
      "intra_cos_std": 0.014163824234288743
    }
  },
  "inter_category_distances": {
    "highway_vs_indoor": 0.4233804941177368,
    "highway_vs_noise": 0.4690561294555664,
    "highway_vs_snow": 0.28369832038879395,
    "highway_vs_twilight": 0.396054744720459,
    "highway_vs_urban": 0.26283955574035645,
    "indoor_vs_noise": 0.4913114309310913,
    "indoor_vs_snow": 0.4110853672027588,
    "indoor_vs_twilight": 0.49672865867614746,
    "indoor_vs_urban": 0.3445136547088623,
    "noise_vs_snow": 0.4349583387374878,
    "noise_vs_twilight": 0.5322604775428772,
    "noise_vs_urban": 0.42480629682540894,
    "snow_vs_twilight": 0.4712696075439453,
    "snow_vs_urban": 0.31734704971313477,
    "twilight_vs_urban": 0.5170789062976837
  },
  "intrinsic_dimensionality": {
    "id": {
      "dim_90": 9,
      "dim_95": 16,
      "dim_99": 25,
      "top_5_var": [
        0.746934711933136,
        0.04231451824307442,
        0.024731287732720375,
        0.020699376240372658,
        0.01772410422563553
      ],
      "cumvar_10": 0.9116822481155396
    },
    "ood": {
      "dim_90": 12,
      "dim_95": 27,
      "dim_99": 49,
      "top_5_var": [
        0.31942588090896606,
        0.2910482883453369,
        0.23026317358016968,
        0.010945988819003105,
        0.009511497803032398
      ],
      "cumvar_10": 0.8925873637199402
    },
    "all": {
      "dim_90": 14,
      "dim_95": 34,
      "dim_99": 51,
      "top_5_var": [
        0.23599663376808167,
        0.2244391292333603,
        0.19548915326595306,
        0.12182576209306717,
        0.07654646784067154
      ],
      "cumvar_10": 0.8860043287277222
    }
  },
  "pca_separability": {
    "pca_2": {
      "auroc": 0.5855555555555555,
      "explained_var": 0.460435688495636
    },
    "pca_3": {
      "auroc": 0.75,
      "explained_var": 0.655924916267395
    },
    "pca_4": {
      "auroc": 1.0,
      "explained_var": 0.7777506113052368
    },
    "pca_8": {
      "auroc": 1.0,
      "explained_var": 0.8752959966659546
    },
    "pca_16": {
      "auroc": 1.0,
      "explained_var": 0.9078669548034668
    }
  },
  "compactness": {
    "id_intra": 0.08735233545303345,
    "ood_intra": 0.22267475128173828,
    "inter": 0.1942659616470337,
    "ratio_id": 2.2239355183478837,
    "ratio_ood": 0.872420247206193
  },
  "coords_2d": {
    "highway": [
      [
        -1.5209966897964478,
        15.86664867401123
      ],
      [
        -0.19454029202461243,
        15.82540225982666
      ],
      [
        -1.3611925840377808,
        15.811572074890137
      ],
      [
        -0.9643703103065491,
        15.578413963317871
      ],
      [
        -2.0906333923339844,
        15.629105567932129
      ],
      [
        -1.045081615447998,
        16.08597183227539
      ],
      [
        -0.769069492816925,
        16.410358428955078
      ],
      [
        -1.3901102542877197,
        15.743952751159668
      ],
      [
        -2.4605698585510254,
        15.817137718200684
      ],
      [
        -1.8679386377334595,
        16.885189056396484
      ],
      [
        -1.2860709428787231,
        15.863283157348633
      ],
      [
        -2.375537157058716,
        16.117782592773438
      ],
      [
        -1.8673946857452393,
        16.030044555664062
      ],
      [
        -1.5120470523834229,
        15.416171073913574
      ],
      [
        -0.7218852639198303,
        15.845189094543457
      ]
    ],
    "urban": [
      [
        7.684365272521973,
        -6.525218963623047
      ],
      [
        6.924158573150635,
        -4.432738304138184
      ],
      [
        9.600688934326172,
        -6.635765075683594
      ],
      [
        9.242027282714844,
        -7.070197582244873
      ],
      [
        8.697195053100586,
        -5.2615861892700195
      ],
      [
        8.398274421691895,
        -6.482121467590332
      ],
      [
        9.213040351867676,
        -5.517389297485352
      ],
      [
        8.887375831604004,
        -5.845648288726807
      ],
      [
        7.651438236236572,
        -6.030389785766602
      ],
      [
        9.249070167541504,
        -6.322287082672119
      ],
      [
        8.066524505615234,
        -6.257440567016602
      ],
      [
        9.621028900146484,
        -6.211402416229248
      ],
      [
        6.906732082366943,
        -4.676638126373291
      ],
      [
        10.343364715576172,
        -7.83303165435791
      ],
      [
        6.742082118988037,
        -4.491509437561035
      ]
    ],
    "noise": [
      [
        -40.60483169555664,
        -39.0931396484375
      ],
      [
        -42.064117431640625,
        -42.4759521484375
      ],
      [
        -35.60581588745117,
        -36.70759963989258
      ],
      [
        -37.83053207397461,
        -35.576961517333984
      ],
      [
        -38.65176773071289,
        -37.21562194824219
      ],
      [
        -36.83403015136719,
        -37.649513244628906
      ],
      [
        -36.70406723022461,
        -35.22142791748047
      ],
      [
        -37.811561584472656,
        -35.4413948059082
      ],
      [
        -41.307220458984375,
        -39.39884948730469
      ],
      [
        -37.472808837890625,
        -39.12028884887695
      ],
      [
        -36.62082290649414,
        -35.645259857177734
      ],
      [
        -34.578636169433594,
        -34.27840805053711
      ],
      [
        -36.7148551940918,
        -37.09492492675781
      ],
      [
        -37.974342346191406,
        -35.94182586669922
      ],
      [
        -38.19915771484375,
        -37.41560363769531
      ]
    ],