{
  "kmeans_binary_2d": {
    "accuracy": 0.35294117647058826,
    "silhouette": 0.6013293920008079,
    "cluster_sizes": [
      60,
      25
    ]
  },
  "kmeans_binary_5d": {
    "accuracy": 0.35294117647058826,
    "silhouette": 0.5064696816288661,
    "cluster_sizes": [
      60,
      25
    ]
  },
  "kmeans_binary_10d": {
    "accuracy": 0.35294117647058826,
    "silhouette": 0.4859260861519812,
    "cluster_sizes": [
      60,
      25
    ]
  },
  "kmeans_binary_50d": {
    "accuracy": 0.35294117647058826,
    "silhouette": 0.47036234326534726,
    "cluster_sizes": [
      60,
      25
    ]
  },
  "kmeans_5class_5d": {
    "purity": 0.7058823529411765,
    "silhouette": 0.5628820436574721
  },
  "kmeans_5class_10d": {
    "purity": 0.7058823529411765,
    "silhouette": 0.5122908902924571
  },
  "kmeans_5class_50d": {
    "purity": 0.7058823529411765,
    "silhouette": 0.4747837516082827
  },
  "dbscan_2d_eps0.3": {
    "n_clusters": 4,
    "n_noise": 0,
    "silhouette": 0.6836557732857284,
    "eps": 0.17996351412699138
  },
  "dbscan_2d_eps0.5": {
    "n_clusters": 3,
    "n_noise": 0,
    "silhouette": 0.6290747425215987,
    "eps": 0.29993919021165233
  },
  "dbscan_2d_eps0.7": {
    "n_clusters": 3,
    "n_noise": 0,
    "silhouette": 0.6290747425215987,
    "eps": 0.41991486629631325
  },
  "dbscan_5d_eps0.3": {
    "n_clusters": 4,
    "n_noise": 0,
    "silhouette": 0.5841598772597619,
    "eps": 0.21777234028418058
  },
  "dbscan_5d_eps0.5": {
    "n_clusters": 3,
    "n_noise": 0,
    "silhouette": 0.5683049758643302,
    "eps": 0.3629539004736343
  },
  "dbscan_5d_eps0.7": {
    "n_clusters": 3,
    "n_noise": 0,
    "silhouette": 0.5683049758643302,
    "eps": 0.508135460663088
  },
  "dbscan_10d_eps0.3": {
    "n_clusters": 6,
    "n_noise": 1,
    "silhouette": 0.4797159860317481,
    "eps": 0.2203163186999099
  },
  "dbscan_10d_eps0.5": {
    "n_clusters": 3,
    "n_noise": 0,
    "silhouette": 0.5443443599005751,
    "eps": 0.3671938644998498
  },
  "dbscan_10d_eps0.7": {
    "n_clusters": 3,
    "n_noise": 0,
    "silhouette": 0.5443443599005751,
    "eps": 0.5140714102997898
  },
  "intra_cluster_distances": {
    "clean": {
      "mean": 5.809217572343428e-05,
      "std": 2.301192428240914e-05,
      "max": 0.00010115231504881361
    },
    "fog": {
      "mean": 0.00022463829574145833,
      "std": 0.00016587352092453528,
      "max": 0.00042925328803467
    },
    "night": {
      "mean": 0.0014019603816414262,
      "std": 0.0011238893521381091,
      "max": 0.0033702697455675334
    },
    "noise": {
      "mean": 6.833605275015642e-05,
      "std": 2.9137905338466422e-05,
      "max": 0.00013636475737444087
    },
    "blur": {
      "mean": 0.0005731565426909668,
      "std": 0.00027162163229276675,
      "max": 0.000952335833285578
    }
  },
  "inter_cluster_distances": {
    "clean_vs_fog": 0.0013009430529972166,
    "clean_vs_night": 0.0022757196821695524,
    "clean_vs_noise": 4.31844802228909e-05,
    "clean_vs_blur": 0.004902219666390262,
    "fog_vs_night": 0.004176374232006452,
    "fog_vs_noise": 0.0016010703595160658,
    "fog_vs_blur": 0.004294083347286426,
    "night_vs_noise": 0.0024061590229559338,
    "night_vs_blur": 0.004621432749381538,
    "noise_vs_blur": 0.005173431892203317
  },
  "separation_ratios": {
    "fog": 2.452732485166552,
    "night": 0.6555583396175978,
    "noise": 0.18181632074824636,
    "blur": 4.6533220844874945
  },
  "pairwise_separability": {
    "fog_vs_night": {
      "linear_accuracy": 1.0,
      "centroid_cosine_dist": 0.004176374232006452
    },
    "fog_vs_noise": {
      "linear_accuracy": 1.0,
      "centroid_cosine_dist": 0.0016010703595160658
    },
    "fog_vs_blur": {
      "linear_accuracy": 1.0,
      "centroid_cosine_dist": 0.004294083347286426
    },
    "night_vs_noise": {
      "linear_accuracy": 0.875,
      "centroid_cosine_dist": 0.0024061590229559338
    },
    "night_vs_blur": {
      "linear_accuracy": 1.0,
      "centroid_cosine_dist": 0.004621432749381538
    },
    "noise_vs_blur": {
      "linear_accuracy": 1.0,
      "centroid_cosine_dist": 0.005173431892203317
    }
  },
  "severity_gradients": {
    "fog": {
      "by_severity": {
        "0.3": {
          "mean": 0.00040336944301406775,
          "std": 9.481726115126191e-05
        },
        "0.5": {
          "mean": 0.0009643292449576402,
          "std": 9.806710436378737e-05
        },
        "0.7": {
          "mean": 0.0016947847071018263,
          "std": 7.788604202277364e-05
        },
        "1.0": {
          "mean": 0.0030239892142145397,
          "std": 2.9138061606936035e-05
        }
      },
      "monotonic": true,
      "gradient": 0.002620619771200472
    },
    "night": {
      "by_severity": {
        "0.3": {
          "mean": 0.0007266744206874121,
          "std": 7.481099034958806e-05
        },
        "0.5": {
          "mean": 0.001954091747404618,
          "std": 0.00014669119925568726
        },
        "0.7": {
          "mean": 0.0035347105663240397,
          "std": 0.00018137875422422338
        },
        "1.0": {
          "mean": 0.008392175991722196,
          "std": 9.636989555269118e-05
        }
      },
      "monotonic": true,
      "gradient": 0.007665501571034784
    },
    "noise": {
      "by_severity": {
        "0.3": {
          "mean": 6.856630206018011e-05,
          "std": 2.3821575550845564e-05
        },
        "0.5": {
          "mean": 7.319224873705287e-05,
          "std": 3.2437935286973704e-05
        },
        "0.7": {
          "mean": 9.365531674572214e-05,
          "std": 3.694311578385996e-05
        },
        "1.0": {
          "mean": 0.0002109593930713638,
          "std": 4.600170611062736e-05
        }
      },
      "monotonic": true,
      "gradient": 0.0001423930910111837
    },
    "blur": {
      "by_severity": {
        "0.3": {
          "mean": 0.003935195999711016,
          "std": 0.000333273309239269
        },
        "0.5": {
          "mean": 0.0051197406221452635,
          "std": 0.0003290598783241237
        },
        "0.7": {
          "mean": 0.006029631289687809,
          "std": 0.0003469205040800601
        },
        "1.0": {
          "mean": 0.006827851838635724,
          "std": 0.00037089269279520765
        }
      },
      "monotonic": true,
      "gradient": 0.0028926558389247075
    }
  },
  "n_embeddings": 85,
  "n_scenes": 5,
  "n_corruptions": 4,
  "n_severities": 4
}