{
  "fog_shift_consistency": {
    "mean": 0.9887521862983704,
    "min": 0.976876974105835,
    "max": 0.9927127957344055,
    "shift_magnitude": 0.3742070496082306
  },
  "night_shift_consistency": {
    "mean": 0.9886603355407715,
    "min": 0.984976589679718,
    "max": 0.9922125339508057,
    "shift_magnitude": 0.5272230505943298
  },
  "noise_shift_consistency": {
    "mean": 0.7943673133850098,
    "min": 0.6155713200569153,
    "max": 0.8732413649559021,
    "shift_magnitude": 0.10744492709636688
  },
  "blur_shift_consistency": {
    "mean": 0.9823525547981262,
    "min": 0.9739997386932373,
    "max": 0.990739643573761,
    "shift_magnitude": 0.8155964016914368
  },
  "shift_orthogonality": {
    "fog_vs_night": -0.318618506193161,
    "fog_vs_noise": -0.5740906000137329,
    "fog_vs_blur": 0.47261160612106323,
    "night_vs_noise": -0.12745505571365356,
    "night_vs_blur": 0.14641453325748444,
    "noise_vs_blur": -0.4155343472957611
  },
  "pca": {
    "explained_variance": [
      0.5766476392745972,
      0.3077270984649658,
      0.06982315331697464,
      0.008887832053005695,
      0.005160647444427013,
      0.005063464865088463,
      0.003204566892236471,
      0.0028776053804904222,
      0.0022139346692711115,
      0.002014297991991043,
      0.0019101041834801435,
      0.0016036161687225103,
      0.0015095224371179938,
      0.001259601442143321,
      0.0011544269509613514,
      0.0009541466715745628,
      0.0008612704114057124,
      0.0007935015019029379,
      0.0007207974558696151,
      0.0006114931311458349
    ],
    "cumulative_variance": [
      0.5766476392745972,
      0.884374737739563,
      0.954197883605957,
      0.9630857110023499,
      0.968246340751648,
      0.9733098149299622,
      0.9765143990516663,
      0.9793919920921326,
      0.9816059470176697,
      0.9836202263832092,
      0.9855303168296814,
      0.9871339201927185,
      0.9886434674263,
      0.9899030923843384,
      0.9910575151443481,
      0.9920116662979126,
      0.992872953414917,
      0.9936664700508118,
      0.9943872690200806,
      0.9949987530708313
    ],
    "n_components_90pct": 3,
    "n_components_95pct": 3,
    "n_components_99pct": 15,
    "top1_variance": 0.5766476392745972,
    "top3_variance": 0.954197883605957
  },
  "projection": {
    "fog": {
      "fog": {
        "projection": 0.3742070198059082,
        "fraction": 0.9999999403953552
      },
      "night": {
        "projection": -0.1192292869091034,
        "fraction": 0.318618506193161
      },
      "noise": {
        "projection": -0.2148287296295166,
        "fraction": 0.5740905404090881
      },
      "blur": {
        "projection": 0.17685456573963165,
        "fraction": 0.47261151671409607
      }
    },
    "night": {
      "fog": {
        "projection": -0.1679830104112625,
        "fraction": 0.3186184763908386
      },
      "night": {
        "projection": 0.5272231101989746,
        "fraction": 1.0000001192092896
      },
      "noise": {
        "projection": -0.06719724088907242,
        "fraction": 0.12745505571365356
      },
      "blur": {
        "projection": 0.07719311118125916,
        "fraction": 0.14641451835632324
      }
    },
    "noise": {
      "fog": {
        "projection": -0.06168311461806297,
        "fraction": 0.5740905404090881
      },
      "night": {
        "projection": -0.0136943981051445,
        "fraction": 0.12745504081249237
      },
      "noise": {
        "projection": 0.10744492709636688,
        "fraction": 1.0
      },
      "blur": {
        "projection": -0.04464705288410187,
        "fraction": 0.4155343174934387
      }
    },
    "blur": {
      "fog": {
        "projection": 0.3854602873325348,
        "fraction": 0.47261154651641846
      },
      "night": {
        "projection": 0.11941516399383545,
        "fraction": 0.14641453325748444
      },
      "noise": {
        "projection": -0.33890828490257263,
        "fraction": 0.4155343174934387
      },
      "blur": {
        "projection": 0.815596342086792,
        "fraction": 0.9999999403953552
      }
    }
  },
  "residual": {
    "fog": {
      "residual_after_self": 9.348371321493687e-08,
      "residual_after_all": 6.775419336690902e-08
    },
    "night": {
      "residual_after_self": 1.1862864113254545e-07,
      "residual_after_all": 0.21397747099399567
    },
    "noise": {
      "residual_after_self": 2.1260694538227654e-08,
      "residual_after_all": 0.3865385353565216
    },
    "blur": {
      "residual_after_self": 8.413139340746056e-08,
      "residual_after_all": 0.44995081424713135
    }
  },
  "severity_scaling": {
    "fog": {
      "severities": [
        0.1,
        0.3,
        0.5,
        0.7,
        1.0
      ],
      "direction_similarity": [
        0.9381226301193237,
        0.9882623553276062,
        0.9985349178314209,
        0.9887097477912903,
        0.9588082432746887
      ],
      "magnitudes": [
        0.07866937667131424,
        0.22769562900066376,
        0.36167770624160767,
        0.4705808460712433,
        0.6357168555259705
      ],
      "direction_stable": true
    },
    "night": {
      "severities": [
        0.1,
        0.3,
        0.5,
        0.7,
        1.0
      ],
      "direction_similarity": [
        0.7478036284446716,
        0.9075555205345154,
        0.9991137385368347,
        0.8383801579475403,
        0.5098702907562256
      ],
      "magnitudes": [
        0.10790200531482697,
        0.3317771255970001,
        0.5196576118469238,
        0.698209285736084,
        1.0883444547653198
      ],
      "direction_stable": false
    },
    "noise": {
      "severities": [
        0.1,
        0.3,
        0.5,
        0.7,
        1.0
      ],
      "direction_similarity": [
        0.4356747567653656,
        0.8878094553947449,
        0.9783915877342224,
        0.9642224907875061,
        0.9355191588401794
      ],
      "magnitudes": [
        0.021262623369693756,
        0.0629827231168747,
        0.11777348071336746,
        0.1677379310131073,
        0.2553417384624481
      ],
      "direction_stable": false
    },
    "blur": {
      "severities": [
        0.1,
        0.3,
        0.5,
        0.7,
        1.0
      ],
      "direction_similarity": [
        0.5529504418373108,
        0.9520328640937805,
        0.9967419505119324,
        0.9511354565620422,
        0.8746472597122192
      ],
      "magnitudes": [
        0.3047025799751282,
        0.6804726719856262,
        0.7929653525352478,
        0.8071463108062744,
        0.8426156640052795
      ],
      "direction_stable": false
    }
  }
}