{
  "trajectories": {
    "fog": {
      "by_scene": {
        "0": [
          0.0,
          5.7935735324532445e-05,
          0.00021301521695138437,
          0.00046241490126852636,
          0.0007183066259424109,
          0.0011373946595931717,
          0.0015247274432145241,
          0.0020165938266702987,
          0.0024920275259501246,
          0.00294296004464889,
          0.003488452503543127
        ],
        "1": [
          0.0,
          4.526817696881569e-05,
          0.0001564984739077513,
          0.00038389760793899885,
          0.0006238633124673321,
          0.0009546422269350874,
          0.0012980405645794946,
          0.0017034632247683312,
          0.0021939446979895028,
          0.0026514950226710354,
          0.003155378925273733
        ],
        "2": [
          0.0,
          5.1858490489831155e-05,
          0.0001675502637120685,
          0.00033630307619370026,
          0.0005911089349295295,
          0.0008764237593593682,
          0.0012031720174882077,
          0.0015930802139668687,
          0.0019943267023415645,
          0.002400063123298435,
          0.002849114999512903
        ],
        "3": [
          0.0,
          6.321198573644438e-05,
          0.0001758356059866628,
          0.0003543003724326699,
          0.0005730403869222966,
          0.0008425271773923049,
          0.0011316020977807373,
          0.0014583414076131396,
          0.0018226429490851848,
          0.0022166716884219895,
          0.0026160536039377957
        ],
        "4": [
          0.0,
          4.593182103918014e-05,
          0.00018680224999223505,
          0.00037860049419702335,
          0.0006420685198943454,
          0.001003995104646771,
          0.0013705456719776965,
          0.0017999466805203035,
          0.0022471076760500752,
          0.002701177644767183,
          0.003235261623504848
        ]
      },
      "mean_trajectory": [
        0.0,
        5.284124191176076e-05,
        0.0001799403621100204,
        0.00038310329040618373,
        0.0006296775560311829,
        0.0009629965855853407,
        0.0013056175590081321,
        0.0017142850707077884,
        0.00215000991028329,
        0.0025824735047615065,
        0.0030688523311544814
      ],
      "linearity_r2": 0.9587540119262341
    },
    "night": {
      "by_scene": {
        "0": [
          0.0,
          8.295998169338681e-05,
          0.00033648367600791484,
          0.0007265887921427128,
          0.0013402765341911094,
          0.0020704575267718184,
          0.0029136877568745057,
          0.0037245656294209173,
          0.004787346701940587,
          0.006373630329183477,
          0.008928411624177124
        ],
        "1": [
          0.0,
          7.853352787712264e-05,
          0.0003213122768868093,
          0.0007254533683622721,
          0.001241421312419666,
          0.001996773323183265,
          0.0028072629474280575,
          0.0036461091241584143,
          0.0047417605920233585,
          0.006327873424162078,
          0.008762019403685928
        ],
        "2": [
          0.0,
          8.192613040058916e-05,
          0.0002950900226655895,
          0.000642709490074389,
          0.0012072219406935591,
          0.0019407113200377024,
          0.002679560393756497,
          0.0035358503471897285,
          0.004503033307948878,
          0.005798197247573356,
          0.00806163582238617
        ],
        "3": [
          0.0,
          8.842070286863013e-05,
          0.00025079686279227964,
          0.0006057560393930572,
          0.0010579693458376838,
          0.0017215494970401757,
          0.002571026818961597,
          0.003492664380364774,
          0.004459558213216308,
          0.005544662442585224,
          0.007848964431144245
        ],
        "4": [
          0.0,
          9.461382513864525e-05,
          0.00034358041387305693,
          0.0006975853356299133,
          0.0012450522243508955,
          0.0018833373326764269,
          0.002573986717975596,
          0.0033348192156618106,
          0.004567108455355795,
          0.006339995836176282,
          0.008662371039132033
        ]
      },
      "mean_trajectory": [
        0.0,
        8.529083359567479e-05,
        0.00030945265044513004,
        0.0006796186051204689,
        0.0012183882714985827,
        0.0019225657999418777,
        0.0027091049269992507,
        0.003546801739359129,
        0.0046117614540969855,
        0.0060768718559360835,
        0.0084526804641051
      ],
      "linearity_r2": 0.8969762425742485
    },
    "noise": {
      "by_scene": {
        "0": [
          0.0,
          5.5532314652273485e-06,
          1.828954314764264e-05,
          2.4728395085937827e-05,
          5.398482733698362e-05,
          7.234251610643838e-05,
          6.398795450401895e-05,
          0.00010570941222209917,
          0.00013230344665948746,
          0.00015587860874421988,
          0.00019227568806923223
        ],
        "1": [
          0.0,
          6.361144433086885e-06,
          1.4658443090898032e-05,
          3.817875927847325e-05,
          8.85238456456161e-05,
          0.00010540229902866738,
          0.00012547306776322653,
          0.00016654835757801134,
          0.00019756484549460218,
          0.0002539813064965646,
          0.0003115812627060288
        ],
        "2": [
          0.0,
          5.252072697081722e-06,
          1.002541557071357e-05,
          1.5302688135099274e-05,
          2.2802905936925022e-05,
          3.257775740928004e-05,
          5.3155735960097594e-05,
          7.773382611953039e-05,
          0.00012555599158758923,
          0.00019182160640007773,
          0.00028797678472680666
        ],
        "3": [
          0.0,
          3.2354283994173727e-06,
          8.174030526997278e-06,
          1.795731421250224e-05,
          3.4894492115356e-05,
          8.12573799084948e-05,
          0.0001100196756651517,
          0.00011986300444954967,
          0.0001881366944673779,
          0.000225825073411956,
          0.0002608224554060401
        ],
        "4": [
          0.0,
          9.010981229073955e-06,
          2.6344689382562514e-05,
          3.534096741764081e-05,
          3.803933981760821e-05,
          5.0741572279133784e-05,
          3.812329954111515e-05,
          5.245520590535513e-05,
          7.862614371412224e-05,
          0.00011438300787947053,
          0.0001547680048096245
        ]
      },
      "mean_trajectory": [
        0.0,
        5.882571644777457e-06,
        1.5498424343762805e-05,
        2.630162482593068e-05,
        4.764908217049779e-05,
        6.846430494640287e-05,
        7.815194668672198e-05,
        0.00010446196125490914,
        0.0001444374243846358,
        0.00018837792058645775,
        0.00024148483914354646
      ],
      "linearity_r2": 0.9165048635590227
    },
    "blur": {
      "by_scene": {
        "0": [
          0.0,
          0.0011730943089064416,
          0.0024806329342045297,
          0.003877412952324022,
          0.004928718591563519,
          0.005690876966929825,
          0.006580133286759771,
          0.006847999612700217,
          0.007235539578839489,
          0.0074811615190572,
          0.00774114464247011
        ],
        "1": [
          0.0,
          0.001353166655781779,
          0.0029637847682352225,
          0.004729799650517785,
          0.005712111781665197,
          0.005829409354159654,
          0.00594461244485589,
          0.006038570732989634,
          0.00634319795518723,
          0.006555136050680699,
          0.006782129601295539
        ],