{
  "interpolation": {
    "fog": {
      "severities": [
        0.0,
        0.05,
        0.1,
        0.15000000000000002,
        0.2,
        0.25,
        0.30000000000000004,
        0.35000000000000003,
        0.4,
        0.45,
        0.5,
        0.55,
        0.6000000000000001,
        0.65,
        0.7000000000000001,
        0.75,
        0.8,
        0.8500000000000001,
        0.9,
        0.9500000000000001,
        1.0
      ],
      "distances": [
        0.0,
        1.2814998626708984e-05,
        6.204843521118164e-05,
        0.00010651350021362305,
        0.0001679062843322754,
        0.00025147199630737305,
        0.0003101825714111328,
        0.00046122074127197266,
        0.0005718469619750977,
        0.0007001161575317383,
        0.0008426308631896973,
        0.0009887218475341797,
        0.0011507272720336914,
        0.0013357996940612793,
        0.0014778375625610352,
        0.0016992688179016113,
        0.0018770694732666016,
        0.0020578503608703613,
        0.0022712349891662598,
        0.0024851560592651367,
        0.0027054548263549805
      ],
      "path_length": 1.0001736879348755,
      "straight_distance": 0.6328060030937195,
      "curvature_ratio": 1.5805375576019287,
      "is_monotone": true,
      "max_step": 0.00022143125534057617
    },
    "night": {
      "severities": [
        0.0,
        0.05,
        0.1,
        0.15000000000000002,
        0.2,
        0.25,
        0.30000000000000004,
        0.35000000000000003,
        0.4,
        0.45,
        0.5,
        0.55,
        0.6000000000000001,
        0.65,
        0.7000000000000001,
        0.75,
        0.8,
        0.8500000000000001,
        0.9,
        0.9500000000000001,
        1.0
      ],
      "distances": [
        0.0,
        3.1828880310058594e-05,
        0.00013369321823120117,
        0.0002383589744567871,
        0.0003681182861328125,
        0.0006165504455566406,
        0.0008627772331237793,
        0.0011506080627441406,
        0.0015032291412353516,
        0.0018326640129089355,
        0.00218808650970459,
        0.0025489330291748047,
        0.0028502345085144043,
        0.003195822238922119,
        0.0035696029663085938,
        0.003999829292297363,
        0.004476428031921387,
        0.0049359798431396484,
        0.005623042583465576,
        0.006730616092681885,
        0.007991313934326172
      ],
      "path_length": 2.0449225902557373,
      "straight_distance": 1.1041291952133179,
      "curvature_ratio": 1.8520681858062744,
      "is_monotone": true,
      "max_step": 0.0012606978416442871
    },
    "noise": {
      "severities": [
        0.0,
        0.05,
        0.1,
        0.15000000000000002,
        0.2,
        0.25,
        0.30000000000000004,
        0.35000000000000003,
        0.4,
        0.45,
        0.5,
        0.55,
        0.6000000000000001,
        0.65,
        0.7000000000000001,
        0.75,
        0.8,
        0.8500000000000001,
        0.9,
        0.9500000000000001,
        1.0
      ],
      "distances": [
        0.0,
        4.231929779052734e-06,
        2.7835369110107422e-05,
        1.5139579772949219e-05,
        2.4974346160888672e-05,
        4.8041343688964844e-05,
        4.57763671875e-05,
        7.039308547973633e-05,
        8.845329284667969e-05,
        0.00012630224227905273,
        0.00015693902969360352,
        0.0001862049102783203,
        0.0002130270004272461,
        0.00023418664932250977,
        0.0002459883689880371,
        0.00030237436294555664,
        0.00033551454544067383,
        0.00037044286727905273,
        0.0004207491874694824,
        0.00046944618225097656,
        0.0005123615264892578
      ],
      "path_length": 0.7505431771278381,
      "straight_distance": 0.2712613344192505,
      "curvature_ratio": 2.7668638229370117,
      "is_monotone": false,
      "max_step": 5.638599395751953e-05
    },
    "blur": {
      "severities": [
        0.0,
        0.05,
        0.1,
        0.15000000000000002,
        0.2,
        0.25,
        0.30000000000000004,
        0.35000000000000003,
        0.4,
        0.45,
        0.5,
        0.55,
        0.6000000000000001,
        0.65,
        0.7000000000000001,
        0.75,
        0.8,
        0.8500000000000001,
        0.9,
        0.9500000000000001,
        1.0
      ],
      "distances": [
        0.0,
        0.00013786554336547852,
        0.0007543563842773438,
        0.001426100730895996,
        0.0022547245025634766,
        0.003013908863067627,
        0.0036930441856384277,
        0.004047751426696777,
        0.004428386688232422,
        0.004735291004180908,
        0.005036652088165283,
        0.00505673885345459,
        0.005062103271484375,
        0.005256175994873047,
        0.005397975444793701,
        0.005578875541687012,
        0.005815565586090088,
        0.006089568138122559,
        0.006152153015136719,
        0.0061969757080078125,
        0.006263315677642822
      ],
      "path_length": 2.1377854347229004,
      "straight_distance": 0.9250903129577637,
      "curvature_ratio": 2.3108937740325928,
      "is_monotone": true,
      "max_step": 0.0008286237716674805
    }
  },
  "action_boundary": {
    "fog": {
      "first_change_severity": 0.05,
      "clean_tokens": [
        31944,
        31744,
        31923,
        31865,
        31900,
        31820,
        31872
      ]
    },
    "night": {
      "first_change_severity": 0.15000000000000002,
      "clean_tokens": [
        31944,
        31744,
        31923,
        31865,
        31900,
        31820,
        31872
      ]
    },
    "noise": {
      "first_change_severity": 0.05,
      "clean_tokens": [
        31944,
        31744,
        31923,
        31865,
        31900,
        31820,
        31872
      ]
    },
    "blur": {
      "first_change_severity": 0.05,
      "clean_tokens": [
        31944,
        31744,
        31923,
        31865,
        31900,
        31820,
        31872
      ]
    }
  },
  "lipschitz": {
    "fog": {
      "mean_lipschitz": 0.007970577105879784,
      "max_lipschitz": 0.012444105930626392,
      "std_lipschitz": 0.0020039170049130917
    },
    "night": {
      "mean_lipschitz": 0.010692311450839043,
      "max_lipschitz": 0.02036955952644348,
      "std_lipschitz": 0.003969106823205948
    },
    "noise": {
      "mean_lipschitz": 0.0069948784075677395,
      "max_lipschitz": 0.010672365315258503,
      "std_lipschitz": 0.0020264468621462584
    },
    "blur": {
      "mean_lipschitz": 0.08127285540103912,
      "max_lipschitz": 0.15454243123531342,
      "std_lipschitz": 0.041756827384233475
    }
  },
  "cross_paths": {
    "fog_to_night": {
      "distances": [
        0.0008426308631896973,
        0.0006502270698547363,
        0.0004901289939880371,
        0.000326693058013916,
        0.00025004148483276367,
        0.0002657771110534668,
        0.0004799962043762207,
        0.0008625388145446777,
        0.0012810230255126953,
        0.0017293691635131836,
        0.0021948814392089844
      ],
      "min_along_path": 0.00025004148483276367,
      "max_along_path": 0.0021948814392089844,
      "is_convex": false
    },
    "fog_to_noise": {
      "distances": [
        0.0008426308631896973,
        0.0006783008575439453,
        0.000541388988494873,
        0.00039440393447875977,
        0.000284731388092041,
        0.00018924474716186523,
        0.00011402368545532227,
        7.30752944946289e-05,
        6.151199340820312e-05,
        8.016824722290039e-05,
        0.00015693902969360352
      ],
      "min_along_path": 6.151199340820312e-05,
      "max_along_path": 0.0008426308631896973,
      "is_convex": false
    },