{
  "n_scenes": 8,
  "hidden_dim": 4096,
  "eigenspectrum": {
    "clean_top_10": [
      0.0035417429860116717,
      0.0011759284374599538,
      0.0010395590336096275,
      0.0008654428519310279,
      0.0007239362051331632,
      0.0004414195156277712,
      0.00040719304651441084,
      1.2699665403341254e-18,
      1.0141767325112168e-18,
      9.232169251079082e-19
    ],
    "clean_total_variance": 0.008195222076287648,
    "clean_effective_dim": 7.0,
    "fog_top_10": [
      0.11500725662810152,
      0.0013568080240042102,
      0.000628259925158192,
      0.0005218597835179993,
      0.0004574762939624223,
      0.00031959605654185763,
      0.00023418017812025516,
      0.00020530749058605093,
      0.00018783558957412403,
      0.00014373245990786267
    ],
    "fog_total_variance": 0.11951689889935989,
    "fog_effective_dim": 15.0,
    "fog_participation_ratio": 1.07971466319468,
    "night_top_10": [
      0.3322862333793731,
      0.0013094968410229612,
      0.0006666815095492681,
      0.0005453259575343128,
      0.0004942846141347324,
      0.0003587369854046618,
      0.0002881595651340992,
      0.00022875393866558693,
      0.000209884757170367,
      0.00018081429944094896
    ],
    "night_total_variance": 0.3370302312240037,
    "night_effective_dim": 15.0,
    "night_participation_ratio": 1.028728743838432,
    "noise_top_10": [
      0.006488560478211542,
      0.0018446272729930736,
      0.0009868576142409004,
      0.0006566653535558059,
      0.0005190214992930899,
      0.00039669989253932086,
      0.00036486305915094325,
      0.00032314369606619407,
      0.00024976454599525246,
      0.0002424830310706239
    ],
    "noise_total_variance": 0.01291303467151678,
    "noise_effective_dim": 15.0,
    "noise_participation_ratio": 3.4855623032530767,
    "blur_top_10": [
      0.239556162807528,
      0.005741686443273956,
      0.003961701722506255,
      0.0026920344144419146,
      0.0021125934198008714,
      0.0019099816571656373,
      0.0016389015397993744,
      0.0012756143660572262,
      0.0008840182328419134,
      0.0004738097377144676
    ],
    "blur_total_variance": 0.26166656612997147,
    "blur_effective_dim": 15.0,
    "blur_participation_ratio": 1.19166453063245
  },
  "inter_corruption": {
    "fog_vs_night": 0.009799740876434648,
    "fog_vs_noise": 0.0038052872356431067,
    "night_vs_noise": 0.00887727456028653,
    "blur_vs_fog": 0.006166963095229128,
    "blur_vs_night": 0.0062238102718539245,
    "blur_vs_noise": 0.007041871363228869,
    "fog_to_clean": 0.0029843065023643645,
    "night_to_clean": 0.008380309910689276,
    "noise_to_clean": 0.00015426769744597557,
    "blur_to_clean": 0.00646394424566199
  },
  "embedding_norms": {
    "clean": {
      "mean": 8.253060340881348,
      "std": 0.019568512216210365,
      "min": 8.225774765014648,
      "max": 8.281038284301758
    },
    "fog": {
      "mean": 8.381217956542969,
      "std": 0.009134631603956223,
      "min": 8.372855186462402,
      "max": 8.399335861206055,
      "ratio_to_clean": 1.0155284404754639
    },
    "night": {
      "mean": 8.511735916137695,
      "std": 0.01241681631654501,
      "min": 8.491181373596191,
      "max": 8.53423023223877,
      "ratio_to_clean": 1.0313429832458496
    },
    "noise": {
      "mean": 8.212749481201172,
      "std": 0.009728163480758667,
      "min": 8.19747543334961,
      "max": 8.226285934448242,
      "ratio_to_clean": 0.9951156377792358
    },
    "blur": {
      "mean": 8.065532684326172,
      "std": 0.0458088256418705,
      "min": 8.015264511108398,
      "max": 8.135686874389648,
      "ratio_to_clean": 0.9772778153419495
    }
  },
  "pca_projection": {
    "fog": {
      "separation_2d": 0.6552258133888245,
      "variance_explained_top2": 0.9736201167106628,
      "singular_values_top5": [
        1.3134340047836304,
        0.14266085624694824,
        0.09707676619291306,
        0.08847539871931076,
        0.08283805847167969
      ]
    },
    "night": {
      "separation_2d": 1.115513801574707,
      "variance_explained_top2": 0.9898096323013306,
      "singular_values_top5": [
        2.232553243637085,
        0.14015153050422668,
        0.10000111162662506,
        0.09044273942708969,
        0.08610615134239197
      ]
    },
    "noise": {
      "separation_2d": 0.14963099360466003,
      "variance_explained_top2": 0.6453314423561096,
      "singular_values_top5": [
        0.31197500228881836,
        0.16634124517440796,
        0.12166702002286911,
        0.09924706816673279,
        0.08823447674512863
      ]
    },
    "blur": {
      "separation_2d": 0.9466060996055603,
      "variance_explained_top2": 0.9374443888664246,
      "singular_values_top5": [
        1.8956114053726196,
        0.2934711277484894,
        0.24377351999282837,
        0.2009490430355072,
        0.17801377177238464
      ]
    }
  },
  "distance_comparison": {
    "fog": {
      "cosine_auroc": 1.0,
      "mahal_auroc": 1.0,
      "cosine_mean_ood": 0.002999767877942275,
      "mahal_mean_ood": 4.021033942699432
    },
    "night": {
      "cosine_auroc": 1.0,
      "mahal_auroc": 1.0,
      "cosine_mean_ood": 0.008396861619776791,
      "mahal_mean_ood": 5.120456278324127
    },
    "noise": {
      "cosine_auroc": 1.0,
      "mahal_auroc": 0.875,
      "cosine_mean_ood": 0.0001963687857005625,
      "mahal_mean_ood": 0.9674609825015068
    },
    "blur": {
      "cosine_auroc": 1.0,
      "mahal_auroc": 1.0,
      "cosine_mean_ood": 0.006719370717411757,
      "mahal_mean_ood": 3.6663918197155
    },
    "overall_cosine_auroc": 1.0,
    "overall_mahal_auroc": 0.96875
  }
}