{
  "gradual_onset": {
    "fog": {
      "severities": [
        0.0,
        0.05,
        0.1,
        0.15000000000000002,
        0.2,
        0.25,
        0.30000000000000004,
        0.35000000000000003,
        0.4,
        0.45,
        0.5,
        0.55,
        0.6000000000000001,
        0.65,
        0.7000000000000001,
        0.75,
        0.8,
        0.8500000000000001,
        0.9,
        0.9500000000000001,
        1.0
      ],
      "distances": [
        0.0,
        1.2814998626708984e-05,
        6.204843521118164e-05,
        0.00010651350021362305,
        0.0001679062843322754,
        0.00025147199630737305,
        0.0003101825714111328,
        0.00046122074127197266,
        0.0005718469619750977,
        0.0007001161575317383,
        0.0008426308631896973,
        0.0009887218475341797,
        0.0011507272720336914,
        0.0013357996940612793,
        0.0014778375625610352,
        0.0016992688179016113,
        0.0018770694732666016,
        0.0020578503608703613,
        0.0022712349891662598,
        0.0024851560592651367,
        0.0027054548263549805
      ],
      "monotonic": true,
      "max_distance": 0.0027054548263549805
    },
    "night": {
      "severities": [
        0.0,
        0.05,
        0.1,
        0.15000000000000002,
        0.2,
        0.25,
        0.30000000000000004,
        0.35000000000000003,
        0.4,
        0.45,
        0.5,
        0.55,
        0.6000000000000001,
        0.65,
        0.7000000000000001,
        0.75,
        0.8,
        0.8500000000000001,
        0.9,
        0.9500000000000001,
        1.0
      ],
      "distances": [
        0.0,
        3.1828880310058594e-05,
        0.00013369321823120117,
        0.0002383589744567871,
        0.0003681182861328125,
        0.0006165504455566406,
        0.0008627772331237793,
        0.0011506080627441406,
        0.0015032291412353516,
        0.0018326640129089355,
        0.00218808650970459,
        0.0025489330291748047,
        0.0028502345085144043,
        0.003195822238922119,
        0.0035696029663085938,
        0.003999829292297363,
        0.004476428031921387,
        0.0049359798431396484,
        0.005623042583465576,
        0.006730616092681885,
        0.007991313934326172
      ],
      "monotonic": true,
      "max_distance": 0.007991313934326172
    },
    "noise": {
      "severities": [
        0.0,
        0.05,
        0.1,
        0.15000000000000002,
        0.2,
        0.25,
        0.30000000000000004,
        0.35000000000000003,
        0.4,
        0.45,
        0.5,
        0.55,
        0.6000000000000001,
        0.65,
        0.7000000000000001,
        0.75,
        0.8,
        0.8500000000000001,
        0.9,
        0.9500000000000001,
        1.0
      ],
      "distances": [
        0.0,
        4.231929779052734e-06,
        2.7835369110107422e-05,
        1.5139579772949219e-05,
        2.4974346160888672e-05,
        4.8041343688964844e-05,
        4.57763671875e-05,
        7.039308547973633e-05,
        8.845329284667969e-05,
        0.00012630224227905273,
        0.00015693902969360352,
        0.0001862049102783203,
        0.0002130270004272461,
        0.00023418664932250977,
        0.0002459883689880371,
        0.00030237436294555664,
        0.00033551454544067383,
        0.00037044286727905273,
        0.0004207491874694824,
        0.00046944618225097656,
        0.0005123615264892578
      ],
      "monotonic": false,
      "max_distance": 0.0005123615264892578
    },
    "blur": {
      "severities": [
        0.0,
        0.05,
        0.1,
        0.15000000000000002,
        0.2,
        0.25,
        0.30000000000000004,
        0.35000000000000003,
        0.4,
        0.45,
        0.5,
        0.55,
        0.6000000000000001,
        0.65,
        0.7000000000000001,
        0.75,
        0.8,
        0.8500000000000001,
        0.9,
        0.9500000000000001,
        1.0
      ],
      "distances": [
        0.0,
        0.00013786554336547852,
        0.0007543563842773438,
        0.001426100730895996,
        0.0022547245025634766,
        0.003013908863067627,
        0.0036930441856384277,
        0.004047751426696777,
        0.004428386688232422,
        0.004735291004180908,
        0.005036652088165283,
        0.00505673885345459,
        0.005062103271484375,
        0.005256175994873047,
        0.005397975444793701,
        0.005578875541687012,
        0.005815565586090088,
        0.006089568138122559,
        0.006152153015136719,
        0.0061969757080078125,
        0.006263315677642822
      ],
      "monotonic": true,
      "max_distance": 0.006263315677642822
    }
  },
  "onset_comparison": {
    "fog": {
      "d_at_10pct": 6.240606307983398e-05,
      "d_at_100pct": 0.0027054548263549805,
      "ratio": 43.35243606567383,
      "both_detected": true
    },
    "night": {
      "d_at_10pct": 0.00013369321823120117,
      "d_at_100pct": 0.007991313934326172,
      "ratio": 59.77351760864258,
      "both_detected": true
    },
    "blur": {
      "d_at_10pct": 0.0007543563842773438,
      "d_at_100pct": 0.006263315677642822,
      "ratio": 8.302860260009766,
      "both_detected": true
    }
  },
  "oscillation": {
    "fog": {
      "distances": [
        0.0,
        0.0008426308631896973,
        0.0,
        0.0008426308631896973,
        0.0,
        0.0008426308631896973,
        0.0,
        0.0008426308631896973,
        0.0,
        0.0008426308631896973,
        0.0,
        0.0008426308631896973,
        0.0,
        0.0008426308631896973,
        0.0,
        0.0008426308631896973,
        0.0,
        0.0008426308631896973,
        0.0,
        0.0008426308631896973
      ],
      "clean_frames_zero": true,
      "corrupt_frames_positive": true,
      "instant_detection": true
    },
    "blur": {
      "distances": [
        0.0,
        0.005036652088165283,
        0.0,
        0.005036652088165283,
        0.0,
        0.005036652088165283,
        0.0,
        0.005036652088165283,
        0.0,
        0.005036652088165283,
        0.0,
        0.005036652088165283,
        0.0,
        0.005036652088165283,
        0.0,
        0.005036652088165283,
        0.0,
        0.005036652088165283,
        0.0,
        0.005036652088165283
      ],
      "clean_frames_zero": true,
      "corrupt_frames_positive": true,
      "instant_detection": true
    }
  },
  "hysteresis": {
    "fog": {
      "up_distances": [
        0.0,
        6.204843521118164e-05,
        0.0001679062843322754,
        0.0003101825714111328,
        0.0005718469619750977,
        0.0008426308631896973,
        0.0011507272720336914,
        0.0014778375625610352,
        0.0018770694732666016,
        0.0022712349891662598,
        0.0027054548263549805
      ],
      "down_distances": [
        0.0027054548263549805,
        0.0022712349891662598,
        0.0018770694732666016,
        0.0014778375625610352,
        0.0011507272720336914,
        0.0008426308631896973,
        0.0005718469619750977,
        0.0003101825714111328,
        0.0001679062843322754,
        6.204843521118164e-05,
        0.0
      ],
      "max_difference": 0.0,
      "hysteresis_free": true
    },
    "night": {
      "up_distances": [
        0.0,
        0.00013369321823120117,
        0.0003681182861328125,
        0.0008627772331237793,
        0.0015032291412353516,
        0.00218808650970459,
        0.0028502345085144043,
        0.0035696029663085938,
        0.004476428031921387,
        0.005623042583465576,
        0.007991313934326172
      ],
      "down_distances": [
        0.007991313934326172,
        0.005623042583465576,
        0.004476428031921387,
        0.0035696029663085938,
        0.0028502345085144043,
        0.00218808650970459,
        0.0015032291412353516,
        0.0008627772331237793,
        0.0003681182861328125,
        0.00013369321823120117,
        0.0
      ],
      "max_difference": 0.0,