{
  "experiment": "embedding_geometry",
  "experiment_number": 119,
  "timestamp": "20260314_225144",
  "dim": 4096,
  "n_id": 30,
  "n_ood": 60,
  "intrinsic_dims": {
    "0.5": 3,
    "0.75": 4,
    "0.9": 14,
    "0.95": 33,
    "0.99": 50
  },
  "pca_cumvar": [
    0.23406019806861877,
    0.4598734378814697,
    0.6565807461738586,
    0.7752428650856018,
    0.8501854538917542,
    0.8596053123474121,
    0.8676493167877197,
    0.8735805153846741,
    0.8790709376335144,
    0.8838631510734558,
    0.8884892463684082,
    0.8929409980773926,
    0.8971779346466064,
    0.9012441635131836,
    0.9050646424293518,
    0.908784806728363,
    0.91216641664505,
    0.915483832359314,
    0.9186277985572815,
    0.9215816855430603
  ],
  "id_pca_cumvar": [
    0.7735689878463745,
    0.8074866533279419,
    0.8313225507736206,
    0.8484283685684204,
    0.8621593117713928,
    0.8750542998313904,
    0.8873060345649719,
    0.899001955986023,
    0.9086973667144775,
    0.9177679419517517,
    0.9254999756813049,
    0.932968258857727,
    0.9400079250335693,
    0.9463484883308411,
    0.951522946357727,
    0.9564710259437561,
    0.9610522389411926,
    0.9655234813690186,
    0.9697989821434021,
    0.9739540815353394
  ],
  "ood_pca_cumvar": [
    0.3112986981868744,
    0.6010618209838867,
    0.8307319283485413,
    0.8434321880340576,
    0.8538869619369507,
    0.8618546724319458,
    0.8690962195396423,
    0.8754895925521851,
    0.8816155195236206,
    0.8875362873077393,
    0.8930848240852356,
    0.898343026638031,
    0.9034548401832581,
    0.9081501960754395,
    0.9126960635185242,
    0.9169878363609314,
    0.9210138320922852,
    0.924767255783081,
    0.928294837474823,
    0.9316344857215881
  ],
  "intra_distances": {
    "highway": {
      "mean": 0.03415908643177577,
      "std": 0.011202426657856184,
      "max": 0.07351857423782349,
      "group": "ID"
    },
    "urban": {
      "mean": 0.04267647209621611,
      "std": 0.010073982089984107,
      "max": 0.07584482431411743,
      "group": "ID"
    },
    "noise": {
      "mean": 0.10592997357958839,
      "std": 0.023624475367952,
      "max": 0.17479181289672852,
      "group": "OOD"
    },
    "indoor": {
      "mean": 0.05521486032576788,
      "std": 0.013129930244766283,
      "max": 0.0944790244102478,
      "group": "OOD"
    },
    "twilight": {
      "mean": 0.0718718239239284,
      "std": 0.013044662966190087,
      "max": 0.10429394245147705,
      "group": "OOD"
    },
    "snow": {
      "mean": 0.050533195904323036,
      "std": 0.01605979545799361,
      "max": 0.09095269441604614,
      "group": "OOD"
    }
  },
  "inter_distances": {
    "highway_vs_urban": {
      "distance": 0.2675599455833435,
      "groups": "ID_vs_ID"
    },
    "highway_vs_noise": {
      "distance": 0.4773401618003845,
      "groups": "ID_vs_OOD"
    },
    "highway_vs_indoor": {
      "distance": 0.4275110960006714,
      "groups": "ID_vs_OOD"
    },
    "highway_vs_twilight": {
      "distance": 0.39866065979003906,
      "groups": "ID_vs_OOD"
    },
    "highway_vs_snow": {
      "distance": 0.2804744839668274,
      "groups": "ID_vs_OOD"
    },
    "urban_vs_noise": {
      "distance": 0.4343746304512024,
      "groups": "ID_vs_OOD"
    },
    "urban_vs_indoor": {
      "distance": 0.3457269072532654,
      "groups": "ID_vs_OOD"
    },
    "urban_vs_twilight": {
      "distance": 0.5237380266189575,
      "groups": "ID_vs_OOD"
    },
    "urban_vs_snow": {
      "distance": 0.3187757134437561,
      "groups": "ID_vs_OOD"
    },
    "noise_vs_indoor": {
      "distance": 0.490291953086853,
      "groups": "OOD_vs_OOD"
    },
    "noise_vs_twilight": {
      "distance": 0.5319467782974243,
      "groups": "OOD_vs_OOD"
    },
    "noise_vs_snow": {
      "distance": 0.4427715539932251,
      "groups": "OOD_vs_OOD"
    },
    "indoor_vs_twilight": {
      "distance": 0.5014055967330933,
      "groups": "OOD_vs_OOD"
    },
    "indoor_vs_snow": {
      "distance": 0.41235536336898804,
      "groups": "OOD_vs_OOD"
    },
    "twilight_vs_snow": {
      "distance": 0.483251690864563,
      "groups": "OOD_vs_OOD"
    }
  },
  "norm_stats": {
    "highway": {
      "mean": 74.98204294840495,
      "std": 4.241219390411645,
      "group": "ID"
    },
    "urban": {
      "mean": 76.58819783528646,
      "std": 4.141350717676745,
      "group": "ID"
    },
    "noise": {
      "mean": 91.494211324056,
      "std": 4.41179327355443,
      "group": "OOD"
    },
    "indoor": {
      "mean": 92.03187917073568,
      "std": 2.507138230137068,
      "group": "OOD"
    },
    "twilight": {
      "mean": 81.19569651285808,
      "std": 6.2637281277003165,
      "group": "OOD"
    },
    "snow": {
      "mean": 84.06925048828126,
      "std": 4.509827192261116,
      "group": "OOD"
    }
  },
  "angular_stats": {
    "highway": {
      "mean_angle": 23.812146666213557,
      "std_angle": 0.8652363616846424,
      "group": "ID"
    },
    "urban": {
      "mean_angle": 24.021107310989056,
      "std_angle": 0.8508216228387558,
      "group": "ID"
    },
    "noise": {
      "mean_angle": 56.26883151116794,
      "std_angle": 0.699398788791326,
      "group": "OOD"
    },
    "indoor": {
      "mean_angle": 50.04419411626142,
      "std_angle": 1.071237301807149,
      "group": "OOD"
    },
    "twilight": {
      "mean_angle": 56.01449031451179,
      "std_angle": 0.8596497444114297,
      "group": "OOD"
    },
    "snow": {
      "mean_angle": 42.755689796930504,
      "std_angle": 0.5531023563082149,
      "group": "OOD"
    }
  },
  "compactness": {
    "id_intra": 0.03841777926399594,
    "ood_intra": 0.07088746343340192,
    "id_ood_inter": 0.19699519872665405,
    "ratio": 5.1277091489382745
  }
}