{
  "experiment": "evasion",
  "experiment_number": 245,
  "timestamp": "20260315_073609",
  "layer": 3,
  "results": {
    "night_bright_2.0": 0.002368,
    "night_bright_4.0": 0.001012,
    "night_bright_6.67": 0.000166,
    "night_bright_8.0": 0.000326,
    "night_bright_10.0": 0.001154,
    "fog_contrast_1.5": 0.000583,
    "fog_contrast_2.0": 0.000526,
    "fog_contrast_3.0": 0.000644,
    "fog_contrast_5.0": 0.000584,
    "noise_blur_1": 0.001575,
    "noise_blur_2": 0.002482,
    "noise_blur_3": 0.00412,
    "noise_blur_5": 0.005609,
    "night_inverted": 0.000183,
    "fog_inverted": 2.5e-05,
    "night_raw": 0.003403,
    "fog_raw": 0.000698,
    "noise_raw": 0.002883
  },
  "min_evasion_dist": 2.5e-05,
  "min_evasion_strategy": "fog_inverted"
}