{
  "experiment": "failure_modes",
  "experiment_number": 101,
  "timestamp": "20260314_212153",
  "threshold": 0.10396791144087153,
  "results": {
    "inverted_highway": {
      "description": "Same layout, inverted colors",
      "n": 10,
      "mean": 0.2938461899757385,
      "std": 0.0047787028651880056,
      "min": 0.2890787720680237,
      "max": 0.30400383472442627,
      "detection_rate": 1.0,
      "scores": [
        0.2896019220352173,
        0.29643189907073975,
        0.29011231660842896,
        0.2890787720680237,
        0.2991206645965576,
        0.2899186611175537,
        0.30400383472442627,
        0.29491519927978516,
        0.2897660732269287,
        0.2955125570297241
      ]
    },
    "green_highway": {
      "description": "Normal road, green sky",
      "n": 10,
      "mean": 0.31670436859130857,
      "std": 0.008113469390169464,
      "min": 0.30556827783584595,
      "max": 0.3311622142791748,
      "detection_rate": 1.0,
      "scores": [
        0.32245373725891113,
        0.3274238109588623,
        0.312014639377594,
        0.3203747868537903,
        0.30707240104675293,
        0.31088000535964966,
        0.31285345554351807,
        0.30556827783584595,
        0.3311622142791748,
        0.3172403573989868
      ]
    },
    "red_highway": {
      "description": "Normal road, red/sunset sky",
      "n": 10,
      "mean": 0.22573006749153138,
      "std": 0.017755361838885333,
      "min": 0.19792890548706055,
      "max": 0.2573828101158142,
      "detection_rate": 1.0,
      "scores": [
        0.2208709716796875,
        0.2199903130531311,
        0.2115260362625122,
        0.2573828101158142,
        0.19792890548706055,
        0.25415802001953125,
        0.22116702795028687,
        0.22324299812316895,
        0.23743677139282227,
        0.21359682083129883
      ]
    },
    "textured_road": {
      "description": "Highway + random texture overlay",
      "n": 10,
      "mean": 0.17578969597816468,
      "std": 0.007212623484979325,
      "min": 0.16283786296844482,
      "max": 0.18934285640716553,
      "detection_rate": 1.0,
      "scores": [
        0.16283786296844482,
        0.18934285640716553,
        0.18043804168701172,
        0.17893874645233154,
        0.17364287376403809,
        0.17163026332855225,
        0.1767723560333252,
        0.16903483867645264,
        0.17206251621246338,
        0.18319660425186157
      ]
    },
    "shifted_horizon": {
      "description": "Highway with shifted horizon",
      "n": 10,
      "mean": 0.14818571209907533,
      "std": 0.0059131132260619446,
      "min": 0.13637948036193848,
      "max": 0.15870314836502075,
      "detection_rate": 1.0,
      "scores": [
        0.14677512645721436,
        0.15870314836502075,
        0.14547985792160034,
        0.14203017950057983,
        0.15073752403259277,
        0.15321791172027588,
        0.15235686302185059,
        0.14682531356811523,
        0.14935171604156494,
        0.13637948036193848
      ]
    },
    "rotated_highway": {
      "description": "Highway rotated 90\u00b0",
      "n": 10,
      "mean": 0.21182591915130616,
      "std": 0.008931962341672376,
      "min": 0.1986812949180603,
      "max": 0.2309868335723877,
      "detection_rate": 1.0,
      "scores": [
        0.1986812949180603,
        0.20449918508529663,
        0.21184158325195312,
        0.20377451181411743,
        0.21639561653137207,
        0.21992731094360352,
        0.20835798978805542,
        0.20737969875335693,
        0.2309868335723877,
        0.2164151668548584
      ]
    },
    "id_baseline": {
      "mean": 0.08636657893657684,
      "std": 0.007616638114919439,
      "max": 0.10637772083282471,
      "detection_rate": 0.05
    }
  }
}