{
  "color_channels": {
    "red_fog": {
      "distance": 0.0008546710014343262,
      "full_distance": 0.0027054548263549805,
      "ratio": 0.3159065842628479
    },
    "red_night": {
      "distance": 0.0026329755783081055,
      "full_distance": 0.007991313934326172,
      "ratio": 0.3294796943664551
    },
    "red_noise": {
      "distance": 9.149312973022461e-05,
      "full_distance": 0.0005123615264892578,
      "ratio": 0.1785714328289032
    },
    "green_fog": {
      "distance": 0.0007870793342590332,
      "full_distance": 0.0027054548263549805,
      "ratio": 0.2909231185913086
    },
    "green_night": {
      "distance": 0.0029309988021850586,
      "full_distance": 0.007991313934326172,
      "ratio": 0.3667730689048767
    },
    "green_noise": {
      "distance": 0.00017696619033813477,
      "full_distance": 0.0005123615264892578,
      "ratio": 0.34539321064949036
    },
    "blue_fog": {
      "distance": 0.000560462474822998,
      "full_distance": 0.0027054548263549805,
      "ratio": 0.20716017484664917
    },
    "blue_night": {
      "distance": 0.0017925500869750977,
      "full_distance": 0.007991313934326172,
      "ratio": 0.22431230545043945
    },
    "blue_noise": {
      "distance": 6.157159805297852e-05,
      "full_distance": 0.0005123615264892578,
      "ratio": 0.1201721727848053
    }
  },
  "frequency_bands": {
    "low": {
      "distance": 0.0048323869705200195,
      "freq_range": [
        0,
        20
      ]
    },
    "mid": {
      "distance": 0.00030922889709472656,
      "freq_range": [
        20,
        60
      ]
    },
    "high": {
      "distance": 0.0003337264060974121,
      "freq_range": [
        60,
        112
      ]
    }
  },
  "edge_vs_texture": {
    "edge_noise_dist": 0.00010281801223754883,
    "texture_noise_dist": 4.57763671875e-05,
    "full_noise_dist": 0.0005123615264892578,
    "edge_ratio": 0.20067472755908966,
    "texture_ratio": 0.08934388309717178
  },
  "direction_alignment": {
    "fog_vs_night": {
      "cosine_sim": 0.21192215383052826,
      "angle_degrees": 77.76497650146484
    },
    "fog_vs_noise": {
      "cosine_sim": -0.47762608528137207,
      "angle_degrees": 118.53047180175781
    },
    "fog_vs_blur": {
      "cosine_sim": 0.375662237405777,
      "angle_degrees": 67.93475341796875
    },
    "night_vs_noise": {
      "cosine_sim": -0.13136741518974304,
      "angle_degrees": 97.54861450195312
    },
    "night_vs_blur": {
      "cosine_sim": 0.6107813715934753,
      "angle_degrees": 52.35397720336914
    },
    "noise_vs_blur": {
      "cosine_sim": -0.1593146175146103,
      "angle_degrees": 99.1671142578125
    }
  },
  "direction_consistency": {
    "fog": {
      "cross_scene_sims": [
        0.9874913692474365,
        0.986573338508606,
        0.9897468090057373
      ],
      "mean_sim": 0.9879371722539266,
      "min_sim": 0.986573338508606
    },
    "night": {
      "cross_scene_sims": [
        0.9924675226211548,
        0.9938013553619385,
        0.9945064187049866
      ],
      "mean_sim": 0.9935917655626932,
      "min_sim": 0.9924675226211548
    },
    "noise": {
      "cross_scene_sims": [
        0.8605199456214905,
        0.8627181649208069,
        0.8924041390419006
      ],
      "mean_sim": 0.8718807498613993,
      "min_sim": 0.8605199456214905
    },
    "blur": {
      "cross_scene_sims": [
        0.9523637890815735,
        0.9156697988510132,
        0.9141110181808472
      ],
      "mean_sim": 0.9273815353711446,
      "min_sim": 0.9141110181808472
    }
  },
  "brightness_contrast_hue": {
    "brightness_-0.3": 0.002683401107788086,
    "brightness_-0.1": 0.00042629241943359375,
    "brightness_0.1": 0.00026667118072509766,
    "brightness_0.3": 0.001673281192779541,
    "contrast_0.3": 0.0020238757133483887,
    "contrast_0.5": 0.0006334185600280762,
    "contrast_1.5": 0.00019371509552001953,
    "contrast_2.0": 0.0006955862045288086,
    "hue_shift_1": 7.098913192749023e-05,
    "hue_shift_2": 7.343292236328125e-05,
    "grayscale": 0.0011685490608215332,
    "inverted": 6.347894668579102e-05
  },
  "spatial_structure": {
    "pixel_shuffle": 8.672475814819336e-05,
    "patch_shuffle_8x8": 0.00010132789611816406,
    "horizontal_flip": 5.078315734863281e-05,
    "rotation_90": 7.462501525878906e-05,
    "fog_reference": 0.0027054548263549805
  },
  "severity_gradient": {
    "fog": {
      "severities": [
        0.001,
        0.005,
        0.01,
        0.02,
        0.05,
        0.1,
        0.2,
        0.5,
        1.0
      ],
      "distances": [
        0.0,
        0.0,
        4.231929779052734e-06,
        3.5762786865234375e-06,
        1.2814998626708984e-05,
        6.240606307983398e-05,
        0.0001679062843322754,
        0.0008426308631896973,
        0.0027054548263549805
      ],
      "min_detectable": 0.01
    },
    "night": {
      "severities": [
        0.001,
        0.005,
        0.01,
        0.02,
        0.05,
        0.1,
        0.2,
        0.5,
        1.0
      ],
      "distances": [
        2.9385089874267578e-05,
        2.9385089874267578e-05,
        3.159046173095703e-05,
        3.701448440551758e-05,
        3.1828880310058594e-05,
        0.00013369321823120117,
        0.0003681182861328125,
        0.0021948814392089844,
        0.007991313934326172
      ],
      "min_detectable": 0.001
    },
    "noise": {
      "severities": [
        0.001,
        0.005,
        0.01,
        0.02,
        0.05,
        0.1,
        0.2,
        0.5,
        1.0
      ],
      "distances": [
        2.562999725341797e-06,
        2.4437904357910156e-06,
        2.3245811462402344e-06,
        3.4570693969726562e-06,
        4.231929779052734e-06,
        2.7835369110107422e-05,
        2.4974346160888672e-05,
        0.00015693902969360352,
        0.0005123615264892578
      ],
      "min_detectable": 0.001
    },
    "blur": {
      "severities": [
        0.001,
        0.005,
        0.01,
        0.02,
        0.05,
        0.1,
        0.2,
        0.5,
        1.0
      ],
      "distances": [
        0.0,
        0.0,
        0.0,
        6.020069122314453e-06,
        0.00013786554336547852,
        0.0007543563842773438,
        0.0022547245025634766,
        0.005036652088165283,
        0.006263315677642822
      ],
      "min_detectable": 0.02
    }
  }
}