{
  "base_dists": {
    "fog": 0.003488452503543127,
    "night": 0.008928411624177124,
    "noise": 0.00019227568806923223,
    "blur": 0.00774114464247011
  },
  "spatial_occlusion": {
    "fog": {
      "grid": [
        [
          0.00024370269155116198,
          0.0003354353765773199,
          0.000291372741206275,
          0.00012495178413507446
        ],
        [
          8.312281956479595e-05,
          0.0008351656173815059,
          0.0006334738648143823,
          0.0001554951176213626
        ],
        [
          0.00037967871736299674,
          0.0007465425540763571,
          0.0004921386806496786,
          0.0001583053523691591
        ],
        [
          0.0001405362630897411,
          0.0004840172410817134,
          0.0005668305569166421,
          -0.0002185407311668941
        ]
      ],
      "max_patch": [
        1,
        1
      ],
      "mean_attr": 0.0003407642904519545,
      "std_attr": 0.0002664812155706303,
      "max_attr": 0.0008351656173815059,
      "uniformity": 0.723972650413712
    },
    "night": {
      "grid": [
        [
          0.0040210514943447295,
          0.003978237824469266,
          0.0041507214379302715,
          0.004193317447755751
        ],
        [
          0.003583990614142052,
          0.004148691430721496,
          0.0040587864092069825,
          0.004020051194941865
        ],
        [
          0.003744470001510458,
          0.004411790541653082,
          0.00435792250014555,
          0.004080497961466922
        ],
        [
          0.00369999829226475,
          0.004140143709952859,
          0.004428677055219543,
          0.0036299948320724917
        ]
      ],
      "max_patch": [
        3,
        2
      ],
      "mean_attr": 0.0040405214217373794,
      "std_attr": 0.0002541565723799212,
      "max_attr": 0.004428677055219543,
      "uniformity": 0.06290192424487548
    },
    "noise": {
      "grid": [
        [
          1.8313651303114575e-05,
          2.6614658661050505e-05,
          2.3189985754235032e-05,
          4.6076240764136855e-05
        ],
        [
          2.1864188351039537e-05,
          -1.0444901684003582e-05,
          3.515318081415142e-05,
          3.241743364879035e-05
        ],
        [
          1.8397553759763596e-05,
          1.608350965254246e-05,
          2.7951442406082272e-05,
          6.815343536303864e-06
        ],
        [
          3.9628378090572625e-05,
          3.794041540550186e-05,
          -1.9542657836435495e-06,
          3.161941254259393e-05
        ]
      ],
      "max_patch": [
        0,
        3
      ],
      "mean_attr": 2.3104139201389484e-05,
      "std_attr": 1.473908774740353e-05,
      "max_attr": 4.6076240764136855e-05,
      "uniformity": 0.597836730043906
    },
    "blur": {
      "grid": [
        [
          0.0032829263664493347,
          0.002896386150151642,
          0.002784420948819699,
          0.0026921988144081865
        ],
        [
          0.0026371949934946848,
          0.0026786269193336265,
          0.003006880549395241,
          0.002330000450450731
        ],
        [
          0.0027136027326981615,
          0.0033380770776499924,
          0.0032292099447884803,
          0.002618474013836858
        ],
        [
          0.002500651023243039,
          0.0031826613991584596,
          0.0033196903754499907,
          0.0022847859311730945
        ]
      ],
      "max_patch": [
        2,
        1
      ],
      "mean_attr": 0.0028434867306563263,
      "std_attr": 0.0003367842352727857,
      "max_attr": 0.0033380770776499924,
      "uniformity": 0.1184405862147456
    }
  },
  "spatial_8x8_fog": {
    "grid": [
      [
        -9.646871090207565e-05,
        -0.00018500833423396035,
        -0.00017960618350432167,
        -3.9962713602292865e-05,
        -5.8551736858869496e-05,
        -0.0003867633344400989,
        -0.00023191493616714354,
        -0.0004060233535974067
      ],
      [
        -0.0001266369921077981,
        1.9564549751827087e-05,
        1.1127808019706364e-05,
        -0.0014416525013258852,
        0.00024189276952391037,
        3.031741311265712e-05,
        -0.0002134886106288647,
        -0.000455450484790787
      ],
      [
        -2.665054940964584e-05,
        -0.00010173988829431657,
        0.0005252762607015349,
        0.0003149175865116982,
        9.044196940299898e-05,
        -4.6200838925702925e-06,
        -4.963031435889498e-05,
        -0.0004072721142149849
      ],
      [
        -7.571756161162124e-05,
        6.577291596365775e-06,
        0.00035674951572828295,
        0.000512768916874573,
        0.0002062467805379331,
        0.00017610936245016084,
        -0.00014615346813862118,
        -0.00042623385848283846
      ],
      [
        8.02025045217869e-05,
        2.1464653129577016e-05,
        0.00025060309839042283,
        0.0003136824972468366,
        -0.00018386783053037092,
        -2.0236468726286816e-05,
        -0.0002752354343737995,
        -0.00024487546000162563
      ],
      [
        2.1614599083896735e-06,
        0.00016745113216254381,
        9.479302298553982e-05,
        7.990470216945322e-05,
        -0.00036394345975154785,
        -0.00018482356178373127,
        -0.0003420464981908067,
        -0.0005074262322212197
      ],
      [
        -0.0001659963344016191,
        -0.000226776270943585,
        0.00028143840468652925,
        -0.00010783816994286433,
        -0.00012229485278392183,
        -0.0004674419575583233,
        -0.0005269440637825085,
        -0.00047215524372379303
      ],
      [
        -0.00012747806759783042,
        -0.00010054366898704092,
        -0.000184290708956536,
        -7.732452128539347e-05,
        -0.0005114731892359448,
        -1.5490352206604108e-05,
        -0.0003232707777736099,
        -0.0005113395808429289
      ]
    ],
    "mean": -0.00011467135526175253,
    "std": 0.00030027604531369294,
    "uniformity": 1.2892268546817995
  },
  "frequency_attribution": {
    "fog": {
      "low": 0.816369891166687,
      "mid": 0.06705675274133682,
      "high": 0.11657333374023438
    },
    "night": {
      "low": 0.8150773644447327,
      "mid": 0.06752943247556686,
      "high": 0.11739322543144226
    },
    "noise": {
      "low": 0.10936207324266434,
      "mid": 0.32639437913894653,
      "high": 0.5642435550689697
    },
    "blur": {
      "low": 0.10844825953245163,
      "mid": 0.32557088136672974,
      "high": 0.565980851650238
    }
  },
  "channel_attribution": {
    "fog": {
      "R": 0.0014396948244377317,
      "G": 0.0012814782869314811,
      "B": 0.0013949080331953079
    },
    "night": {
      "R": 0.0038060756791735706,
      "G": 0.004879192092208773,
      "B": 0.0038035003841547788
    },
    "noise": {
      "R": 8.449888388850635e-05,
      "G": 0.00010334014542101588,
      "B": 7.376734794273254e-05
    },
    "blur": {
      "R": 0.0066762090307938005,
      "G": 0.007149151240510521,
      "B": 0.006605850638805366
    }
  },
  "cumulative_occlusion": [
    {
      "fraction_clean": 0.0,
      "distance": 0.003488452503543127,
      "relative_to_base": 1.0
    },
    {
      "fraction_clean": 0.1,
      "distance": 0.0038431427860361467,
      "relative_to_base": 1.1016755372569271
    },
    {
      "fraction_clean": 0.2,
      "distance": 0.0036451147633305148,
      "relative_to_base": 1.0449088126119734
    },
    {
      "fraction_clean": 0.3,
      "distance": 0.003300131076336532,
      "relative_to_base": 0.9460157685921418
    },
    {
      "fraction_clean": 0.4,
      "distance": 0.0024111177554908547,
      "relative_to_base": 0.6911711577101731
    },
    {
      "fraction_clean": 0.5,
      "distance": 0.002245852735179077,
      "relative_to_base": 0.6437962772599096
    },
    {
      "fraction_clean": 0.6,
      "distance": 0.0016829291793954981,
      "relative_to_base": 0.4824285776246609
    },
    {
      "fraction_clean": 0.7,