{
  "experiment": "feature_importance",
  "experiment_number": 271,
  "timestamp": "20260315_085547",
  "results": {
    "fog": {
      "top20_dims": [
        1512,
        2393,
        3431,
        2298,
        3718,
        4071,
        462,
        2158,
        216,
        1216,
        3999,
        257,
        339,
        1076,
        3491,
        1827,
        2744,
        914,
        1594,
        972
      ],
      "top20_magnitudes": [
        0.125,
        0.099609375,
        0.0625,
        0.046875,
        0.0416259765625,
        0.0389404296875,
        0.03515625,
        0.03466796875,
        0.033935546875,
        0.033203125,
        0.03173828125,
        0.03125,
        0.03125,
        0.03125,
        0.03076171875,
        0.0306396484375,
        0.0294189453125,
        0.029052734375,
        0.0289306640625,
        0.02880859375
      ],
      "n_dims_50pct": 427,
      "n_dims_90pct": 1753,
      "n_dims_99pct": 3007,
      "total_energy": 0.400443434715271,
      "max_dim_contribution": 3.9019241333007812
    },
    "night": {
      "top20_dims": [
        1512,
        2298,
        2393,
        4071,
        3431,
        588,
        2608,
        575,
        3209,
        2927,
        1571,
        1076,
        1218,
        3893,
        3946,
        2958,
        4085,
        1037,
        3367,
        399
      ],
      "top20_magnitudes": [
        0.28125,
        0.15625,
        0.09765625,
        0.09716796875,
        0.0859375,
        0.078125,
        0.076171875,
        0.07373046875,
        0.073486328125,
        0.065185546875,
        0.064453125,
        0.0625,
        0.0625,
        0.060791015625,
        0.060546875,
        0.060546875,
        0.058837890625,
        0.05517578125,
        0.05389404296875,
        0.052734375
      ],
      "n_dims_50pct": 383,
      "n_dims_90pct": 1716,
      "n_dims_99pct": 2948,
      "total_energy": 1.2191011905670166,
      "max_dim_contribution": 6.4885149002075195
    },
    "noise": {
      "top20_dims": [
        1512,
        339,
        3431,
        2393,
        2298,
        2533,
        2789,
        2158,
        3893,
        1415,
        216,
        3135,
        1076,
        2772,
        1855,
        3862,
        3347,
        2544,
        907,
        3117
      ],
      "top20_magnitudes": [
        0.0625,
        0.046875,
        0.04296875,
        0.033203125,
        0.03125,
        0.03125,
        0.0234375,
        0.01953125,
        0.0177001953125,
        0.017578125,
        0.016845703125,
        0.015625,
        0.015625,
        0.015380859375,
        0.01507568359375,
        0.0146484375,
        0.01416015625,
        0.013671875,
        0.01318359375,
        0.0126953125
      ],
      "n_dims_50pct": 348,
      "n_dims_90pct": 1670,
      "n_dims_99pct": 2946,
      "total_energy": 0.0735827088356018,
      "max_dim_contribution": 5.308651924133301
    },
    "blur": {
      "top20_dims": [
        3431,
        2608,
        588,
        2235,
        1571,
        4071,
        462,
        2927,
        1700,
        2283,
        1261,
        2158,
        1076,
        1430,
        1218,
        3209,
        1380,
        1307,
        4093,
        3718
      ],
      "top20_magnitudes": [
        0.1015625,
        0.0745849609375,
        0.07421875,
        0.064453125,
        0.0625,
        0.0513916015625,
        0.05078125,
        0.050048828125,
        0.04931640625,
        0.0491943359375,
        0.048828125,
        0.04736328125,
        0.046875,
        0.04638671875,
        0.0458984375,
        0.04541015625,
        0.04473876953125,
        0.04443359375,
        0.04443359375,
        0.0443115234375
      ],
      "n_dims_50pct": 472,
      "n_dims_90pct": 1788,
      "n_dims_99pct": 2968,
      "total_energy": 0.8557920455932617,
      "max_dim_contribution": 1.205309271812439
    },
    "dim_overlap": {
      "fog_vs_night": 16,
      "fog_vs_noise": 23,
      "night_vs_noise": 13,
      "blur_vs_fog": 19,
      "blur_vs_night": 33,
      "blur_vs_noise": 12
    },
    "subset_detection": {
      "10": {
        "fog": 0.00019931793212890625,
        "night": 0.000628054141998291,
        "noise": 5.7697296142578125e-05,
        "blur": 0.00027948617935180664
      },
      "50": {
        "fog": 0.00032448768615722656,
        "night": 0.001265108585357666,
        "noise": 8.779764175415039e-05,
        "blur": 0.0007969141006469727
      },
      "100": {
        "fog": 0.00041425228118896484,
        "night": 0.0017660856246948242,
        "noise": 9.733438491821289e-05,
        "blur": 0.0011954307556152344
      },
      "200": {
        "fog": 0.0005519986152648926,
        "night": 0.0024688243865966797,
        "noise": 0.00011867284774780273,
        "blur": 0.0018315911293029785
      },
      "500": {
        "fog": 0.0009524226188659668,
        "night": 0.0040315985679626465,
        "noise": 0.00017374753952026367,
        "blur": 0.0031471848487854004
      },
      "1000": {
        "fog": 0.001484215259552002,
        "night": 0.005607783794403076,
        "noise": 0.0002453327178955078,
        "blur": 0.004384458065032959
      },
      "2000": {
        "fog": 0.0021545886993408203,
        "night": 0.007261097431182861,
        "noise": 0.00035375356674194336,
        "blur": 0.005594849586486816
      },
      "4096": {
        "fog": 0.002705693244934082,
        "night": 0.007991015911102295,
        "noise": 0.0005124807357788086,
        "blur": 0.006263315677642822
      }
    }
  }
}