{
  "occlusion": {
    "fog": {
      "heatmap": [
        [
          -0.0001647472381591797,
          -0.0004343986511230469,
          -0.0006352663040161133,
          -0.0005426406860351562,
          -0.0006034970283508301,
          -0.0007253885269165039,
          -0.0002732276916503906
        ],
        [
          -5.233287811279297e-05,
          -0.000249326229095459,
          -0.0005285143852233887,
          -0.0006760954856872559,
          -0.0005211830139160156,
          -0.0003317594528198242,
          -0.0002777576446533203
        ],
        [
          -0.00013047456741333008,
          -0.00030863285064697266,
          -0.0005810260772705078,
          -0.0006862282752990723,
          -0.000583648681640625,
          -0.00038808584213256836,
          -0.0003104209899902344
        ],
        [
          -0.00016611814498901367,
          -0.0003063082695007324,
          -0.0005878806114196777,
          -0.0006747245788574219,
          -0.0005009174346923828,
          -0.00039714574813842773,
          -0.0004762411117553711
        ],
        [
          -0.00013512372970581055,
          -0.00021660327911376953,
          -0.0005226731300354004,
          -0.0006420016288757324,
          -0.000568389892578125,
          -0.00040024518966674805,
          -0.000349581241607666
        ],
        [
          -7.826089859008789e-05,
          -0.00013875961303710938,
          -0.00034099817276000977,
          -0.00044649839401245117,
          -0.0004718303680419922,
          -0.00036776065826416016,
          -0.00020122528076171875
        ],
        [
          -7.75456428527832e-05,
          -0.00015974044799804688,
          -0.00022023916244506836,
          -0.0002676844596862793,
          -0.00029164552688598633,
          -0.0002442002296447754,
          -0.00016421079635620117
        ]
      ],
      "base_dist": 0.0008893013000488281,
      "max_importance": -5.233287811279297e-05,
      "min_importance": -0.0007253885269165039,
      "center_importance": -0.0006747245788574219,
      "corner_importance": -0.00016993284225463867
    },
    "night": {
      "heatmap": [
        [
          -0.00048607587814331055,
          -0.0007578134536743164,
          -0.0008356571197509766,
          -0.0008393526077270508,
          -0.0006703734397888184,
          -0.0013549327850341797,
          -0.0008275508880615234
        ],
        [
          -0.0003896355628967285,
          -0.0002810359001159668,
          -0.00042700767517089844,
          -0.0008801817893981934,
          -0.000567317008972168,
          -0.000395357608795166,
          -0.0007033944129943848
        ],
        [
          -0.0004089474678039551,
          -0.000307619571685791,
          -0.0003134012222290039,
          -0.0004215836524963379,
          -0.0003536343574523926,
          -0.00047475099563598633,
          -0.000773310661315918
        ],
        [
          -0.0003222823143005371,
          -0.00018417835235595703,
          -0.0001519322395324707,
          -0.00024211406707763672,
          -0.0003218650817871094,
          -0.0002834200859069824,
          -0.0005810856819152832
        ],
        [
          -0.0003351569175720215,
          -0.00013631582260131836,
          -4.3272972106933594e-05,
          -0.00022137165069580078,
          -0.00015807151794433594,
          -0.00018531084060668945,
          -0.0003085136413574219
        ],
        [
          -0.0002697110176086426,
          -9.000301361083984e-05,
          2.664327621459961e-05,
          -0.00019103288650512695,
          -6.860494613647461e-05,
          -0.0001099705696105957,
          -0.00022971630096435547
        ],
        [
          1.5676021575927734e-05,
          9.60230827331543e-05,
          0.00016480684280395508,
          0.00014650821685791016,
          0.00012356042861938477,
          2.6047229766845703e-05,
          -2.193450927734375e-05
        ]
      ],
      "base_dist": 0.0019497871398925781,
      "max_importance": 0.00016480684280395508,
      "min_importance": -0.0013549327850341797,
      "center_importance": -0.00024211406707763672,
      "corner_importance": -0.0003299713134765625
    },
    "noise": {
      "heatmap": [
        [
          -0.00011831521987915039,
          -0.0001342296600341797,
          -0.00023174285888671875,
          -0.0003045201301574707,
          -0.000386655330657959,
          -0.0003198385238647461,
          -0.0001589655876159668
        ],
        [
          -5.453824996948242e-05,
          -0.00024700164794921875,
          -0.0003886222839355469,
          -0.00036013126373291016,
          -0.00037479400634765625,
          -0.00029855966567993164,
          -0.00015980005264282227
        ],
        [
          -9.709596633911133e-05,
          -0.0002536177635192871,
          -0.0004208683967590332,
          -0.0005006790161132812,
          -0.0003927946090698242,
          -0.00025528669357299805,
          -0.0001258254051208496
        ],
        [
          -6.979703903198242e-05,
          -0.00022524595260620117,
          -0.00039833784103393555,
          -0.0006308555603027344,
          -0.0003679990768432617,
          -0.00024515390396118164,
          -0.0002275705337524414
        ],
        [
          -9.000301361083984e-05,
          -0.00014853477478027344,
          -0.0002957582473754883,
          -0.0003364086151123047,
          -0.0003165006637573242,
          -0.0002868175506591797,
          -0.00011938810348510742
        ],
        [
          -0.00010722875595092773,
          -0.00013005733489990234,
          -0.0002460479736328125,
          -0.00030791759490966797,
          -0.0002951622009277344,
          -0.00020998716354370117,
          -0.00011909008026123047
        ],
        [
          -5.14984130859375e-05,
          -0.00010514259338378906,
          -0.00017839670181274414,
          -0.0002294778823852539,
          -0.00017142295837402344,
          -0.00011098384857177734,
          -4.774332046508789e-05
        ]
      ],
      "base_dist": 0.00016033649444580078,
      "max_importance": -4.774332046508789e-05,
      "min_importance": -0.0006308555603027344,
      "center_importance": -0.0006308555603027344,
      "corner_importance": -9.413063526153564e-05
    },