{
  "pca": {
    "explained_variance_top10": [
      0.4813469648361206,
      0.26794517040252686,
      0.10984901338815689,
      0.05248585343360901,
      0.0281075406819582,
      0.015029627829790115,
      0.009567324072122574,
      0.005469432566314936,
      0.0037552574649453163,
      0.0031864126212894917
    ],
    "cumulative_variance_top10": [
      0.4813469648361206,
      0.7492921352386475,
      0.8591411709785461,
      0.9116270542144775,
      0.9397345781326294,
      0.954764187335968,
      0.9643315076828003,
      0.9698009490966797,
      0.9735562205314636,
      0.9767426252365112
    ],
    "dims_for_80pct": 3,
    "dims_for_90pct": 4,
    "dims_for_95pct": 6
  },
  "clusters": {
    "n_clean": 5,
    "n_corrupt": 100,
    "avg_clean_intra_dist": 6.785988807678223e-05,
    "max_clean_intra_dist": 8.416175842285156e-05,
    "avg_inter_dist": 0.0020542347338050604,
    "min_inter_dist": 9.47713851928711e-06,
    "silhouette_score": 0.9669658541679382
  },
  "corruption_geometry": {
    "fog": {
      "n_samples": 25,
      "mean_dist_to_clean": 0.0012340641114860773,
      "std_dist_to_clean": 0.0010531018488109112,
      "spread": 0.0003374600491952151,
      "direction_norm": 0.3609468936920166,
      "min_dist_to_clean": 4.494190216064453e-05,
      "max_dist_to_clean": 0.0030229687690734863
    },
    "night": {
      "n_samples": 25,
      "mean_dist_to_clean": 0.0030210851691663265,
      "std_dist_to_clean": 0.002963100327178836,
      "spread": 0.001450719777494669,
      "direction_norm": 0.4796653687953949,
      "min_dist_to_clean": 8.952617645263672e-05,
      "max_dist_to_clean": 0.008369684219360352
    },
    "noise": {
      "n_samples": 25,
      "mean_dist_to_clean": 0.00017168759950436652,
      "std_dist_to_clean": 0.00016347864584531635,
      "spread": 8.585929754190147e-05,
      "direction_norm": 0.10961832851171494,
      "min_dist_to_clean": 2.4139881134033203e-05,
      "max_dist_to_clean": 0.0005601644515991211
    },
    "blur": {
      "n_samples": 25,
      "mean_dist_to_clean": 0.0037676095962524414,
      "std_dist_to_clean": 0.0017664646729826927,
      "spread": 0.000780081725679338,
      "direction_norm": 0.6402243971824646,
      "min_dist_to_clean": 0.0006265044212341309,
      "max_dist_to_clean": 0.005676150321960449
    }
  },
  "nearest_neighbor": {
    "fog": {
      "nn_accuracy": 0.96,
      "n_samples": 25
    },
    "night": {
      "nn_accuracy": 1.0,
      "n_samples": 25
    },
    "noise": {
      "nn_accuracy": 0.8,
      "n_samples": 25
    },
    "blur": {
      "nn_accuracy": 1.0,
      "n_samples": 25
    }
  },
  "distance_matrix": {
    "clean": {
      "clean": 1.1920928955078125e-07,
      "fog": 0.0009025335311889648,
      "night": 0.0015971064567565918,
      "noise": 8.553266525268555e-05,
      "blur": 0.0029830336570739746
    },
    "fog": {
      "clean": 0.0009025335311889648,
      "fog": -1.1920928955078125e-07,
      "night": 0.0026606321334838867,
      "noise": 0.0011987090110778809,
      "blur": 0.0021483898162841797
    },
    "night": {
      "clean": 0.0015971064567565918,
      "fog": 0.0026606321334838867,
      "night": 0.0,
      "noise": 0.0017384886741638184,
      "blur": 0.0024369359016418457
    },
    "noise": {
      "clean": 8.553266525268555e-05,
      "fog": 0.0011987090110778809,
      "night": 0.0017384886741638184,
      "noise": 0.0,
      "blur": 0.00337296724319458
    },
    "blur": {
      "clean": 0.0029830336570739746,
      "fog": 0.0021483898162841797,
      "night": 0.0024369359016418457,
      "noise": 0.00337296724319458,
      "blur": 1.1920928955078125e-07
    }
  },
  "convexity": {
    "fog": {
      "n_tests": 45,
      "n_convex": 45,
      "convexity_rate": 1.0
    },
    "night": {
      "n_tests": 45,
      "n_convex": 45,
      "convexity_rate": 1.0
    },
    "noise": {
      "n_tests": 45,
      "n_convex": 45,
      "convexity_rate": 1.0
    },
    "blur": {
      "n_tests": 45,
      "n_convex": 45,
      "convexity_rate": 1.0
    }
  }
}