{
  "baseline": {
    "method": "baseline",
    "description": "Baseline (no UQ)",
    "ece": 0.3987311323017503,
    "mce": 0.9541551725922823,
    "brier": 0.4014229633332212,
    "auroc": 0.30900944933203,
    "auprc": 0.6642335313380676,
    "ause": -3.4147126502277905,
    "failure_rate": 0.6975,
    "selective_failure_80": 0.697594501718213,
    "elapsed": 9.5367431640625e-07
  },
  "mc_dropout": {
    "method": "mc_dropout",
    "description": "MC Dropout (N=20)",
    "ece": 0.1681538929365707,
    "mce": 0.17529331648998772,
    "brier": 0.23673053131931535,
    "auroc": 0.5684670754465476,
    "auprc": 0.7459390943481573,
    "ause": -3.882369721037436,
    "failure_rate": 0.6975,
    "selective_failure_80": 0.677492692432608,
    "elapsed": 0.07839441299438477
  },
  "mc_dropout_50": {
    "method": "mc_dropout_50",
    "description": "MC Dropout (N=50)",
    "ece": 0.1789727000193334,
    "mce": 0.4674667867927087,
    "brier": 0.23980413906524406,
    "auroc": 0.5722604342545691,
    "auprc": 0.7522766410962471,
    "ause": -3.559240708192886,
    "failure_rate": 0.6975,
    "selective_failure_80": 0.6803329223181258,
    "elapsed": 0.18706965446472168
  },
  "ensemble_3": {
    "method": "ensemble_3",
    "description": "Deep Ensemble (M=3)",
    "ece": 0.34409834727990035,
    "mce": 0.5651675767870525,
    "brier": 0.3138215141332473,
    "auroc": 0.7855312657365443,
    "auprc": 0.9014269989519617,
    "ause": -0.7096467294626845,
    "failure_rate": 0.6975,
    "selective_failure_80": 0.6245294855708908,
    "elapsed": 0.010601043701171875
  },
  "ensemble_5": {
    "method": "ensemble_5",
    "description": "Deep Ensemble (M=5)",
    "ece": 0.3178843698533443,
    "mce": 0.543761085294032,
    "brier": 0.29447147568678567,
    "auroc": 0.8022334784798129,
    "auprc": 0.9101295413206651,
    "ause": -0.435394966969632,
    "failure_rate": 0.6975,
    "selective_failure_80": 0.6323978035387431,
    "elapsed": 0.014985084533691406
  },
  "ensemble_7": {
    "method": "ensemble_7",
    "description": "Deep Ensemble (M=7)",
    "ece": 0.2988036587576942,
    "mce": 0.512035001686369,
    "brier": 0.2872663872529958,
    "auroc": 0.8192899671198791,
    "auprc": 0.9169764554271924,
    "ause": -0.38306684725005047,
    "failure_rate": 0.6975,
    "selective_failure_80": 0.6315628815628815,
    "elapsed": 0.021162986755371094
  },
  "temp_scaling": {
    "method": "temp_scaling",
    "description": "Temperature Scaling",
    "ece": 0.564783657091564,
    "mce": 0.7163769222752363,
    "brier": 0.5857750429784586,
    "auroc": 0.30900944933203,
    "auprc": 0.6642335313380676,
    "ause": -3.4147126502277905,
    "failure_rate": 0.6975,
    "selective_failure_80": 0.6989348370927319,
    "elapsed": 0.0008311271667480469
  },
  "conformal_05": {
    "method": "conformal_05",
    "description": "Conformal (alpha=0.05)",
    "ece": 0.28341550745694527,
    "mce": 0.5008527864626632,
    "brier": 0.12347572339937657,
    "auroc": 1.0,
    "auprc": 1.0,
    "ause": 0.0,
    "failure_rate": 0.6975,
    "selective_failure_80": 0.6224648985959438,
    "elapsed": 0.0017664432525634766
  },
  "conformal_10": {
    "method": "conformal_10",
    "description": "Conformal (alpha=0.10)",
    "ece": 0.2917308420091459,
    "mce": 0.43287803851284057,
    "brier": 0.11288830459842938,
    "auroc": 1.0,
    "auprc": 1.0,
    "ause": 0.0,
    "failure_rate": 0.6975,
    "selective_failure_80": 0.6203326011923439,
    "elapsed": 0.0016646385192871094
  },
  "conformal_20": {
    "method": "conformal_20",
    "description": "Conformal (alpha=0.20)",
    "ece": 0.28682161490928604,
    "mce": 0.49861248997805907,
    "brier": 0.10426570002501793,
    "auroc": 1.0,
    "auprc": 1.0,
    "ause": 0.0,
    "failure_rate": 0.6975,
    "selective_failure_80": 0.6211646837820914,
    "elapsed": 0.0016162395477294922
  }
}