{
  "experiment": "gradient_sensitivity",
  "experiment_number": 289,
  "timestamp": "20260315_100732",
  "gradient_stats": {
    "fog": {
      "cosine_distance": 0.0027053356170654297,
      "grad_mean": 2.5205906695191516e-06,
      "grad_std": 2.238802835563547e-06,
      "grad_max": 3.945332355215214e-05,
      "grad_min": 1.2721081077415874e-07,
      "quadrants": {
        "top_left": 2.623646423671744e-06,
        "top_right": 3.0192534268280724e-06,
        "bottom_left": 2.1993541849951725e-06,
        "bottom_right": 2.240108869955293e-06,
        "center": 2.5899710180965485e-06,
        "border": 2.5661267955001676e-06
      },
      "percentiles": {
        "p10": 8.018799917408614e-07,
        "p25": 1.1864408406836446e-06,
        "p50": 1.8698399344430072e-06,
        "p75": 3.0355968192452565e-06,
        "p90": 4.896966402156977e-06,
        "p95": 6.650848717981717e-06,
        "p99": 1.1604480278037954e-05
      },
      "channel_means": {
        "ch0": 4.5751073685096344e-07,
        "ch1": 5.146129069544259e-07,
        "ch2": 4.192334870367631e-07
      },
      "sparsity_90pct": 0.10000797193877552,
      "center_vs_border_ratio": 1.0092918872833252,
      "max_quadrant": "top_right",
      "min_quadrant": "bottom_left"
    },
    "night": {
      "cosine_distance": 0.007991194725036621,
      "grad_mean": 1.995514685404487e-05,
      "grad_std": 4.698042539530434e-05,
      "grad_max": 0.0015979071613401175,
      "grad_min": 6.167493324937823e-07,
      "quadrants": {
        "top_left": 1.812575828807894e-05,
        "top_right": 2.0693716578534804e-05,
        "bottom_left": 2.606248017400503e-05,
        "bottom_right": 1.4938630556571297e-05,
        "center": 1.3942694749857765e-05,
        "border": 3.154057412757538e-05
      },
      "percentiles": {
        "p10": 5.074967702967115e-06,
        "p25": 7.277023087226553e-06,
        "p50": 1.1269701644778252e-05,
        "p75": 1.884574521682225e-05,
        "p90": 3.4662858524825424e-05,
        "p95": 5.4828968131914735e-05,
        "p99": 0.0001467953552491963
      },
      "channel_means": {
        "ch0": 4.6550953811674844e-06,
        "ch1": 4.789903869095724e-06,
        "ch2": 3.806602762779221e-06
      },
      "sparsity_90pct": 0.10000797193877552,
      "center_vs_border_ratio": 0.4420558214187622,
      "max_quadrant": "border",
      "min_quadrant": "center"
    },
    "blur": {
      "cosine_distance": 0.006263256072998047,
      "grad_mean": 3.7265817809384316e-05,
      "grad_std": 4.349738810560666e-05,
      "grad_max": 0.0012859611306339502,
      "grad_min": 1.3149070809959085e-06,
      "quadrants": {
        "top_left": 5.0761602324200794e-05,
        "top_right": 3.1823048630030826e-05,
        "bottom_left": 3.587291212170385e-05,
        "bottom_right": 3.0605711799580604e-05,
        "center": 2.1518666471820325e-05,
        "border": 5.966848402749747e-05
      },
      "percentiles": {
        "p10": 1.0146051863557659e-05,
        "p25": 1.4946247574698646e-05,
        "p50": 2.395447518210858e-05,
        "p75": 4.181478652753867e-05,
        "p90": 7.671979255974293e-05,
        "p95": 0.00011271666153334081,
        "p99": 0.00021588880917988718
      },
      "channel_means": {
        "ch0": 1.9245575458626263e-05,
        "ch1": 1.7866921552922577e-05,
        "ch2": 1.4035470485396218e-05
      },
      "sparsity_90pct": 0.10000797193877552,
      "center_vs_border_ratio": 0.3606370687484741,
      "max_quadrant": "border",
      "min_quadrant": "center"
    },
    "noise": {
      "cosine_distance": 0.0005124211311340332,
      "grad_mean": 6.776851932954742e-07,
      "grad_std": 6.170159281282395e-07,
      "grad_max": 1.1688645827234723e-05,
      "grad_min": 3.982135154956268e-08,
      "quadrants": {
        "top_left": 7.393800842692144e-07,
        "top_right": 8.157202842085098e-07,
        "bottom_left": 5.735586796618009e-07,
        "bottom_right": 5.82081952416047e-07,
        "center": 6.249339890018746e-07,
        "border": 7.568241926492192e-07
      },
      "percentiles": {
        "p10": 2.411724153716932e-07,
        "p25": 3.421604901632236e-07,
        "p50": 5.08612515659479e-07,
        "p75": 7.872741889514145e-07,
        "p90": 1.2480337545639486e-06,
        "p95": 1.7085314993892098e-06,
        "p99": 3.198661715941853e-06
      },
      "channel_means": {
        "ch0": 1.557541793317796e-07,
        "ch1": 1.7621974279791175e-07,
        "ch2": 1.5003762143805943e-07
      },
      "sparsity_90pct": 0.10000797193877552,
      "center_vs_border_ratio": 0.8257320523262024,
      "max_quadrant": "top_right",
      "min_quadrant": "bottom_left"
    }
  },
  "gradient_similarities": {
    "fog_vs_night": 0.03281807899475098,
    "fog_vs_noise": -0.021879857406020164,
    "night_vs_noise": -0.0014997213147580624,
    "blur_vs_fog": -0.0007677132380194962,
    "blur_vs_night": 0.030283773317933083,
    "blur_vs_noise": 0.0018255745526403189
  },
  "severity_gradients": {
    "fog": [
      {
        "severity": 0.1,
        "distance": 6.22868537902832e-05,
        "grad_mean": 3.3229491691599833e-07,
        "grad_max": 6.091292107157642e-06,
        "grad_std": 2.877271185752761e-07
      },
      {
        "severity": 0.3,
        "distance": 0.00034546852111816406,
        "grad_mean": 8.432471076957881e-07,
        "grad_max": 1.53143464558525e-05,
        "grad_std": 7.349645443355257e-07
      },
      {
        "severity": 0.5,
        "distance": 0.0008422136306762695,
        "grad_mean": 1.2621918585864478e-06,
        "grad_max": 2.1176358131924644e-05,
        "grad_std": 1.0960750387312146e-06
      },
      {
        "severity": 0.7,
        "distance": 0.0014815330505371094,
        "grad_mean": 1.6986135733532137e-06,
        "grad_max": 2.351209695916623e-05,
        "grad_std": 1.4758568340766942e-06
      },
      {
        "severity": 1.0,
        "distance": 0.0027053356170654297,
        "grad_mean": 2.5208769329765346e-06,
        "grad_max": 3.9466001908294857e-05,
        "grad_std": 2.2400752186513273e-06
      }
    ],
    "night": [
      {
        "severity": 0.1,
        "distance": 0.0001334547996520996,
        "grad_mean": 4.974896228304715e-07,
        "grad_max": 6.642689186264761e-06,
        "grad_std": 3.7707886235693877e-07
      },
      {
        "severity": 0.3,
        "distance": 0.0008624792098999023,
        "grad_mean": 1.8102995227309293e-06,
        "grad_max": 1.959251494554337e-05,
        "grad_std": 1.3586683280664147e-06
      },
      {
        "severity": 0.5,
        "distance": 0.002194821834564209,
        "grad_mean": 3.519108759064693e-06,
        "grad_max": 4.191612242721021e-05,
        "grad_std": 2.8760703116859077e-06
      },
      {
        "severity": 0.7,
        "distance": 0.003569185733795166,
        "grad_mean": 4.290185188438045e-06,
        "grad_max": 0.00012791986227966845,
        "grad_std": 4.650550181395374e-06
      },
      {
        "severity": 1.0,
        "distance": 0.007991194725036621,
        "grad_mean": 1.9945186068071052e-05,
        "grad_max": 0.0015979072777554393,
        "grad_std": 4.698172051575966e-05
      }
    ]
  }
}