{
  "experiment": "head_analysis",
  "experiment_number": 74,
  "timestamp": "20260314_194016",
  "n_heads": 32,
  "n_samples": 42,
  "head_results": {
    "0": {
      "auroc_max": 0.6977272727272726,
      "auroc_entropy": 0.4113636363636364,
      "id_max_mean": 0.22236328125,
      "ood_max_mean": 0.25395063920454547
    },
    "1": {
      "auroc_max": 0.27954545454545454,
      "auroc_entropy": 0.5750000000000001,
      "id_max_mean": 0.3513671875,
      "ood_max_mean": 0.31578480113636365
    },
    "2": {
      "auroc_max": 0.6227272727272727,
      "auroc_entropy": 0.875,
      "id_max_mean": 0.266552734375,
      "ood_max_mean": 0.31822620738636365
    },
    "3": {
      "auroc_max": 0.928409090909091,
      "auroc_entropy": 0.9818181818181818,
      "id_max_mean": 0.39443359375,
      "ood_max_mean": 0.4807350852272727
    },
    "4": {
      "auroc_max": 0.7522727272727273,
      "auroc_entropy": 0.4772727272727272,
      "id_max_mean": 0.145654296875,
      "ood_max_mean": 0.1664151278409091
    },
    "5": {
      "auroc_max": 0.8897727272727272,
      "auroc_entropy": 0.8477272727272728,
      "id_max_mean": 0.34755859375,
      "ood_max_mean": 0.5311612215909091
    },
    "6": {
      "auroc_max": 0.7659090909090908,
      "auroc_entropy": 0.709090909090909,
      "id_max_mean": 0.32421875,
      "ood_max_mean": 0.3426846590909091
    },
    "7": {
      "auroc_max": 1.0,
      "auroc_entropy": 1.0,
      "id_max_mean": 0.37255859375,
      "ood_max_mean": 0.5115411931818182
    },
    "8": {
      "auroc_max": 0.884090909090909,
      "auroc_entropy": 0.9159090909090909,
      "id_max_mean": 0.43896484375,
      "ood_max_mean": 0.5184659090909091
    },
    "9": {
      "auroc_max": 0.6761363636363635,
      "auroc_entropy": 0.9113636363636364,
      "id_max_mean": 0.283056640625,
      "ood_max_mean": 0.3423739346590909
    },
    "10": {
      "auroc_max": 0.6579545454545455,
      "auroc_entropy": 0.9795454545454545,
      "id_max_mean": 0.444140625,
      "ood_max_mean": 0.5570845170454546
    },
    "11": {
      "auroc_max": 0.4159090909090909,
      "auroc_entropy": 0.7818181818181819,
      "id_max_mean": 0.30712890625,
      "ood_max_mean": 0.40181107954545453
    },
    "12": {
      "auroc_max": 0.609090909090909,
      "auroc_entropy": 0.65,
      "id_max_mean": 0.33876953125,
      "ood_max_mean": 0.40678267045454547
    },
    "13": {
      "auroc_max": 0.9931818181818182,
      "auroc_entropy": 0.9659090909090908,
      "id_max_mean": 0.238037109375,
      "ood_max_mean": 0.41246448863636365
    },
    "14": {
      "auroc_max": 0.8727272727272727,
      "auroc_entropy": 0.8250000000000001,
      "id_max_mean": 0.4310546875,
      "ood_max_mean": 0.49840198863636365
    },
    "15": {
      "auroc_max": 0.7784090909090909,
      "auroc_entropy": 0.7454545454545455,
      "id_max_mean": 0.223828125,
      "ood_max_mean": 0.29536576704545453
    },
    "16": {
      "auroc_max": 1.0,
      "auroc_entropy": 1.0,
      "id_max_mean": 0.1568115234375,
      "ood_max_mean": 0.5249467329545454
    },
    "17": {
      "auroc_max": 0.5068181818181818,
      "auroc_entropy": 0.5863636363636363,
      "id_max_mean": 0.24482421875,
      "ood_max_mean": 0.2875088778409091
    },
    "18": {
      "auroc_max": 0.8125,
      "auroc_entropy": 0.7818181818181819,
      "id_max_mean": 0.36943359375,
      "ood_max_mean": 0.4493075284090909
    },
    "19": {
      "auroc_max": 0.45454545454545453,
      "auroc_entropy": 0.6431818181818182,
      "id_max_mean": 0.20458984375,
      "ood_max_mean": 0.21901633522727273
    },
    "20": {
      "auroc_max": 0.9954545454545454,
      "auroc_entropy": 0.9977272727272727,
      "id_max_mean": 0.268115234375,
      "ood_max_mean": 0.41148792613636365
    },
    "21": {
      "auroc_max": 0.4988636363636364,
      "auroc_entropy": 0.7068181818181818,
      "id_max_mean": 0.34306640625,
      "ood_max_mean": 0.37269176136363635
    },
    "22": {
      "auroc_max": 0.6397727272727273,
      "auroc_entropy": 0.75,
      "id_max_mean": 0.25458984375,
      "ood_max_mean": 0.3683860085227273
    },
    "23": {
      "auroc_max": 0.9806818181818181,
      "auroc_entropy": 1.0,
      "id_max_mean": 0.36796875,
      "ood_max_mean": 0.4636896306818182
    },
    "24": {
      "auroc_max": 0.9886363636363636,
      "auroc_entropy": 0.9636363636363636,
      "id_max_mean": 0.13251953125,
      "ood_max_mean": 0.2110262784090909
    },
    "25": {
      "auroc_max": 1.0,
      "auroc_entropy": 1.0,
      "id_max_mean": 0.43232421875,
      "ood_max_mean": 0.5269886363636364
    },
    "26": {
      "auroc_max": 0.7102272727272727,
      "auroc_entropy": 0.9704545454545455,
      "id_max_mean": 0.43720703125,
      "ood_max_mean": 0.48979048295454547
    },
    "27": {
      "auroc_max": 1.0,
      "auroc_entropy": 1.0,
      "id_max_mean": 0.4017578125,
      "ood_max_mean": 0.5907315340909091
    },
    "28": {
      "auroc_max": 0.8909090909090909,
      "auroc_entropy": 0.7681818181818182,
      "id_max_mean": 0.231396484375,
      "ood_max_mean": 0.36723188920454547
    },
    "29": {
      "auroc_max": 0.6409090909090908,
      "auroc_entropy": 0.8727272727272728,
      "id_max_mean": 0.303515625,
      "ood_max_mean": 0.3503196022727273
    },
    "30": {
      "auroc_max": 0.7556818181818181,
      "auroc_entropy": 0.8613636363636363,
      "id_max_mean": 0.230126953125,
      "ood_max_mean": 0.2853781960227273
    },
    "31": {
      "auroc_max": 0.7500000000000001,
      "auroc_entropy": 0.6840909090909091,
      "id_max_mean": 0.4408203125,
      "ood_max_mean": 0.5037286931818182
    }
  },
  "top5_heads": [
    7,
    16,
    25,
    27,
    20
  ],
  "bottom5_heads": [
    17,
    21,
    19,
    11,
    1
  ]
}