{
  "n_scenes": 8,
  "hidden_dim": 4096,
  "dim_stats": {
    "clean_mean_of_means": 0.0031157582998275757,
    "clean_std_of_means": 0.12890999019145966,
    "clean_mean_of_stds": 0.0011718999594449997,
    "clean_max_std_dim": 1512,
    "clean_max_std_val": 0.022097086533904076,
    "clean_min_std_dim": 3968,
    "clean_min_std_val": 0.0001726334885461256,
    "fog_mean_shift": 0.007953750900924206,
    "fog_max_shift_dim": 1512,
    "fog_max_shift_val": 0.1015625,
    "night_mean_shift": 0.01337512582540512,
    "night_max_shift_dim": 1512,
    "night_max_shift_val": 0.2421875,
    "noise_mean_shift": 0.0017064460553228855,
    "noise_max_shift_dim": 1512,
    "noise_max_shift_val": 0.0390625,
    "blur_mean_shift": 0.011454864405095577,
    "blur_max_shift_dim": 3431,
    "blur_max_shift_val": 0.13818359375
  },
  "sparsity": {
    "clean_below_0.001": 77,
    "fog_below_0.001": 60,
    "night_below_0.001": 79,
    "noise_below_0.001": 71,
    "blur_below_0.001": 80,
    "clean_below_0.01": 740,
    "fog_below_0.01": 715,
    "night_below_0.01": 740,
    "noise_below_0.01": 734,
    "blur_below_0.01": 747,
    "clean_below_0.1": 3976,
    "fog_below_0.1": 3977,
    "night_below_0.1": 3968,
    "noise_below_0.1": 3975,
    "blur_below_0.1": 3987,
    "clean_below_1.0": 4089,
    "fog_below_1.0": 4089,
    "night_below_1.0": 4089,
    "noise_below_1.0": 4089,
    "blur_below_1.0": 4089,
    "clean_min_activation": -1.0927734375,
    "clean_max_activation": 5.84375,
    "clean_positive_dims": 2048,
    "clean_negative_dims": 2048
  },
  "discriminative": {
    "fog": {
      "top_20_dims": [
        [
          1216,
          53.47191619873047
        ],
        [
          3968,
          45.19412612915039
        ],
        [
          1790,
          41.11857986450195
        ],
        [
          1827,
          38.210411071777344
        ],
        [
          814,
          38.082645416259766
        ],
        [
          2602,
          38.03760528564453
        ],
        [
          3761,
          38.009437561035156
        ],
        [
          430,
          36.4034538269043
        ],
        [
          1975,
          34.88786697387695
        ],
        [
          516,
          34.26695251464844
        ],
        [
          187,
          34.139915466308594
        ],
        [
          1046,
          33.562171936035156
        ],
        [
          1782,
          33.043479919433594
        ],
        [
          3051,
          32.87956237792969
        ],
        [
          954,
          32.77735900878906
        ],
        [
          3635,
          32.72807312011719
        ],
        [
          2257,
          32.2506103515625
        ],
        [
          3625,
          32.17179489135742
        ],
        [
          2190,
          32.07665252685547
        ],
        [
          3055,
          32.02647018432617
        ]
      ],
      "mean_effect_size": 8.825601577758789,
      "max_effect_size": 53.47191619873047,
      "n_large_effect": 3801
    },
    "night": {
      "top_20_dims": [
        [
          3820,
          81.56346893310547
        ],
        [
          1696,
          73.66092681884766
        ],
        [
          3968,
          73.54205322265625
        ],
        [
          1692,
          69.34590148925781
        ],
        [
          3367,
          68.68419647216797
        ],
        [
          2769,
          68.27204132080078
        ],
        [
          2484,
          63.83049392700195
        ],
        [
          2532,
          63.705204010009766
        ],
        [
          1086,
          63.3961296081543
        ],
        [
          187,
          62.722450256347656
        ],
        [
          1159,
          61.1560173034668
        ],
        [
          1876,
          60.79505920410156
        ],
        [
          399,
          60.633689880371094
        ],
        [
          3726,
          59.67090606689453
        ],
        [
          1037,
          58.847259521484375
        ],
        [
          1087,
          58.67925262451172
        ],
        [
          1995,
          57.644290924072266
        ],
        [
          936,
          56.23414993286133
        ],
        [
          854,
          56.20756530761719
        ],
        [
          2999,
          55.86532974243164
        ]
      ],
      "mean_effect_size": 14.444666862487793,
      "max_effect_size": 81.56346893310547,
      "n_large_effect": 3917
    },
    "noise": {
      "top_20_dims": [
        [
          865,
          8.720664978027344
        ],
        [
          3484,
          7.290588855743408
        ],
        [
          516,
          7.047341823577881
        ],
        [
          2654,
          7.003131866455078
        ],
        [
          727,
          6.6092400550842285
        ],
        [
          3105,
          6.5539374351501465
        ],
        [
          2112,
          6.484226703643799
        ],
        [
          1304,
          6.456850051879883
        ],
        [
          2811,
          6.361067295074463
        ],
        [
          3035,
          6.258824348449707
        ],
        [
          2488,
          6.176731586456299
        ],
        [
          1453,
          6.009195327758789
        ],
        [
          88,
          5.9832611083984375
        ],
        [
          1212,
          5.969921588897705
        ],
        [
          3569,
          5.960395336151123
        ],
        [
          2022,
          5.870516777038574
        ],
        [
          3055,
          5.786876201629639
        ],
        [
          71,
          5.74452018737793
        ],
        [
          49,
          5.674418926239014
        ],
        [
          2341,
          5.662891387939453
        ]
      ],
      "mean_effect_size": 1.5232703685760498,
      "max_effect_size": 8.720664978027344,
      "n_large_effect": 2445
    },
    "blur": {
      "top_20_dims": [
        [
          3002,
          38.66671371459961
        ],
        [
          3968,
          31.86783218383789
        ],
        [
          1967,
          31.433338165283203
        ],
        [
          3809,
          30.03969383239746
        ],
        [
          2487,
          26.955774307250977
        ],
        [
          1700,
          25.867374420166016
        ],
        [
          3920,
          25.52804183959961
        ],
        [
          1441,
          24.924510955810547
        ],
        [
          2150,
          24.801612854003906
        ],
        [
          3879,
          24.061594009399414
        ],
        [
          1617,
          23.547557830810547
        ],
        [
          1598,
          23.508930206298828
        ],
        [
          3578,
          23.4262752532959
        ],
        [
          824,
          23.31067657470703
        ],
        [
          3056,
          23.28458595275879
        ],
        [
          861,
          23.282197952270508
        ],
        [
          3386,
          23.215890884399414
        ],
        [
          936,
          22.50950813293457
        ],
        [
          1087,
          22.377927780151367
        ],
        [
          4014,
          22.307146072387695
        ]
      ],
      "mean_effect_size": 5.824520111083984,
      "max_effect_size": 38.66671371459961,
      "n_large_effect": 3620
    }
  },
  "few_dim_detection": {
    "1": {
      "top_dims": {
        "fog": 1.0,
        "night": 1.0,
        "noise": 1.0,
        "blur": 1.0
      },
      "random_dims": {
        "fog": 1.0,
        "night": 1.0,
        "noise": 0.7421875,
        "blur": 1.0
      }
    },
    "2": {
      "top_dims": {
        "fog": 1.0,
        "night": 1.0,
        "noise": 1.0,
        "blur": 1.0
      },
      "random_dims": {
        "fog": 1.0,
        "night": 1.0,
        "noise": 0.859375,
        "blur": 1.0
      }
    },