{
  "experiment": "hidden_state_norms",
  "experiment_number": 137,
  "timestamp": "20260315_002202",
  "layer_indices": [
    0,
    3,
    8,
    16,
    24,
    28,
    32
  ],
  "results": {
    "0": {
      "layer": 0,
      "id_mean": 0.8899670839309692,
      "id_std": 0.0,
      "ood_mean": 0.8899670839309692,
      "ood_std": 0.0,
      "auroc": 0.5,
      "d_prime": 0.0,
      "direction": "higher"
    },
    "3": {
      "layer": 3,
      "id_mean": 7.961945199966431,
      "id_std": 0.0442212529801274,
      "ood_mean": 7.964369177818298,
      "ood_std": 0.05174401443198609,
      "auroc": 0.50625,
      "d_prime": 0.05481477079528153,
      "direction": "lower"
    },
    "8": {
      "layer": 8,
      "id_mean": 19.278981399536132,
      "id_std": 0.2782418094218612,
      "ood_mean": 19.416533184051513,
      "ood_std": 0.5254817489823941,
      "auroc": 0.5,
      "d_prime": 0.4943605878345667,
      "direction": "higher"
    },
    "16": {
      "layer": 16,
      "id_mean": 47.203280448913574,
      "id_std": 0.37389587632152704,
      "ood_mean": 47.87490692138672,
      "ood_std": 0.7514025934766279,
      "auroc": 0.76125,
      "d_prime": 1.796292804566684,
      "direction": "higher"
    },
    "24": {
      "layer": 24,
      "id_mean": 85.27358055114746,
      "id_std": 1.1382837360659945,
      "ood_mean": 85.33202323913574,
      "ood_std": 0.9372971922290336,
      "auroc": 0.53,
      "d_prime": 0.051342812105112025,
      "direction": "higher"
    },
    "28": {
      "layer": 28,
      "id_mean": 112.82809867858887,
      "id_std": 3.3552144652489226,
      "ood_mean": 111.67044525146484,
      "ood_std": 2.57578177647205,
      "auroc": 0.6012500000000001,
      "d_prime": 0.3450311266477098,
      "direction": "lower"
    },
    "32": {
      "layer": 32,
      "id_mean": 75.46409873962402,
      "id_std": 4.096634361541687,
      "ood_mean": 86.11628665924073,
      "ood_std": 4.711494650455456,
      "auroc": 0.9625,
      "d_prime": 2.6002291098656762,
      "direction": "higher"
    },
    "norm_ratio_3_32": {
      "auroc": 0.9425,
      "d_prime": 2.1677799389654275,
      "id_mean": 0.10583139563279631,
      "ood_mean": 0.09278033556082069
    },
    "multi_layer": {
      "auroc": 0.9137500000000001,
      "d_prime": 3.5371059326298835
    }
  }
}