{
  "kl_divergence": {
    "fog": {
      "kl_clean_to_corrupt": 0.002315028794517809,
      "kl_corrupt_to_clean": 0.002297623696798233,
      "js_divergence": 0.002306326245658021
    },
    "night": {
      "kl_clean_to_corrupt": 0.005666769796789232,
      "kl_corrupt_to_clean": 0.005666769796789231,
      "js_divergence": 0.005666769796789232
    },
    "noise": {
      "kl_clean_to_corrupt": 0.0001366390908861762,
      "kl_corrupt_to_clean": 0.000133975633151204,
      "js_divergence": 0.0001353073620186901
    },
    "blur": {
      "kl_clean_to_corrupt": 0.00501727713433928,
      "kl_corrupt_to_clean": 0.004925721530122164,
      "js_divergence": 0.004971499332230722
    }
  },
  "mi_binary": {
    "fog": 1.0,
    "night": 1.0,
    "noise": 1.0,
    "blur": 1.0
  },
  "mi_5class": 1.9219280948873623,
  "mi_5class_normalized": 0.8277293767706428,
  "fisher_info": {
    "fog": {
      "severities": [
        0.2,
        0.4,
        0.6,
        0.8,
        1.0
      ],
      "mean_dists": [
        0.0002094567891307797,
        0.0007153944033106097,
        0.0015030009158881752,
        0.002480907808522237,
        0.0035094288018863162
      ],
      "gradients": [
        0.00252968807089915,
        0.003233860316893489,
        0.004413783513029068,
        0.005016069714995353,
        0.005142604966820397
      ],
      "fisher_info": [
        2087027.2075108942,
        3410646.268857001,
        6353546.626626904,
        8205806.899986805,
        8625027.631823797
      ],
      "mean_fisher": 5736410.92696108
    },
    "night": {
      "severities": [
        0.2,
        0.4,
        0.6,
        0.8,
        1.0
      ],
      "mean_dists": [
        0.0003356232769192058,
        0.00131067524841193,
        0.002900260562795842,
        0.004777430472600042,
        0.008905527503265764
      ],
      "gradients": [
        0.004875259857463621,
        0.006411593214691591,
        0.00866688806047028,
        0.015013167351174807,
        0.020640485153328617
      ],
      "fisher_info": [
        7751570.538102013,
        13406829.504394157,
        24497430.820815895,
        73508712.57051475,
        138942134.83707693
      ],
      "mean_fisher": 51621335.65418075
    },
    "noise": {
      "severities": [
        0.2,
        0.4,
        0.6,
        0.8,
        1.0
      ],
      "mean_dists": [
        1.4769721461949104e-05,
        4.902832826072512e-05,
        7.748382694590105e-05,
        0.0001334694267461245,
        0.0001921199620368963
      ],
      "gradients": [
        0.00017129303399388007,
        0.00015678526370987989,
        0.00021110274621349837,
        0.0002865903377274881,
        0.00029325267645385916
      ],
      "fisher_info": [
        9569.154548454533,
        8016.86641172549,
        14533.892087705572,
        26786.579105752873,
        28046.465261634796
      ],
      "mean_fisher": 17390.591483054654
    },
    "blur": {
      "severities": [
        0.2,
        0.4,
        0.6,
        0.8,
        1.0
      ],
      "mean_dists": [
        0.002489290384683951,
        0.004938278289389109,
        0.006558737487444311,
        0.007248002287734345,
        0.007776275206987648
      ],
      "gradients": [
        0.01224493952352579,
        0.0101736177569009,
        0.005774309995863092,
        0.0030438442988583413,
        0.0026413645962665177
      ],
      "fisher_info": [
        48899841.81974951,
        33755535.16937051,
        10874125.878228795,
        3021614.3323108163,
        2275363.9347887407
      ],
      "mean_fisher": 19765296.226889674
    }
  },
  "channel_capacity": {
    "fog": {
      "best_accuracy": 1.0,
      "error_probability": 0.0,
      "bsc_capacity": 1.0,
      "optimal_threshold": 3.705905672905782e-05
    },
    "night": {
      "best_accuracy": 1.0,
      "error_probability": 0.0,
      "bsc_capacity": 1.0,
      "optimal_threshold": 9.158511266232512e-05
    },
    "noise": {
      "best_accuracy": 1.0,
      "error_probability": 0.0,
      "bsc_capacity": 1.0,
      "optimal_threshold": 7.08817498512761e-06
    },
    "blur": {
      "best_accuracy": 1.0,
      "error_probability": 0.0,
      "bsc_capacity": 1.0,
      "optimal_threshold": 8.090555667951261e-05
    }
  },
  "decision_entropy": {
    "fog": [
      {
        "severity": 0.05,
        "p_detect": 1.0,
        "entropy": 0.0
      },
      {
        "severity": 0.1,
        "p_detect": 1.0,
        "entropy": 0.0
      },
      {
        "severity": 0.2,
        "p_detect": 1.0,
        "entropy": 0.0
      },
      {
        "severity": 0.3,
        "p_detect": 1.0,
        "entropy": 0.0
      },
      {
        "severity": 0.5,
        "p_detect": 1.0,
        "entropy": 0.0
      },
      {
        "severity": 0.7,
        "p_detect": 1.0,
        "entropy": 0.0
      },
      {
        "severity": 1.0,
        "p_detect": 1.0,
        "entropy": 0.0
      }
    ],
    "night": [
      {
        "severity": 0.05,
        "p_detect": 1.0,
        "entropy": 0.0
      },
      {
        "severity": 0.1,
        "p_detect": 1.0,
        "entropy": 0.0
      },
      {
        "severity": 0.2,
        "p_detect": 1.0,
        "entropy": 0.0
      },
      {
        "severity": 0.3,
        "p_detect": 1.0,
        "entropy": 0.0
      },
      {
        "severity": 0.5,
        "p_detect": 1.0,
        "entropy": 0.0
      },
      {
        "severity": 0.7,
        "p_detect": 1.0,
        "entropy": 0.0
      },
      {
        "severity": 1.0,
        "p_detect": 1.0,
        "entropy": 0.0
      }
    ],
    "noise": [
      {
        "severity": 0.05,
        "p_detect": 0.0,
        "entropy": 0.0
      },
      {
        "severity": 0.1,
        "p_detect": 0.0,
        "entropy": 0.0
      },
      {
        "severity": 0.2,
        "p_detect": 1.0,
        "entropy": 0.0
      },
      {
        "severity": 0.3,
        "p_detect": 1.0,
        "entropy": 0.0
      },
      {
        "severity": 0.5,
        "p_detect": 1.0,
        "entropy": 0.0
      },
      {
        "severity": 0.7,
        "p_detect": 1.0,
        "entropy": 0.0
      },
      {
        "severity": 1.0,
        "p_detect": 1.0,
        "entropy": 0.0
      }
    ],
    "blur": [
      {
        "severity": 0.05,
        "p_detect": 1.0,
        "entropy": 0.0
      },
      {
        "severity": 0.1,
        "p_detect": 1.0,
        "entropy": 0.0
      },
      {
        "severity": 0.2,
        "p_detect": 1.0,
        "entropy": 0.0
      },
      {
        "severity": 0.3,
        "p_detect": 1.0,
        "entropy": 0.0
      },
      {
        "severity": 0.5,
        "p_detect": 1.0,
        "entropy": 0.0
      },
      {
        "severity": 0.7,
        "p_detect": 1.0,
        "entropy": 0.0
      },
      {
        "severity": 1.0,
        "p_detect": 1.0,
        "entropy": 0.0
      }
    ]
  },
  "separation_metrics": {
    "fog": {
      "bhattacharyya": 6360.931811522777,
      "hellinger": 1.0,
      "cohens_d": 225.56615974443088,
      "clean_mean": 2.174012440396093e-06,
      "ood_mean": 0.00350999582526997,
      "clean_std": 1.7510676203108794e-06,
      "ood_std": 2.1922880150924054e-05
    },
    "night": {
      "bhattacharyya": 31403.42339646537,
      "hellinger": 1.0,
      "cohens_d": 501.21800721458567,
      "clean_mean": 2.174012440396093e-06,
      "ood_mean": 0.008917396768877307,
      "clean_std": 1.7510676203108794e-06,
      "ood_std": 2.5093759027786927e-05
    },
    "noise": {
      "bhattacharyya": 491.6484730884878,
      "hellinger": 1.0,
      "cohens_d": 62.70593983286843,
      "clean_mean": 2.174012440396093e-06,
      "ood_mean": 0.00019101127278561651,
      "clean_std": 1.7510676203108794e-06,
      "ood_std": 3.882229313825778e-06
    },
    "blur": {
      "bhattacharyya": 4406.251924853333,
      "hellinger": 1.0,
      "cohens_d": 187.71985360662975,
      "clean_mean": 2.174012440396093e-06,