{
  "experiment": "information_theory",
  "experiment_number": 296,
  "timestamp": "20260315_103500",
  "entropy": {
    "fog": {
      "dim_entropy": 7.441168785095215,
      "effective_dims": 1704.741533711641,
      "sv_entropy": 1.2732315063476562,
      "effective_rank": 3.5723780923958444,
      "top_5_singular_values": [
        0.6629312634468079,
        0.1237110123038292,
        0.0726083368062973,
        0.037540946155786514,
        0.023412445560097694
      ],
      "variance_ratio_top1": 0.9482349753379822,
      "variance_ratio_top3": 0.9926314353942871
    },
    "night": {
      "dim_entropy": 7.643360137939453,
      "effective_dims": 2086.7437965367817,
      "sv_entropy": 1.4805257320404053,
      "effective_rank": 4.395255800413685,
      "top_5_singular_values": [
        1.2136632204055786,
        0.5658435821533203,
        0.3455193340778351,
        0.12038121372461319,
        0.07511164993047714
      ],
      "variance_ratio_top1": 0.7598592042922974,
      "variance_ratio_top3": 0.986614465713501
    },
    "blur": {
      "dim_entropy": 7.734467029571533,
      "effective_dims": 2285.790121040696,
      "sv_entropy": 1.6630606651306152,
      "effective_rank": 5.275432492657638,
      "top_5_singular_values": [
        1.027838110923767,
        0.5165908336639404,
        0.24876827001571655,
        0.13313916325569153,
        0.10876471549272537
      ],
      "variance_ratio_top1": 0.739197850227356,
      "variance_ratio_top3": 0.9692250490188599
    },
    "noise": {
      "dim_entropy": 7.021528244018555,
      "effective_dims": 1120.4977038486231,
      "sv_entropy": 1.7207614183425903,
      "effective_rank": 5.588782245931647,
      "top_5_singular_values": [
        0.30745354294776917,
        0.10207267105579376,
        0.058643046766519547,
        0.03830817714333534,
        0.03125143423676491
      ],
      "variance_ratio_top1": 0.8366034030914307,
      "variance_ratio_top3": 0.9592502117156982
    }
  },
  "fisher_information": {
    "fog": {
      "mean_fisher": 0.6396295628110238,
      "per_severity_fisher": [
        0.9923775753122754,
        0.6557315427926369,
        0.5737606712500567,
        0.5984430630633137,
        0.4783031668921469,
        0.5227283993917811,
        0.9274679262489375,
        0.577834488649386,
        0.5908958544750933,
        0.47875294003461044
      ],
      "max_fisher_severity": 0.1
    },
    "night": {
      "mean_fisher": 4.2268712844133915,
      "per_severity_fisher": [
        1.8860550833778689,
        1.3155166868273227,
        1.8351445066400633,
        1.933874073438345,
        2.194896384025925,
        3.0923658741812696,
        5.089584353322609,
        5.208001809864973,
        6.225323971102627,
        13.487950101352912
      ],
      "max_fisher_severity": 1.0
    },
    "blur": {
      "mean_fisher": 4.089082732425595,
      "per_severity_fisher": [
        10.375370774272596,
        12.306391915626591,
        6.791005417835551,
        2.1726746075728425,
        2.110518831250375,
        1.7602367326617245,
        1.058478413324338,
        1.4673066054456259,
        1.0714506204749346,
        1.7773934057913725
      ],
      "max_fisher_severity": 0.2
    },
    "noise": {
      "mean_fisher": 0.2988705907046096,
      "per_severity_fisher": [
        0.43921334145125,
        0.36097715637879446,
        0.11911160690942783,
        0.23627733207831608,
        0.4094500607607189,
        0.1843365607783199,
        0.4227698900649558,
        0.40888873991207153,
        0.18065194344671914,
        0.22702927526552236
      ],
      "max_fisher_severity": 0.1
    }
  },
  "mutual_information": {
    "direction_similarity": {
      "fog_vs_fog": 1.0000001192092896,
      "fog_vs_night": 0.21192215383052826,
      "fog_vs_blur": 0.3756622076034546,
      "fog_vs_noise": -0.4776260554790497,
      "night_vs_fog": 0.21192215383052826,
      "night_vs_night": 0.9999999403953552,
      "night_vs_blur": 0.6107813715934753,
      "night_vs_noise": -0.13136743009090424,
      "blur_vs_fog": 0.3756622076034546,
      "blur_vs_night": 0.6107813715934753,
      "blur_vs_blur": 1.0,
      "blur_vs_noise": -0.1593146175146103,
      "noise_vs_fog": -0.4776260554790497,
      "noise_vs_night": -0.13136743009090424,
      "noise_vs_blur": -0.1593146175146103,
      "noise_vs_noise": 1.0
    },
    "classification_accuracy": 1.0,
    "n_correct": 40,
    "n_total": 40
  },
  "channel_capacity": {
    "binary_detection_bits": 1.0,
    "severity_levels": {
      "fog": {
        "n_levels": 11,
        "bits": 3.4594316186372973,
        "distances": [
          0.0,
          6.252527236938477e-05,
          0.00016802549362182617,
          0.00034558773040771484,
          0.0005706548690795898,
          0.0008426308631896973,
          0.0011508464813232422,
          0.0014816522598266602,
          0.0018665194511413574,
          0.0022712349891662598,
          0.0027054548263549805
        ]
      },
      "night": {
        "n_levels": 11,
        "bits": 3.4594316186372973,
        "distances": [
          0.0,
          0.00013381242752075195,
          0.0003681182861328125,
          0.0008627772331237793,
          0.0015032291412353516,
          0.0021948814392089844,
          0.0028502345085144043,
          0.0035696029663085938,
          0.004476428031921387,
          0.005623042583465576,
          0.007991313934326172
        ]
      },
      "blur": {
        "n_levels": 11,
        "bits": 3.4594316186372973,
        "distances": [
          0.0,
          0.0007543563842773438,
          0.0022547245025634766,
          0.003692924976348877,
          0.004428386688232422,
          0.005036652088165283,
          0.005062103271484375,
          0.005397975444793701,
          0.005815565586090088,
          0.006152153015136719,
          0.006263315677642822
        ]
      },
      "noise": {
        "n_levels": 10,
        "bits": 3.321928094887362,
        "distances": [
          0.0,
          2.7835369110107422e-05,
          2.4974346160888672e-05,
          4.57763671875e-05,
          8.845329284667969e-05,
          0.00015681982040405273,
          0.0002129673957824707,
          0.0002459883689880371,
          0.00033551454544067383,
          0.0004207491874694824,
          0.0005123615264892578
        ]
      }
    }
  },
  "compression": {
    "dims_for_90pct": 4,
    "dims_for_95pct": 5,
    "dims_for_99pct": 9,
    "top_10_singular": [
      2.1688292026519775,
      1.5971468687057495,
      1.053970217704773,
      0.6498240828514099,
      0.546945333480835,
      0.3628939092159271,
      0.29474377632141113,
      0.22104781866073608,
      0.1536523550748825,
      0.1360466033220291
    ],
    "cumulative_variance": [
      0.4972759485244751,
      0.7669482827186584,
      0.88438481092453,
      0.9290263056755066,
      0.9606516361236572,
      0.9745737910270691,
      0.9837579131126404,
      0.9889234900474548,
      0.9914194345474243,
      0.9933761358261108,
      0.9948153495788574,
      0.9958344101905823,
      0.9965662956237793,
      0.9971427321434021,
      0.9976289868354797,
      0.9980911612510681,
      0.9984211325645447,
      0.9986727833747864,
      0.998900830745697,
      0.9990681409835815
    ]
  }
}