{
  "experiment": "corruption_interpolation",
  "experiment_number": 258,
  "timestamp": "20260315_081906",
  "layer": 3,
  "n_steps": 11,
  "results": {
    "fog": {
      "distances": [
        1.2e-07,
        4.05e-06,
        2.152e-05,
        3.04e-05,
        4.143e-05,
        5.615e-05,
        6.211e-05,
        9.37e-05,
        0.00012046,
        0.00016832,
        0.00020617
      ],
      "max_deviation": 0.910935,
      "mean_deviation": 0.517384,
      "r_squared": 0.9091
    },
    "night": {
      "distances": [
        1.2e-07,
        7.48e-05,
        0.00026125,
        0.00058192,
        0.00104231,
        0.00158399,
        0.00231928,
        0.00317627,
        0.00404763,
        0.00503224,
        0.00644326
      ],
      "max_deviation": 0.976821,
      "mean_deviation": 0.757145,
      "r_squared": 0.9275
    },
    "noise": {
      "distances": [
        1.2e-07,
        8.76e-06,
        1.359e-05,
        2.426e-05,
        2.062e-05,
        2.438e-05,
        3.147e-05,
        3.892e-05,
        5.776e-05,
        4.518e-05,
        5.168e-05
      ],
      "max_deviation": 0.837318,
      "mean_deviation": 0.609892,
      "r_squared": 0.9138
    },
    "fog_to_night": {
      "distances": [
        0.00020617,
        0.00027984,
        0.0005433,
        0.00097996,
        0.00161701,
        0.00228739,
        0.00303328,
        0.00376183,
        0.00453621,
        0.00541663,
        0.00644326
      ],
      "r_squared": 0.9666
    }
  }
}