{
  "experiment": "kl_divergence",
  "experiment_number": 260,
  "timestamp": "20260315_082456",
  "results": {
    "clean": {
      "top_token": 31884,
      "top_prob": 0.569861,
      "entropy": 2.108279,
      "top5": [
        [
          31884,
          0.569861
        ],
        [
          31981,
          0.063937
        ],
        [
          31932,
          0.043943
        ],
        [
          31944,
          0.03878
        ],
        [
          31912,
          0.032149
        ]
      ]
    },
    "fog": {
      "top_token": 31974,
      "top_prob": 0.357984,
      "entropy": 2.537349,
      "kl_divergence": 1.219089,
      "js_divergence": 0.270914,
      "top5": [
        [
          31974,
          0.357984
        ],
        [
          31944,
          0.191615
        ],
        [
          31884,
          0.079877
        ],
        [
          31975,
          0.045513
        ],
        [
          31985,
          0.040165
        ]
      ]
    },
    "night": {
      "top_token": 31856,
      "top_prob": 0.258904,
      "entropy": 3.250576,
      "kl_divergence": 6.799577,
      "js_divergence": 0.626479,
      "top5": [
        [
          31856,
          0.258904
        ],
        [
          31851,
          0.114888
        ],
        [
          31860,
          0.081468
        ],
        [
          31848,
          0.050981
        ],
        [
          31844,
          0.036151
        ]
      ]
    },
    "noise": {
      "top_token": 31944,
      "top_prob": 0.310545,
      "entropy": 2.464811,
      "kl_divergence": 2.317837,
      "js_divergence": 0.352844,
      "top5": [
        [
          31944,
          0.310545
        ],
        [
          31981,
          0.176943
        ],
        [
          31959,
          0.137803
        ],
        [
          31974,
          0.078518
        ],
        [
          31958,
          0.042028
        ]
      ]
    },
    "blur": {
      "top_token": 31839,
      "top_prob": 0.227604,
      "entropy": 3.480777,
      "kl_divergence": 4.172154,
      "js_divergence": 0.558552,
      "top5": [
        [
          31839,
          0.227604
        ],
        [
          31999,
          0.107512
        ],
        [
          31865,
          0.050785
        ],
        [
          31744,
          0.049223
        ],
        [
          31895,
          0.043439
        ]
      ]
    }
  }
}