{
  "experiment": "knn_detection",
  "experiment_number": 103,
  "timestamp": "20260314_213133",
  "n_calibration": 20,
  "n_test_id": 10,
  "n_test_ood": 60,
  "knn_results": {
    "cosine_k1": {
      "metric": "cosine",
      "k": 1,
      "auroc": 1.0,
      "id_mean": 0.025936192274093627,
      "ood_mean": 0.3788235068321228,
      "id_std": 0.005019508741743655,
      "ood_std": 0.061631538435138446
    },
    "cosine_k3": {
      "metric": "cosine",
      "k": 3,
      "auroc": 1.0,
      "id_mean": 0.028251814469695092,
      "ood_mean": 0.3831446374456088,
      "id_std": 0.005298714305211241,
      "ood_std": 0.06108469324996836
    },
    "cosine_k5": {
      "metric": "cosine",
      "k": 5,
      "auroc": 1.0,
      "id_mean": 0.02996378280222416,
      "ood_mean": 0.3863018810749054,
      "id_std": 0.0056476222869004415,
      "ood_std": 0.06203245958455481
    },
    "cosine_k10": {
      "metric": "cosine",
      "k": 10,
      "auroc": 1.0,
      "id_mean": 0.035154171474277976,
      "ood_mean": 0.39318563987811406,
      "id_std": 0.007092589603032256,
      "ood_std": 0.06253604999709655
    },
    "cosine_k15": {
      "metric": "cosine",
      "k": 15,
      "auroc": 1.0,
      "id_mean": 0.11755967363715172,
      "ood_mean": 0.4143930047750473,
      "id_std": 0.006945954530956938,
      "ood_std": 0.06639936645996405
    },
    "cosine_k20": {
      "metric": "cosine",
      "k": 20,
      "auroc": 1.0,
      "id_mean": 0.1612490490078926,
      "ood_mean": 0.4274802709619204,
      "id_std": 0.006884834485102373,
      "ood_std": 0.06831064398229825
    },
    "euclidean_k1": {
      "metric": "euclidean",
      "k": 1,
      "auroc": 1.0,
      "id_mean": 17.68087968826294,
      "ood_mean": 70.46781717936197,
      "id_std": 2.0415780840542257,
      "ood_std": 6.6457314483973
    },
    "euclidean_k3": {
      "metric": "euclidean",
      "k": 3,
      "auroc": 1.0,
      "id_mean": 18.257495403289795,
      "ood_mean": 71.06906922658284,
      "id_std": 1.9633912761619503,
      "ood_std": 6.607740986411355
    },
    "euclidean_k5": {
      "metric": "euclidean",
      "k": 5,
      "auroc": 1.0,
      "id_mean": 18.785288047790527,
      "ood_mean": 71.4921682357788,
      "id_std": 2.0743038836253174,
      "ood_std": 6.6518146986022755
    },
    "euclidean_k10": {
      "metric": "euclidean",
      "k": 10,
      "auroc": 1.0,
      "id_mean": 20.409531784057616,
      "ood_mean": 72.55930976867675,
      "id_std": 2.286506132740175,
      "ood_std": 6.7342671257175395
    },
    "euclidean_k15": {
      "metric": "euclidean",
      "k": 15,
      "auroc": 1.0,
      "id_mean": 32.43806209564209,
      "ood_mean": 74.18180465698242,
      "id_std": 1.861480114130871,
      "ood_std": 6.731883634586639
    },
    "euclidean_k20": {
      "metric": "euclidean",
      "k": 20,
      "auroc": 1.0,
      "id_mean": 39.174615478515626,
      "ood_mean": 75.61411876678467,
      "id_std": 1.5068549163638938,
      "ood_std": 6.656325078862072
    },
    "manhattan_k1": {
      "metric": "manhattan",
      "k": 1,
      "auroc": 1.0,
      "id_mean": 899.7657775878906,
      "ood_mean": 3578.013789876302,
      "id_std": 103.533363853136,
      "ood_std": 339.0229095003898
    },
    "manhattan_k3": {
      "metric": "manhattan",
      "k": 3,
      "auroc": 1.0,
      "id_mean": 929.2925659179688,
      "ood_mean": 3608.60048828125,
      "id_std": 99.0390156652712,
      "ood_std": 338.7328286834991
    },
    "manhattan_k5": {
      "metric": "manhattan",
      "k": 5,
      "auroc": 1.0,
      "id_mean": 955.4955810546875,
      "ood_mean": 3631.5980428059897,
      "id_std": 104.39523602929226,
      "ood_std": 340.55419120278475
    },
    "manhattan_k10": {
      "metric": "manhattan",
      "k": 10,
      "auroc": 1.0,
      "id_mean": 1036.9786865234375,
      "ood_mean": 3687.662841796875,
      "id_std": 114.68678909914856,
      "ood_std": 344.34448743643947
    },
    "manhattan_k15": {
      "metric": "manhattan",
      "k": 15,
      "auroc": 1.0,
      "id_mean": 1653.2195068359374,
      "ood_mean": 3772.7118977864584,
      "id_std": 92.89893673024555,
      "ood_std": 344.9684131893087
    },
    "manhattan_k20": {
      "metric": "manhattan",
      "k": 20,
      "auroc": 1.0,
      "id_mean": 1998.4216064453126,
      "ood_mean": 3847.1019694010415,
      "id_std": 75.36138507037194,
      "ood_std": 341.90357618566475
    }
  },
  "centroid_auroc": 1.0,
  "best_knn": "cosine_k1",
  "per_category": {
    "highway": {
      "mean": 0.0216799259185791,
      "std": 0.0029196845608347867,
      "scores": [
        0.022739052772521973,
        0.019844353199005127,
        0.021971285343170166,
        0.02627730369567871,
        0.01756763458251953
      ]
    },
    "urban": {
      "mean": 0.030192458629608156,
      "std": 0.0023737673651676775,
      "scores": [
        0.03324848413467407,
        0.027388811111450195,
        0.03124481439590454,
        0.02741694450378418,
        0.03166323900222778
      ]
    },
    "noise": {
      "mean": 0.452645738919576,
      "std": 0.012067352083190958,
      "scores": [
        0.4573279619216919,
        0.4563056230545044,
        0.4461386203765869,
        0.44601917266845703,
        0.45485568046569824,
        0.46922969818115234,
        0.4280223846435547,
        0.4355572462081909,
        0.44659513235092163,
        0.4633505940437317,
        0.4567517042160034,
        0.46749889850616455,
        0.45759254693984985,
        0.4675663113594055,
        0.43687450885772705
      ]
    },
    "indoor": {
      "mean": 0.35502161184946696,
      "std": 0.010041758540077203,
      "scores": [
        0.3463256359100342,
        0.33805179595947266,
        0.36593323945999146,
        0.3481411933898926,
        0.34694743156433105,
        0.36459457874298096,
        0.3680848479270935,
        0.35134172439575195,
        0.37056964635849,
        0.35318559408187866,
        0.3698674440383911,
        0.352522611618042,
        0.34963899850845337,
        0.34329354763031006,
        0.35682588815689087
      ]
    },
    "twilight": {
      "mean": 0.4147470752398173,
      "std": 0.013124774816375305,
      "scores": [
        0.41512227058410645,
        0.4217410087585449,
        0.43755918741226196,
        0.41323137283325195,
        0.3978344202041626,
        0.4100033640861511,
        0.40776872634887695,
        0.39419621229171753,
        0.43397748470306396,
        0.4103599190711975,
        0.43607914447784424,
        0.4114757180213928,
        0.40152132511138916,
        0.4051060676574707,
        0.42522990703582764
      ]
    },
    "snow": {
      "mean": 0.2928796013196309,
      "std": 0.009053103757756585,
      "scores": [
        0.3025394082069397,
        0.29910969734191895,
        0.2997763156890869,
        0.2832474708557129,
        0.29524803161621094,
        0.284751296043396,
        0.30147361755371094,
        0.30094122886657715,
        0.2977558970451355,
        0.29031360149383545,
        0.2956949472427368,
        0.2675778865814209,
        0.2909736633300781,
        0.29747897386550903,
        0.2863119840621948
      ]
    }
  },
  "ensemble_results": {
    "alpha_0.0": {
      "alpha_knn": 0.0,
      "auroc": 1.0
    },
    "alpha_0.1": {
      "alpha_knn": 0.1,
      "auroc": 1.0
    },
    "alpha_0.2": {
      "alpha_knn": 0.2,
      "auroc": 1.0
    },
    "alpha_0.3": {
      "alpha_knn": 0.3,
      "auroc": 1.0
    },
    "alpha_0.4": {
      "alpha_knn": 0.4,
      "auroc": 1.0
    },
    "alpha_0.5": {
      "alpha_knn": 0.5,
      "auroc": 1.0
    },
    "alpha_0.6": {
      "alpha_knn": 0.6,
      "auroc": 1.0
    },
    "alpha_0.7": {
      "alpha_knn": 0.7,
      "auroc": 1.0
    },
    "alpha_0.8": {
      "alpha_knn": 0.8,
      "auroc": 1.0
    },
    "alpha_0.9": {
      "alpha_knn": 0.9,
      "auroc": 1.0
    },
    "alpha_1.0": {
      "alpha_knn": 1.0,