{
  "experiment": "l3_comprehensive",
  "experiment_number": 142,
  "timestamp": "20260315_003839",
  "layer": 3,
  "n_id": 30,
  "id_max_dist": 0.0003591179847717285,
  "id_mean_dist": 0.00027592778205871583,
  "overall": {
    "auroc": 0.997948717948718,
    "d_prime": 87.58516633351888
  },
  "per_category": {
    "noise": {
      "n": 15,
      "auroc": 1.0,
      "d_prime": 224.84993189498093,
      "gap": 0.003693997859954834,
      "mean_dist": 0.00452881654103597,
      "min_dist": 0.0040531158447265625
    },
    "indoor": {
      "n": 15,
      "auroc": 1.0,
      "d_prime": 94.73239674960269,
      "gap": 0.0015692710876464844,
      "mean_dist": 0.002067728837331136,
      "min_dist": 0.0019283890724182129
    },
    "twilight": {
      "n": 15,
      "auroc": 1.0,
      "d_prime": 118.86395124998272,
      "gap": 0.0019438862800598145,
      "mean_dist": 0.0025241613388061524,
      "min_dist": 0.002303004264831543
    },
    "snow": {
      "n": 15,
      "auroc": 1.0,
      "d_prime": 79.7435847756845,
      "gap": 0.001361072063446045,
      "mean_dist": 0.001784225304921468,
      "min_dist": 0.0017201900482177734
    },
    "fog_30": {
      "n": 15,
      "auroc": 0.9733333333333334,
      "d_prime": 3.771572995847929,
      "gap": -3.272294998168945e-05,
      "mean_dist": 0.0003472646077473958,
      "min_dist": 0.00032639503479003906
    },
    "fog_50": {
      "n": 15,
      "auroc": 1.0,
      "d_prime": 16.24187127673034,
      "gap": 0.00019115209579467773,
      "mean_dist": 0.0005831321080525717,
      "min_dist": 0.0005502700805664062
    },
    "fog_70": {
      "n": 15,
      "auroc": 1.0,
      "d_prime": 29.122467959556264,
      "gap": 0.00043779611587524414,
      "mean_dist": 0.0008267601331075033,
      "min_dist": 0.0007969141006469727
    },
    "rain": {
      "n": 15,
      "auroc": 1.0,
      "d_prime": 156.462453093621,
      "gap": 0.0021139979362487793,
      "mean_dist": 0.003235312302907308,
      "min_dist": 0.002473115921020508
    },
    "construction": {
      "n": 15,
      "auroc": 1.0,
      "d_prime": 19.61501574247797,
      "gap": 0.00025922060012817383,
      "mean_dist": 0.0006469329198201498,
      "min_dist": 0.0006183385848999023
    },
    "underwater": {
      "n": 15,
      "auroc": 1.0,
      "d_prime": 141.27258860016366,
      "gap": 0.0023974180221557617,
      "mean_dist": 0.00294800599416097,
      "min_dist": 0.0027565360069274902
    },
    "desert": {
      "n": 15,
      "auroc": 1.0,
      "d_prime": 38.14231004303962,
      "gap": 0.0005925893783569336,
      "mean_dist": 0.0009973645210266113,
      "min_dist": 0.0009517073631286621
    },
    "night": {
      "n": 15,
      "auroc": 1.0,
      "d_prime": 141.68876941647196,
      "gap": 0.002449333667755127,
      "mean_dist": 0.0029558777809143067,
      "min_dist": 0.0028084516525268555
    },
    "forest": {
      "n": 15,
      "auroc": 1.0,
      "d_prime": 74.10024853758578,
      "gap": 0.0012317299842834473,
      "mean_dist": 0.0016774853070576985,
      "min_dist": 0.0015908479690551758
    }
  }
}