{
  "experiment": "l3_sample_efficiency",
  "experiment_number": 143,
  "timestamp": "20260315_004309",
  "layer": 3,
  "n_id_total": 40,
  "n_ood_total": 100,
  "results": {
    "1": {
      "n_cal": 1,
      "n_trials": 20,
      "mean_auroc": 0.8800000000000002,
      "std_auroc": 0.09797958971132709,
      "min_auroc": 0.8,
      "mean_d": 222.8465748133196,
      "std_d": 206.03643929631258
    },
    "2": {
      "n_cal": 2,
      "n_trials": 20,
      "mean_auroc": 0.95,
      "std_auroc": 0.08660254037844385,
      "min_auroc": 0.8,
      "mean_d": 190.77779210083224,
      "std_d": 81.73455396985936
    },
    "3": {
      "n_cal": 3,
      "n_trials": 20,
      "mean_auroc": 0.8792250000000001,
      "std_auroc": 0.07832663579523888,
      "min_auroc": 0.7999999999999999,
      "mean_d": 144.15551945597707,
      "std_d": 105.3690702081038
    },
    "4": {
      "n_cal": 4,
      "n_trials": 20,
      "mean_auroc": 0.8800000000000001,
      "std_auroc": 0.0979795897113271,
      "min_auroc": 0.8,
      "mean_d": 177.3433951197605,
      "std_d": 109.785938666238
    },
    "5": {
      "n_cal": 5,
      "n_trials": 20,
      "mean_auroc": 0.9099999999999999,
      "std_auroc": 0.09949874371066199,
      "min_auroc": 0.8,
      "mean_d": 156.12552175589053,
      "std_d": 69.46146044054852
    },
    "8": {
      "n_cal": 8,
      "n_trials": 10,
      "mean_auroc": 0.9,
      "std_auroc": 0.09999999999999998,
      "min_auroc": 0.8,
      "mean_d": 135.96918624563492,
      "std_d": 28.595442778607385
    },
    "10": {
      "n_cal": 10,
      "n_trials": 10,
      "mean_auroc": 0.9001000000000001,
      "std_auroc": 0.09990040039959797,
      "min_auroc": 0.8,
      "mean_d": 139.58750340876807,
      "std_d": 32.796535386061365
    },
    "15": {
      "n_cal": 15,
      "n_trials": 5,
      "mean_auroc": 0.893,
      "std_auroc": 0.07986488590112677,
      "min_auroc": 0.8,
      "mean_d": 144.94954141841393,
      "std_d": 30.205507668514485
    },
    "20": {
      "n_cal": 20,
      "n_trials": 5,
      "mean_auroc": 0.8795999999999999,
      "std_auroc": 0.09749174324013288,
      "min_auroc": 0.8,
      "mean_d": 148.58229257439757,
      "std_d": 21.674360689243784
    },
    "25": {
      "n_cal": 25,
      "n_trials": 5,
      "mean_auroc": 0.8564999999999999,
      "std_auroc": 0.00481663783151692,
      "min_auroc": 0.848,
      "mean_d": 143.72192913113173,
      "std_d": 1.1142037699831786
    },
    "30": {
      "n_cal": 30,
      "n_trials": 5,
      "mean_auroc": 0.942,
      "std_auroc": 0.0,
      "min_auroc": 0.942,
      "mean_d": 148.65996999355414,
      "std_d": 0.0
    }
  }
}