{
  "experiment": "latency_profile",
  "experiment_number": 60,
  "timestamp": "20260314_181832",
  "gpu": "NVIDIA A40",
  "n_warmup": 3,
  "n_measure": 15,
  "results": {
    "baseline": {
      "mean_ms": 296.0328234980504,
      "std_ms": 5.1328129630002834,
      "min_ms": 289.6047607064247,
      "max_ms": 311.05166114866734,
      "times_ms": [
        311.05166114866734,
        301.1264316737652,
        293.7975134700537,
        298.7411133944988,
        289.6047607064247,
        297.6524652913213,
        294.0620593726635,
        297.9914424940944,
        291.3016676902771,
        294.3273903802037,
        296.75448033958673,
        291.9445615261793,
        298.09360299259424,
        291.4183624088764,
        292.62483958154917
      ]
    },
    "scores_only": {
      "mean_ms": 292.1736362700661,
      "std_ms": 8.754579106318861,
      "min_ms": 265.5868800356984,
      "max_ms": 306.3603276386857,
      "times_ms": [
        294.9188994243741,
        293.79308968782425,
        288.4074356406927,
        306.3603276386857,
        281.58506471663713,
        297.78866097331047,
        292.79849119484425,
        296.2363129481673,
        294.06687151640654,
        293.46511233597994,
        297.54532873630524,
        289.9328609928489,
        294.4074980914593,
        295.7117101177573,
        265.5868800356984
      ]
    },
    "hidden_only": {
      "mean_ms": 294.3689242005348,
      "std_ms": 9.366465286142542,
      "min_ms": 268.51497404277325,
      "max_ms": 318.9792698249221,
      "times_ms": [
        295.17216235399246,
        294.8778476566076,
        293.8588969409466,
        292.75649785995483,
        296.85598984360695,
        294.07429974526167,
        293.15773490816355,
        268.51497404277325,
        318.9792698249221,
        297.26067278534174,
        294.84099242836237,
        293.9377501606941,
        296.7815324664116,
        290.41033145040274,
        294.05491054058075
      ]
    },
    "both": {
      "mean_ms": 294.78168369581306,
      "std_ms": 3.1419858756372023,
      "min_ms": 287.44515776634216,
      "max_ms": 299.341419711709,
      "times_ms": [
        295.97927164286375,
        296.96918837726116,
        287.44515776634216,
        297.20042273402214,
        298.54241106659174,
        291.81504901498556,
        295.96364963799715,
        295.6302100792527,
        292.3749126493931,
        295.7871425896883,
        292.54212975502014,
        299.341419711709,
        290.31927697360516,
        296.9242352992296,
        294.8907781392336
      ]
    }
  },
  "post_processing": {
    "cosine_distance_us": 12.208913452923298,
    "action_mass_us": 249.30081609636545
  }
}