{
  "inference": {
    "mean_ms": 141.09368158504367,
    "std_ms": 41.71572906646519,
    "min_ms": 93.77907309681177,
    "max_ms": 200.28790459036827,
    "p50_ms": 110.79441895708442,
    "p95_ms": 199.43174649961293,
    "p99_ms": 200.28588753193617
  },
  "cosine_distance": {
    "mean_us": 4.152664169669151,
    "std_us": 0.4141142385317757,
    "min_us": 3.972090780735016,
    "max_us": 35.85033118724823,
    "p50_us": 4.127621650695801,
    "p95_us": 4.233792424201965
  },
  "preprocessing": {
    "mean_ms": 14.364367295056581,
    "std_ms": 30.5876301618847,
    "min_ms": 1.3969065621495247,
    "max_ms": 90.99619649350643
  },
  "forward_pass": {
    "mean_ms": 86.46330296993256,
    "std_ms": 14.80721674150773,
    "min_ms": 83.77415128052235,
    "max_ms": 189.5504230633378,
    "p50_ms": 83.97335419431329,
    "p95_ms": 87.1744996868074
  },
  "extraction": {
    "mean_us": 38.91537897288799,
    "std_us": 472.40200281065586,
    "min_us": 32.463110983371735
  },
  "pipeline": {
    "mean_ms": 134.33102743700147,
    "std_ms": 39.99313724879779,
    "min_ms": 86.12776175141335,
    "max_ms": 195.88558748364449
  },
  "overhead": {
    "detection_overhead_ms": 0.04306804314255715,
    "inference_ms": 86.46330296993256,
    "overhead_pct": 0.049810777131118825,
    "total_pipeline_ms": 134.33102743700147
  },
  "throughput": {
    "1": {
      "total_time_ms": 99.42802786827087,
      "fps": 10.05752624727576,
      "ms_per_image": 99.42802786827087
    },
    "5": {
      "total_time_ms": 587.7078762277961,
      "fps": 8.50762802787757,
      "ms_per_image": 117.54157524555922
    },
    "10": {
      "total_time_ms": 1379.6600950881839,
      "fps": 7.24816209122931,
      "ms_per_image": 137.9660095088184
    },
    "20": {
      "total_time_ms": 2770.1809741556644,
      "fps": 7.219744914353795,
      "ms_per_image": 138.50904870778322
    }
  }
}