{
  "experiment": "latency_analysis",
  "experiment_number": 193,
  "timestamp": "20260315_042235",
  "results": {
    "standard_forward_ms": {
      "mean": 136.9726948440075,
      "std": 34.404670025371054,
      "min": 96.07535507529974,
      "max": 176.59807950258255
    },
    "hidden_states_forward_ms": {
      "mean": 136.45574692636728,
      "std": 33.96492296135774,
      "min": 99.25439860671759,
      "max": 173.08076471090317
    },
    "full_ood_detection_ms": {
      "mean": 132.32912276871502,
      "std": 34.77402186143495,
      "min": 93.97446177899837,
      "max": 174.3192821741104
    },
    "cosine_distance_us": {
      "mean": 4.992866888642311,
      "std": 6.5732852590496655
    },
    "preprocessing_ms": {
      "mean": 30.871402146294713,
      "std": 39.884736665785915
    },
    "overhead_ms": -4.643572075292451,
    "overhead_pct": -3.3901443499967807,
    "n_trials": 20
  }
}