{
  "n_scenes": 8,
  "n_layers": 33,
  "hidden_dim": 4096,
  "layer_auroc": {
    "0": {
      "fog": 0.5,
      "night": 0.5,
      "noise": 0.5,
      "blur": 0.5
    },
    "1": {
      "fog": 1.0,
      "night": 1.0,
      "noise": 1.0,
      "blur": 1.0
    },
    "2": {
      "fog": 1.0,
      "night": 1.0,
      "noise": 1.0,
      "blur": 1.0
    },
    "3": {
      "fog": 1.0,
      "night": 1.0,
      "noise": 1.0,
      "blur": 1.0
    },
    "4": {
      "fog": 1.0,
      "night": 1.0,
      "noise": 1.0,
      "blur": 1.0
    },
    "5": {
      "fog": 1.0,
      "night": 1.0,
      "noise": 1.0,
      "blur": 1.0
    },
    "8": {
      "fog": 1.0,
      "night": 1.0,
      "noise": 1.0,
      "blur": 1.0
    },
    "12": {
      "fog": 1.0,
      "night": 1.0,
      "noise": 0.828125,
      "blur": 1.0
    },
    "16": {
      "fog": 1.0,
      "night": 1.0,
      "noise": 0.921875,
      "blur": 1.0
    },
    "20": {
      "fog": 1.0,
      "night": 1.0,
      "noise": 0.9375,
      "blur": 1.0
    },
    "24": {
      "fog": 1.0,
      "night": 1.0,
      "noise": 0.953125,
      "blur": 1.0
    },
    "28": {
      "fog": 1.0,
      "night": 1.0,
      "noise": 0.96875,
      "blur": 1.0
    },
    "31": {
      "fog": 1.0,
      "night": 1.0,
      "noise": 0.984375,
      "blur": 1.0
    },
    "32": {
      "fog": 1.0,
      "night": 1.0,
      "noise": 1.0,
      "blur": 1.0
    }
  },
  "distance_magnitude": {
    "0": {
      "clean_mean": 1.1102230246251565e-16,
      "clean_max": 1.1102230246251565e-16
    },
    "1": {
      "clean_mean": 9.189734900078017e-06,
      "clean_max": 1.7215705685691418e-05
    },
    "2": {
      "clean_mean": 5.4137613397536866e-05,
      "clean_max": 9.888848930572625e-05
    },
    "3": {
      "clean_mean": 4.982509939288615e-05,
      "clean_max": 8.627346485634568e-05
    },
    "4": {
      "clean_mean": 4.454669382890353e-05,
      "clean_max": 7.286112745386042e-05
    },
    "5": {
      "clean_mean": 4.7739112516931304e-05,
      "clean_max": 7.719884822010581e-05
    },
    "8": {
      "clean_mean": 9.100654587855528e-05,
      "clean_max": 0.00013575849639613224
    },
    "12": {
      "clean_mean": 0.0011545927426497987,
      "clean_max": 0.0018677449630190024
    },
    "16": {
      "clean_mean": 0.009440193240398007,
      "clean_max": 0.013356581412362067
    },
    "20": {
      "clean_mean": 0.014479631653902675,
      "clean_max": 0.018583572022848438
    },
    "24": {
      "clean_mean": 0.02117858482470146,
      "clean_max": 0.028280557520987126
    },
    "28": {
      "clean_mean": 0.024991113640257245,
      "clean_max": 0.031887206624813924
    },
    "31": {
      "clean_mean": 0.02670777037332299,
      "clean_max": 0.03137476174097531
    },
    "32": {
      "clean_mean": 0.06769294665914903,
      "clean_max": 0.07986726877731698
    }
  },
  "layer_correlation": {
    "0_vs_3": NaN,
    "0_vs_16": NaN,
    "0_vs_32": NaN,
    "3_vs_16": 0.5044487085123516,
    "3_vs_32": 0.578986345507327,
    "16_vs_32": 0.8801182351556462
  },
  "ensemble_detection": {
    "fog": {
      "ensemble_auroc": 1.0,
      "ensemble_layers": [
        3,
        16,
        31
      ]
    },
    "night": {
      "ensemble_auroc": 1.0,
      "ensemble_layers": [
        3,
        16,
        31
      ]
    },
    "noise": {
      "ensemble_auroc": 0.953125,
      "ensemble_layers": [
        3,
        16,
        31
      ]
    },
    "blur": {
      "ensemble_auroc": 1.0,
      "ensemble_layers": [
        3,
        16,
        31
      ]
    }
  },
  "embedding_norms": {
    "0": {
      "mean_norm": 0.8899670839309692,
      "std_norm": 0.0
    },
    "1": {
      "mean_norm": 4.547952651977539,
      "std_norm": 0.007925549329978031
    },
    "2": {
      "mean_norm": 6.74446028470993,
      "std_norm": 0.017248079088175706
    },
    "3": {
      "mean_norm": 8.253060579299927,
      "std_norm": 0.01956841903555393
    },
    "4": {
      "mean_norm": 10.13947606086731,
      "std_norm": 0.02951699668678423
    },
    "5": {
      "mean_norm": 13.515005350112915,
      "std_norm": 0.04496286462065295
    },
    "8": {
      "mean_norm": 20.1887366771698,
      "std_norm": 0.059463462967978394
    },
    "12": {
      "mean_norm": 31.70089817047119,
      "std_norm": 0.12282873032818811
    },
    "16": {
      "mean_norm": 50.330320835113525,
      "std_norm": 0.25804305120425136
    },
    "20": {
      "mean_norm": 63.452492237091064,
      "std_norm": 0.4929729854283141
    },
    "24": {
      "mean_norm": 82.85045909881592,
      "std_norm": 0.4986773044160602
    },
    "28": {
      "mean_norm": 107.87131881713867,
      "std_norm": 1.4938894388926072
    },
    "31": {
      "mean_norm": 127.46806621551514,
      "std_norm": 2.2752280962814857
    },
    "32": {
      "mean_norm": 89.93794345855713,
      "std_norm": 5.464730323455841
    }
  }
}