{
  "layer_auroc": {
    "0": {
      "per_corruption": {
        "fog": 0.5,
        "night": 0.5,
        "noise": 0.5,
        "blur": 0.5
      },
      "overall": 0.5,
      "clean_dist": 0.0
    },
    "1": {
      "per_corruption": {
        "fog": 1.0,
        "night": 1.0,
        "noise": 0.6666666666666666,
        "blur": 1.0
      },
      "overall": 0.9166666666666666,
      "clean_dist": 2.0325183868408203e-05
    },
    "2": {
      "per_corruption": {
        "fog": 1.0,
        "night": 1.0,
        "noise": 0.6666666666666666,
        "blur": 1.0
      },
      "overall": 0.9166666666666666,
      "clean_dist": 0.00010126829147338867
    },
    "3": {
      "per_corruption": {
        "fog": 1.0,
        "night": 1.0,
        "noise": 0.6666666666666666,
        "blur": 1.0
      },
      "overall": 0.9166666666666666,
      "clean_dist": 0.00010567903518676758
    },
    "4": {
      "per_corruption": {
        "fog": 1.0,
        "night": 1.0,
        "noise": 0.6666666666666666,
        "blur": 1.0
      },
      "overall": 0.9166666666666666,
      "clean_dist": 8.827447891235352e-05
    },
    "5": {
      "per_corruption": {
        "fog": 1.0,
        "night": 1.0,
        "noise": 0.6666666666666666,
        "blur": 1.0
      },
      "overall": 0.9166666666666666,
      "clean_dist": 8.815526962280273e-05
    },
    "8": {
      "per_corruption": {
        "fog": 1.0,
        "night": 1.0,
        "noise": 0.3333333333333333,
        "blur": 1.0
      },
      "overall": 0.8333333333333334,
      "clean_dist": 0.0002129673957824707
    },
    "12": {
      "per_corruption": {
        "fog": 0.6666666666666666,
        "night": 0.6666666666666666,
        "noise": 0.3333333333333333,
        "blur": 1.0
      },
      "overall": 0.6666666666666666,
      "clean_dist": 0.0028291940689086914
    },
    "16": {
      "per_corruption": {
        "fog": 0.3333333333333333,
        "night": 0.6666666666666666,
        "noise": 0.0,
        "blur": 1.0
      },
      "overall": 0.5,
      "clean_dist": 0.029558002948760986
    },
    "20": {
      "per_corruption": {
        "fog": 0.3333333333333333,
        "night": 0.6666666666666666,
        "noise": 0.3333333333333333,
        "blur": 1.0
      },
      "overall": 0.5833333333333334,
      "clean_dist": 0.043928682804107666
    },
    "24": {
      "per_corruption": {
        "fog": 0.3333333333333333,
        "night": 0.6666666666666666,
        "noise": 0.0,
        "blur": 1.0
      },
      "overall": 0.5,
      "clean_dist": 0.06405812501907349
    },
    "28": {
      "per_corruption": {
        "fog": 0.3333333333333333,
        "night": 0.6666666666666666,
        "noise": 0.3333333333333333,
        "blur": 1.0
      },
      "overall": 0.5833333333333334,
      "clean_dist": 0.0685204267501831
    },
    "31": {
      "per_corruption": {
        "fog": 0.3333333333333333,
        "night": 0.6666666666666666,
        "noise": 0.3333333333333333,
        "blur": 1.0
      },
      "overall": 0.5833333333333334,
      "clean_dist": 0.069888174533844
    },
    "32": {
      "per_corruption": {
        "fog": 0.3333333333333333,
        "night": 0.6666666666666666,
        "noise": 0.3333333333333333,
        "blur": 1.0
      },
      "overall": 0.5833333333333334,
      "clean_dist": 0.17071741819381714
    }
  },
  "amplification": {
    "fog": {
      "distances": {
        "0": 0.0,
        "1": 0.0009815096855163574,
        "2": 0.0029967427253723145,
        "3": 0.0027054548263549805,
        "4": 0.0024903416633605957,
        "5": 0.0024794340133666992,
        "8": 0.0025413036346435547,
        "12": 0.012371599674224854,
        "16": 0.074981689453125,
        "20": 0.11219501495361328,
        "24": 0.1453726887702942,
        "28": 0.13890749216079712,
        "31": 0.1389613151550293,
        "32": 0.3263935446739197
      },
      "amplification_vs_L0": {
        "0": 0.0,
        "1": 0.0,
        "2": 0.0,
        "3": 0.0,
        "4": 0.0,
        "5": 0.0,
        "8": 0.0,
        "12": 0.0,
        "16": 0.0,
        "20": 0.0,
        "24": 0.0,
        "28": 0.0,
        "31": 0.0,
        "32": 0.0
      }
    },
    "night": {
      "distances": {
        "0": 0.0,
        "1": 0.00517803430557251,
        "2": 0.008736252784729004,
        "3": 0.007991313934326172,
        "4": 0.0064051151275634766,
        "5": 0.004998564720153809,
        "8": 0.007663905620574951,
        "12": 0.06016099452972412,
        "16": 0.2597655653953552,
        "20": 0.3662991523742676,
        "24": 0.3412337899208069,
        "28": 0.29169535636901855,
        "31": 0.2715952396392822,
        "32": 0.6938731074333191
      },
      "amplification_vs_L0": {
        "0": 0.0,
        "1": 0.0,
        "2": 0.0,
        "3": 0.0,
        "4": 0.0,
        "5": 0.0,
        "8": 0.0,
        "12": 0.0,
        "16": 0.0,
        "20": 0.0,
        "24": 0.0,
        "28": 0.0,
        "31": 0.0,
        "32": 0.0
      }
    },
    "noise": {
      "distances": {
        "0": 0.0,
        "1": 0.00011688470840454102,
        "2": 0.0005860328674316406,
        "3": 0.0005123615264892578,
        "4": 0.0004029273986816406,
        "5": 0.00040471553802490234,
        "8": 0.0005498528480529785,
        "12": 0.003657400608062744,
        "16": 0.02769237756729126,
        "20": 0.045171141624450684,
        "24": 0.06260699033737183,
        "28": 0.075248122215271,
        "31": 0.07184040546417236,
        "32": 0.17764490842819214
      },
      "amplification_vs_L0": {
        "0": 0.0,
        "1": 0.0,
        "2": 0.0,
        "3": 0.0,
        "4": 0.0,
        "5": 0.0,
        "8": 0.0,
        "12": 0.0,
        "16": 0.0,
        "20": 0.0,
        "24": 0.0,
        "28": 0.0,
        "31": 0.0,
        "32": 0.0
      }
    },
    "blur": {
      "distances": {
        "0": 0.0,
        "1": 0.0055503249168396,
        "2": 0.007127046585083008,
        "3": 0.006263315677642822,
        "4": 0.0051195621490478516,
        "5": 0.004375755786895752,
        "8": 0.004903912544250488,
        "12": 0.05688273906707764,
        "16": 0.24275225400924683,
        "20": 0.35215169191360474,
        "24": 0.3438190817832947,
        "28": 0.29191315174102783,
        "31": 0.2870723605155945,
        "32": 0.6950676441192627
      },
      "amplification_vs_L0": {
        "0": 0.0,
        "1": 0.0,
        "2": 0.0,
        "3": 0.0,
        "4": 0.0,
        "5": 0.0,
        "8": 0.0,
        "12": 0.0,
        "16": 0.0,
        "20": 0.0,
        "24": 0.0,
        "28": 0.0,
        "31": 0.0,
        "32": 0.0
      }
    }
  },
  "layer_shift_similarity": {
    "L0_L1": 0.0,
    "L0_L2": 0.0,
    "L0_L3": 0.0,
    "L0_L4": 0.0,
    "L0_L5": 0.0,
    "L0_L8": 0.0,
    "L0_L12": 0.0,
    "L0_L16": 0.0,
    "L0_L20": 0.0,
    "L0_L24": 0.0,
    "L0_L28": 0.0,
    "L0_L31": 0.0,
    "L0_L32": 0.0,
    "L1_L2": 0.49472206830978394,
    "L1_L3": 0.40934786200523376,
    "L1_L4": 0.2637687921524048,
    "L1_L5": 0.08306223899126053,
    "L1_L8": -0.008613156154751778,
    "L1_L12": 0.003622044576331973,
    "L1_L16": 0.03789209574460983,
    "L1_L20": 0.008099974133074284,
    "L1_L24": 0.010075276717543602,
    "L1_L28": -0.012243358418345451,
    "L1_L31": 0.0020491695031523705,
    "L1_L32": -0.017168700695037842,
    "L2_L3": 0.9098939895629883,
    "L2_L4": 0.7400778532028198,
    "L2_L5": 0.518771767616272,
    "L2_L8": 0.3359454274177551,
    "L2_L12": 0.11015045642852783,
    "L2_L16": 0.04699869081377983,
    "L2_L20": 0.011904595419764519,
    "L2_L24": -0.025226520374417305,
    "L2_L28": -0.03831087425351143,
    "L2_L31": -0.04741659760475159,
    "L2_L32": -0.021005529910326004,
    "L3_L4": 0.8450707793235779,
    "L3_L5": 0.6169682741165161,
    "L3_L8": 0.41088876128196716,
    "L3_L12": 0.12045978009700775,
    "L3_L16": 0.0345352478325367,
    "L3_L20": 0.012863924726843834,
    "L3_L24": -0.022050766274333,