{
  "experiment": "layer_sweep",
  "experiment_number": 72,
  "timestamp": "20260314_193115",
  "layers_tested": [
    0,
    4,
    8,
    12,
    16,
    20,
    24,
    28,
    31,
    32
  ],
  "n_cal": 20,
  "n_test": 38,
  "results": {
    "0": {
      "auroc": 0.5,
      "cohens_d": 0.0,
      "id_mean": -1.1920928955078125e-07,
      "ood_mean": -1.1920928955078125e-07,
      "per_scene": {
        "urban": -1.1920928955078125e-07,
        "highway": -1.1920928955078125e-07,
        "blackout": -1.1920928955078125e-07,
        "indoor": -1.1920928955078125e-07,
        "twilight": -1.1920928955078125e-07,
        "noise": -1.1920928955078125e-07
      }
    },
    "4": {
      "auroc": 1.0,
      "cohens_d": 3.259083053875677,
      "id_mean": 0.00027293339371681213,
      "ood_mean": 0.003100709481672807,
      "per_scene": {
        "urban": 0.00028008967638015747,
        "highway": 0.0002657771110534668,
        "blackout": 0.005146384239196777,
        "indoor": 0.0018239021301269531,
        "twilight": 0.0023483335971832275,
        "noise": 0.0037661095460255942
      }
    },
    "8": {
      "auroc": 1.0,
      "cohens_d": 2.4678327886155396,
      "id_mean": 0.0008190460503101349,
      "ood_mean": 0.005466929890892722,
      "per_scene": {
        "urban": 0.0008108019828796387,
        "highway": 0.0008272901177406311,
        "blackout": 0.010501265525817871,
        "indoor": 0.0028737088044484458,
        "twilight": 0.004135062297185262,
        "noise": 0.006035794814427693
      }
    },
    "12": {
      "auroc": 1.0,
      "cohens_d": 2.7822020848193767,
      "id_mean": 0.008337907493114471,
      "ood_mean": 0.045366490429097954,
      "per_scene": {
        "urban": 0.008817195892333984,
        "highway": 0.007858619093894958,
        "blackout": 0.08279013633728027,
        "indoor": 0.027482291062672932,
        "twilight": 0.043749839067459106,
        "noise": 0.03991824388504028
      }
    },
    "16": {
      "auroc": 1.0,
      "cohens_d": 3.81023349939614,
      "id_mean": 0.02527584135532379,
      "ood_mean": 0.15413852713324808,
      "per_scene": {
        "urban": 0.02723505347967148,
        "highway": 0.023316629230976105,
        "blackout": 0.23471319675445557,
        "indoor": 0.0981027881304423,
        "twilight": 0.13562516371409097,
        "noise": 0.1749711831410726
      }
    },
    "20": {
      "auroc": 1.0,
      "cohens_d": 5.612447970159767,
      "id_mean": 0.033983513712882996,
      "ood_mean": 0.2018173418261788,
      "per_scene": {
        "urban": 0.03603796660900116,
        "highway": 0.03192906081676483,
        "blackout": 0.26669466495513916,
        "indoor": 0.14787940184275308,
        "twilight": 0.1896874209245046,
        "noise": 0.22463365395863852
      }
    },
    "24": {
      "auroc": 1.0,
      "cohens_d": 10.54338076634202,
      "id_mean": 0.03467215225100517,
      "ood_mean": 0.18743139776316556,
      "per_scene": {
        "urban": 0.03601246327161789,
        "highway": 0.033331841230392456,
        "blackout": 0.20052897930145264,
        "indoor": 0.1555336614449819,
        "twilight": 0.1942438284556071,
        "noise": 0.20378498236338297
      }
    },
    "28": {
      "auroc": 1.0,
      "cohens_d": 9.220489523674292,
      "id_mean": 0.03061242774128914,
      "ood_mean": 0.1597114638848738,
      "per_scene": {
        "urban": 0.0297950878739357,
        "highway": 0.03142976760864258,
        "blackout": 0.1599184274673462,
        "indoor": 0.1323596735795339,
        "twilight": 0.18441855907440186,
        "noise": 0.16221818327903748
      }
    },
    "31": {
      "auroc": 1.0,
      "cohens_d": 6.262893777481619,
      "id_mean": 0.028632454574108124,
      "ood_mean": 0.15378520434552972,
      "per_scene": {
        "urban": 0.029330067336559296,
        "highway": 0.027934841811656952,
        "blackout": 0.19758117198944092,
        "indoor": 0.11717390020688374,
        "twilight": 0.16815038522084555,
        "noise": 0.14683401584625244
      }
    },
    "32": {
      "auroc": 1.0,
      "cohens_d": 10.452399361363161,
      "id_mean": 0.08725979551672935,
      "ood_mean": 0.4294703792441975,
      "per_scene": {
        "urban": 0.0923144668340683,
        "highway": 0.08220512419939041,
        "blackout": 0.4834746718406677,
        "indoor": 0.35970311363538104,
        "twilight": 0.4458063542842865,
        "noise": 0.44689880808194477
      }
    }
  }
}