{
  "experiment": "layer_profile",
  "experiment_number": 249,
  "timestamp": "20260315_074805",
  "n_layers": 33,
  "results": {
    "fog": {
      "0": 0.0,
      "1": 4.911e-05,
      "2": 0.00022602,
      "3": 0.00020617,
      "4": 0.00016296,
      "5": 0.00013614,
      "6": 0.00011152,
      "7": 0.00012982,
      "8": 0.00017512,
      "9": 0.00014943,
      "10": 0.00026417,
      "11": 0.00042242,
      "12": 0.00102794,
      "13": 0.00176865,
      "14": 0.00241196,
      "15": 0.00466466,
      "16": 0.0063749,
      "17": 0.00801843,
      "18": 0.00860059,
      "19": 0.00918251,
      "20": 0.00987411,
      "21": 0.01109564,
      "22": 0.01179039,
      "23": 0.01204628,
      "24": 0.01279348,
      "25": 0.01341957,
      "26": 0.01405466,
      "27": 0.0152967,
      "28": 0.01623803,
      "29": 0.01711923,
      "30": 0.01759523,
      "31": 0.01800042,
      "32": 0.04544431
    },
    "night": {
      "0": 0.0,
      "1": 0.0028612,
      "2": 0.00730592,
      "3": 0.00644326,
      "4": 0.0052219,
      "5": 0.00412774,
      "6": 0.00364006,
      "7": 0.0045926,
      "8": 0.00578517,
      "9": 0.00449276,
      "10": 0.00842386,
      "11": 0.01956391,
      "12": 0.04200387,
      "13": 0.06331831,
      "14": 0.08015823,
      "15": 0.15977198,
      "16": 0.22634763,
      "17": 0.28163099,
      "18": 0.29564571,
      "19": 0.32104045,
      "20": 0.33248067,
      "21": 0.32255644,
      "22": 0.32186562,
      "23": 0.3020097,
      "24": 0.29399979,
      "25": 0.27118325,
      "26": 0.26560777,
      "27": 0.26093197,
      "28": 0.26320231,
      "29": 0.25439548,
      "30": 0.25298733,
      "31": 0.25787032,
      "32": 0.62757993
    },
    "noise": {
      "0": 0.0,
      "1": 9.66e-06,
      "2": 5.394e-05,
      "3": 5.168e-05,
      "4": 4.339e-05,
      "5": 4.083e-05,
      "6": 4.041e-05,
      "7": 6.282e-05,
      "8": 0.00010359,
      "9": 0.0001173,
      "10": 0.00031006,
      "11": 0.00057638,
      "12": 0.00160331,
      "13": 0.00314689,
      "14": 0.00506777,
      "15": 0.00929976,
      "16": 0.01237863,
      "17": 0.01555675,
      "18": 0.01671547,
      "19": 0.01744652,
      "20": 0.01849163,
      "21": 0.01983511,
      "22": 0.02081656,
      "23": 0.02288789,
      "24": 0.02508926,
      "25": 0.02682859,
      "26": 0.02825898,
      "27": 0.02894777,
      "28": 0.02989084,
      "29": 0.03151351,
      "30": 0.03203779,
      "31": 0.03328627,
      "32": 0.08306468
    },
    "blur": {
      "0": 0.0,
      "1": 0.00199032,
      "2": 0.00542372,
      "3": 0.00454754,
      "4": 0.00375664,
      "5": 0.00346971,
      "6": 0.00292385,
      "7": 0.00336885,
      "8": 0.00414735,
      "9": 0.00414842,
      "10": 0.00743705,
      "11": 0.01492119,
      "12": 0.03324145,
      "13": 0.05506873,
      "14": 0.06867611,
      "15": 0.10375774,
      "16": 0.14634877,
      "17": 0.18244374,
      "18": 0.19949365,
      "19": 0.21125585,
      "20": 0.21774346,
      "21": 0.21553749,
      "22": 0.22192502,
      "23": 0.21934044,
      "24": 0.22208875,
      "25": 0.21334791,
      "26": 0.21168166,
      "27": 0.20495379,
      "28": 0.20328867,
      "29": 0.19781697,
      "30": 0.19382352,
      "31": 0.19629937,
      "32": 0.46830809
    }
  }
}