{
  "experiment": "layer_analysis",
  "experiment_number": 114,
  "timestamp": "20260314_221354",
  "n_layers": 33,
  "layer_results": {
    "0": {
      "layer": 0,
      "auroc": 0.5,
      "d": 0.0,
      "id_score_mean": 0.0,
      "id_score_std": 0.0,
      "ood_score_mean": 0.0,
      "ood_score_std": 0.0,
      "mean_norm": 0.889967143535614,
      "dim": 4096
    },
    "1": {
      "layer": 1,
      "auroc": 1.0,
      "d": 160.58905067439375,
      "id_score_mean": 0.00012069344520568848,
      "id_score_std": 4.280796292687153e-06,
      "ood_score_mean": 0.0008081585168838501,
      "ood_score_std": 0.00040709625411047314,
      "mean_norm": 4.27451229095459,
      "dim": 4096
    },
    "2": {
      "layer": 2,
      "auroc": 1.0,
      "d": 159.37527442502696,
      "id_score_mean": 0.0003239750862121582,
      "id_score_std": 1.860669900698974e-05,
      "ood_score_mean": 0.003289438784122467,
      "ood_score_std": 0.0011434208521651555,
      "mean_norm": 6.578146457672119,
      "dim": 4096
    },
    "3": {
      "layer": 3,
      "auroc": 1.0,
      "d": 190.85452881437743,
      "id_score_mean": 0.0002777636051177979,
      "id_score_std": 1.2951321256522302e-05,
      "ood_score_mean": 0.0027496010065078736,
      "ood_score_std": 0.0010711303246928173,
      "mean_norm": 7.962118625640869,
      "dim": 4096
    },
    "4": {
      "layer": 4,
      "auroc": 1.0,
      "d": 125.1125093830514,
      "id_score_mean": 0.000276339054107666,
      "id_score_std": 1.666938069789866e-05,
      "ood_score_mean": 0.0023618996143341064,
      "ood_score_std": 0.0008223882232261453,
      "mean_norm": 9.75740909576416,
      "dim": 4096
    },
    "5": {
      "layer": 5,
      "auroc": 1.0,
      "d": 72.76975691172268,
      "id_score_mean": 0.0002580702304840088,
      "id_score_std": 2.370279780909775e-05,
      "ood_score_mean": 0.0019829243421554564,
      "ood_score_std": 0.0006815521998118302,
      "mean_norm": 12.682971954345703,
      "dim": 4096
    },
    "6": {
      "layer": 6,
      "auroc": 1.0,
      "d": 75.90715357907025,
      "id_score_mean": 0.00022915005683898926,
      "id_score_std": 2.0168458275348558e-05,
      "ood_score_mean": 0.0017600879073143005,
      "ood_score_std": 0.000602032371092362,
      "mean_norm": 14.719269752502441,
      "dim": 4096
    },
    "7": {
      "layer": 7,
      "auroc": 1.0,
      "d": 59.323247567233054,
      "id_score_mean": 0.0002979755401611328,
      "id_score_std": 2.8088005681166278e-05,
      "ood_score_mean": 0.0019642531871795653,
      "ood_score_std": 0.0006344749940786532,
      "mean_norm": 17.263193130493164,
      "dim": 4096
    },
    "8": {
      "layer": 8,
      "auroc": 1.0,
      "d": 53.44063549077519,
      "id_score_mean": 0.0008059382438659668,
      "id_score_std": 5.376225431178272e-05,
      "ood_score_mean": 0.003679032623767853,
      "ood_score_std": 0.0013468755064485623,
      "mean_norm": 19.379613876342773,
      "dim": 4096
    },
    "9": {
      "layer": 9,
      "auroc": 1.0,
      "d": 63.28218522751566,
      "id_score_mean": 0.0007049441337585449,
      "id_score_std": 3.830409845339589e-05,
      "ood_score_mean": 0.0031289175152778626,
      "ood_score_std": 0.0010665264705038086,
      "mean_norm": 23.03274917602539,
      "dim": 4096
    },
    "10": {
      "layer": 10,
      "auroc": 1.0,
      "d": 68.90743138374933,
      "id_score_mean": 0.001976519823074341,
      "id_score_std": 8.116990310272831e-05,
      "ood_score_mean": 0.007569736242294312,
      "ood_score_std": 0.0028273598013309705,
      "mean_norm": 25.98572540283203,
      "dim": 4096
    },
    "11": {
      "layer": 11,
      "auroc": 0.9825,
      "d": 7.884971104639616,
      "id_score_mean": 0.00543021559715271,
      "id_score_std": 0.0015695108490837951,
      "ood_score_mean": 0.017805764079093934,
      "ood_score_std": 0.006259242181834858,
      "mean_norm": 28.759204864501953,
      "dim": 4096
    },
    "12": {
      "layer": 12,
      "auroc": 1.0,
      "d": 11.6347122433856,
      "id_score_mean": 0.008784347772598266,
      "id_score_std": 0.0019863781686554546,
      "ood_score_mean": 0.031895287334918976,
      "ood_score_std": 0.009446886391793903,
      "mean_norm": 30.487396240234375,
      "dim": 4096
    },
    "13": {
      "layer": 13,
      "auroc": 1.0,
      "d": 17.04074395313688,
      "id_score_mean": 0.013512814044952392,
      "id_score_std": 0.0020217991225054276,
      "ood_score_mean": 0.0479657769203186,
      "ood_score_std": 0.015747787856236886,
      "mean_norm": 33.338069915771484,
      "dim": 4096
    },
    "14": {
      "layer": 14,
      "auroc": 1.0,
      "d": 15.105427189677297,
      "id_score_mean": 0.017834687232971193,
      "id_score_std": 0.0030476007085097757,
      "ood_score_mean": 0.06386999934911727,
      "ood_score_std": 0.020260092152145755,
      "mean_norm": 37.2188606262207,
      "dim": 4096
    },
    "15": {
      "layer": 15,
      "auroc": 1.0,
      "d": 23.889601998383455,
      "id_score_mean": 0.021806055307388307,
      "id_score_std": 0.002934591598123972,
      "ood_score_mean": 0.09191228300333024,
      "ood_score_std": 0.034123454438251724,
      "mean_norm": 44.24869155883789,
      "dim": 4096
    },
    "16": {
      "layer": 16,
      "auroc": 1.0,
      "d": 31.674620800873896,
      "id_score_mean": 0.025640052556991578,
      "id_score_std": 0.0028985225730667292,
      "ood_score_mean": 0.1174496591091156,
      "ood_score_std": 0.041660870611551624,
      "mean_norm": 47.70248031616211,
      "dim": 4096
    },
    "17": {
      "layer": 17,
      "auroc": 1.0,
      "d": 37.59743980777635,
      "id_score_mean": 0.03017573952674866,
      "id_score_std": 0.003097928865387618,
      "ood_score_mean": 0.14664993733167647,
      "ood_score_std": 0.04894470088645662,
      "mean_norm": 51.97063446044922,
      "dim": 4096
    },
    "18": {
      "layer": 18,
      "auroc": 1.0,
      "d": 41.28399620237492,
      "id_score_mean": 0.03127340674400329,
      "id_score_std": 0.002962916687393645,
      "ood_score_mean": 0.15359445214271544,
      "ood_score_std": 0.049503245523255066,
      "mean_norm": 55.71173858642578,
      "dim": 4096
    },
    "19": {
      "layer": 19,
      "auroc": 1.0,
      "d": 41.07057664238999,
      "id_score_mean": 0.03328954577445984,
      "id_score_std": 0.003105667812467852,
      "ood_score_mean": 0.16084111779928206,
      "ood_score_std": 0.04971375203659749,
      "mean_norm": 60.71049499511719,
      "dim": 4096
    },
    "20": {
      "layer": 20,
      "auroc": 1.0,
      "d": 41.41687109564859,
      "id_score_mean": 0.03460294008255005,
      "id_score_std": 0.0031410479917476737,
      "ood_score_mean": 0.16469532400369644,
      "ood_score_std": 0.047907153328593265,
      "mean_norm": 64.36328887939453,
      "dim": 4096
    },
    "21": {
      "layer": 21,
      "auroc": 1.0,
      "d": 46.20818935736421,
      "id_score_mean": 0.03519687056541443,
      "id_score_std": 0.0028795756164637252,
      "ood_score_mean": 0.16825685054063796,
      "ood_score_std": 0.04768642005290867,
      "mean_norm": 69.41073608398438,
      "dim": 4096
    },
    "22": {
      "layer": 22,
      "auroc": 1.0,
      "d": 47.76434108315268,
      "id_score_mean": 0.03540347814559937,
      "id_score_std": 0.002778191750393597,
      "ood_score_mean": 0.1681019812822342,
      "ood_score_std": 0.045716120853236626,
      "mean_norm": 74.59432983398438,
      "dim": 4096
    },
    "23": {
      "layer": 23,
      "auroc": 1.0,
      "d": 51.03344990008511,
      "id_score_mean": 0.033080166578292845,
      "id_score_std": 0.0025188526322529052,
      "ood_score_mean": 0.16162591129541398,
      "ood_score_std": 0.03932591432232911,
      "mean_norm": 80.49244689941406,
      "dim": 4096
    },
    "24": {
      "layer": 24,
      "auroc": 1.0,
      "d": 60.42988944919136,
      "id_score_mean": 0.03473358154296875,