{
  "experiment": "min_calibration",
  "experiment_number": 257,
  "timestamp": "20260315_081523",
  "layer": 3,
  "results": {
    "1": {
      "id_distances": [
        1.192e-07,
        1.192e-07,
        1.192e-07,
        1.192e-07,
        1.192e-07,
        1.192e-07,
        1.192e-07,
        1.192e-07,
        1.192e-07,
        1.192e-07,
        1.192e-07,
        1.192e-07,
        1.192e-07,
        1.192e-07,
        1.192e-07,
        1.192e-07,
        1.192e-07,
        1.192e-07,
        1.192e-07
      ],
      "id_mean": 1.192e-07,
      "id_max": 1.192e-07,
      "fog": {
        "distance": 0.00020617,
        "auroc": 1.0
      },
      "night": {
        "distance": 0.00644326,
        "auroc": 1.0
      },
      "noise": {
        "distance": 5.168e-05,
        "auroc": 1.0
      }
    },
    "2": {
      "id_distances": [
        1.192e-07,
        1.192e-07,
        1.192e-07,
        1.192e-07,
        1.192e-07,
        1.192e-07,
        1.192e-07,
        1.192e-07,
        1.192e-07,
        1.192e-07,
        1.192e-07,
        1.192e-07,
        1.192e-07,
        1.192e-07,
        1.192e-07,
        1.192e-07,
        1.192e-07,
        1.192e-07
      ],
      "id_mean": 1.192e-07,
      "id_max": 1.192e-07,
      "fog": {
        "distance": 0.00020617,
        "auroc": 1.0
      },
      "night": {
        "distance": 0.00644326,
        "auroc": 1.0
      },
      "noise": {
        "distance": 5.168e-05,
        "auroc": 1.0
      }
    },
    "5": {
      "id_distances": [
        1.192e-07,
        1.192e-07,
        1.192e-07,
        1.192e-07,
        1.192e-07,
        1.192e-07,
        1.192e-07,
        1.192e-07,
        1.192e-07,
        1.192e-07,
        1.192e-07,
        1.192e-07,
        1.192e-07,
        1.192e-07,
        1.192e-07
      ],
      "id_mean": 1.192e-07,
      "id_max": 1.192e-07,
      "fog": {
        "distance": 0.00020617,
        "auroc": 1.0
      },
      "night": {
        "distance": 0.00644326,
        "auroc": 1.0
      },
      "noise": {
        "distance": 5.168e-05,
        "auroc": 1.0
      }
    },
    "10": {
      "id_distances": [
        1.192e-07,
        1.192e-07,
        1.192e-07,
        1.192e-07,
        1.192e-07,
        1.192e-07,
        1.192e-07,
        1.192e-07,
        1.192e-07,
        1.192e-07
      ],
      "id_mean": 1.192e-07,
      "id_max": 1.192e-07,
      "fog": {
        "distance": 0.00020617,
        "auroc": 1.0
      },
      "night": {
        "distance": 0.00644326,
        "auroc": 1.0
      },
      "noise": {
        "distance": 5.168e-05,
        "auroc": 1.0
      }
    },
    "20": {
      "id_distances": [],
      "id_mean": 0,
      "id_max": 0,
      "fog": {
        "distance": 0.00020617,
        "auroc": 1.0
      },
      "night": {
        "distance": 0.00644326,
        "auroc": 1.0
      },
      "noise": {
        "distance": 5.168e-05,
        "auroc": 1.0
      }
    },
    "multi_scene_10": {
      "id_distances": [
        4.381e-05,
        3.189e-05,
        6.765e-05,
        4.601e-05,
        3.344e-05,
        5.686e-05,
        3.922e-05,
        4.917e-05,
        4.852e-05,
        3.994e-05
      ],
      "id_mean": 4.565e-05,
      "id_max": 6.765e-05,
      "fog": {
        "distance": 0.00025904,
        "auroc": 1.0
      },
      "night": {
        "distance": 0.00657064,
        "auroc": 1.0
      },
      "noise": {
        "distance": 6.741e-05,
        "auroc": 0.9
      }
    }
  }
}