{
  "per_layer_auroc": {
    "0": {
      "fog": 0.5,
      "night": 0.5,
      "noise": 0.5,
      "blur": 0.5
    },
    "1": {
      "fog": 1.0,
      "night": 1.0,
      "noise": 0.9777777777777777,
      "blur": 1.0
    },
    "2": {
      "fog": 1.0,
      "night": 1.0,
      "noise": 0.9822222222222222,
      "blur": 1.0
    },
    "3": {
      "fog": 1.0,
      "night": 1.0,
      "noise": 0.9822222222222222,
      "blur": 1.0
    },
    "4": {
      "fog": 1.0,
      "night": 1.0,
      "noise": 0.9733333333333334,
      "blur": 1.0
    },
    "5": {
      "fog": 1.0,
      "night": 1.0,
      "noise": 0.9777777777777777,
      "blur": 1.0
    },
    "6": {
      "fog": 1.0,
      "night": 1.0,
      "noise": 0.9688888888888889,
      "blur": 1.0
    },
    "7": {
      "fog": 1.0,
      "night": 1.0,
      "noise": 0.9911111111111112,
      "blur": 1.0
    },
    "8": {
      "fog": 1.0,
      "night": 1.0,
      "noise": 1.0,
      "blur": 1.0
    },
    "9": {
      "fog": 1.0,
      "night": 1.0,
      "noise": 0.9866666666666667,
      "blur": 1.0
    },
    "10": {
      "fog": 1.0,
      "night": 1.0,
      "noise": 0.9022222222222223,
      "blur": 1.0
    },
    "11": {
      "fog": 1.0,
      "night": 1.0,
      "noise": 0.7288888888888889,
      "blur": 1.0
    },
    "12": {
      "fog": 1.0,
      "night": 1.0,
      "noise": 0.76,
      "blur": 1.0
    },
    "13": {
      "fog": 1.0,
      "night": 1.0,
      "noise": 0.8577777777777778,
      "blur": 1.0
    },
    "14": {
      "fog": 1.0,
      "night": 1.0,
      "noise": 0.8577777777777778,
      "blur": 1.0
    },
    "15": {
      "fog": 1.0,
      "night": 1.0,
      "noise": 0.9155555555555556,
      "blur": 1.0
    },
    "16": {
      "fog": 1.0,
      "night": 1.0,
      "noise": 0.8666666666666667,
      "blur": 1.0
    },
    "17": {
      "fog": 1.0,
      "night": 1.0,
      "noise": 0.8755555555555555,
      "blur": 1.0
    },
    "18": {
      "fog": 1.0,
      "night": 1.0,
      "noise": 0.8888888888888888,
      "blur": 1.0
    },
    "19": {
      "fog": 0.9955555555555555,
      "night": 1.0,
      "noise": 0.8844444444444445,
      "blur": 1.0
    },
    "20": {
      "fog": 0.9866666666666667,
      "night": 1.0,
      "noise": 0.88,
      "blur": 1.0
    },
    "21": {
      "fog": 0.9822222222222222,
      "night": 1.0,
      "noise": 0.8844444444444445,
      "blur": 1.0
    },
    "22": {
      "fog": 0.9955555555555555,
      "night": 1.0,
      "noise": 0.8844444444444445,
      "blur": 1.0
    },
    "23": {
      "fog": 0.9911111111111112,
      "night": 1.0,
      "noise": 0.8666666666666667,
      "blur": 1.0
    },
    "24": {
      "fog": 0.9955555555555555,
      "night": 1.0,
      "noise": 0.8666666666666667,
      "blur": 1.0
    },
    "25": {
      "fog": 0.9955555555555555,
      "night": 1.0,
      "noise": 0.8488888888888889,
      "blur": 1.0
    },
    "26": {
      "fog": 0.9955555555555555,
      "night": 1.0,
      "noise": 0.8266666666666667,
      "blur": 1.0
    },
    "27": {
      "fog": 0.9955555555555555,
      "night": 1.0,
      "noise": 0.8355555555555556,
      "blur": 1.0
    },
    "28": {
      "fog": 0.9955555555555555,
      "night": 1.0,
      "noise": 0.84,
      "blur": 1.0
    },
    "29": {
      "fog": 0.9822222222222222,
      "night": 1.0,
      "noise": 0.8222222222222222,
      "blur": 1.0
    },
    "30": {
      "fog": 0.9866666666666667,
      "night": 1.0,
      "noise": 0.8222222222222222,
      "blur": 1.0
    },
    "31": {
      "fog": 0.9866666666666667,
      "night": 1.0,
      "noise": 0.8222222222222222,
      "blur": 1.0
    },
    "32": {
      "fog": 0.9955555555555555,
      "night": 1.0,
      "noise": 0.8266666666666667,
      "blur": 1.0
    }
  },
  "ensemble": {
    "fog": {
      "max_auroc": 0.9866666666666667,
      "mean_auroc": 0.9955555555555555,
      "sum_auroc": 0.9955555555555555,
      "single_best_layer": 1,
      "single_best_auroc": 1.0
    },
    "night": {
      "max_auroc": 1.0,
      "mean_auroc": 1.0,
      "sum_auroc": 1.0,
      "single_best_layer": 1,
      "single_best_auroc": 1.0
    },
    "noise": {
      "max_auroc": 0.8222222222222222,
      "mean_auroc": 0.8577777777777778,
      "sum_auroc": 0.8577777777777778,
      "single_best_layer": 7,
      "single_best_auroc": 0.9911111111111112
    },
    "blur": {
      "max_auroc": 1.0,
      "mean_auroc": 1.0,
      "sum_auroc": 1.0,
      "single_best_layer": 1,
      "single_best_auroc": 1.0
    }
  },
  "voting": {
    "fog": {
      "clean_mean_votes": 0.0,
      "corrupt_mean_votes": 30.2,
      "clean_max_votes": 0,
      "corrupt_min_votes": 18,
      "unanimous_detection": false
    },
    "night": {
      "clean_mean_votes": 0.0,
      "corrupt_mean_votes": 32.0,
      "clean_max_votes": 0,
      "corrupt_min_votes": 32,
      "unanimous_detection": false
    },
    "noise": {
      "clean_mean_votes": 0.0,
      "corrupt_mean_votes": 10.733333333333333,
      "clean_max_votes": 0,
      "corrupt_min_votes": 1,
      "unanimous_detection": false
    },
    "blur": {
      "clean_mean_votes": 0.0,
      "corrupt_mean_votes": 32.0,
      "clean_max_votes": 0,
      "corrupt_min_votes": 32,
      "unanimous_detection": false
    }
  },
  "layer_correlation": {
    "fog": {
      "mean_correlation": 0.42659520633752934,
      "min_correlation": 0.08829745887401805,
      "pairs": {
        "L1_L3": 0.8352422765027874,
        "L1_L7": 0.7471185129399573,
        "L1_L15": 0.08829745887401805,
        "L1_L23": 0.1897596288786541,
        "L1_L31": 0.13244323608138045,
        "L3_L7": 0.8316822011454801,
        "L3_L15": 0.09534648014933061,
        "L3_L23": 0.15744479975288725,
        "L3_L31": 0.1677708435519606,
        "L7_L15": 0.15051480307361942,
        "L7_L23": 0.15342143040308415,
        "L7_L31": 0.19587600123897297,
        "L15_L23": 0.9082259138106016,
        "L15_L31": 0.8201149877759375,
        "L23_L31": 0.9256695208842692
      }
    },
    "night": {
      "mean_correlation": 0.2769733045768418,
      "min_correlation": -0.26099397240631544,
      "pairs": {
        "L1_L3": 0.7293459070004551,
        "L1_L7": 0.6161762108338504,
        "L1_L15": -0.024023439525511264,
        "L1_L23": -0.01247841847420136,
        "L1_L31": 0.21513602655049274,
        "L3_L7": 0.9062224408676993,
        "L3_L15": -0.26099397240631544,
        "L3_L23": -0.16009896357776845,
        "L3_L31": -0.10370305127134512,
        "L7_L15": -0.12730506168063596,
        "L7_L23": -0.08890043639962818,
        "L7_L31": -0.02338342729572228,
        "L15_L23": 0.828186926935863,
        "L15_L31": 0.7869179624274844,
        "L23_L31": 0.8735008646679095
      }
    },
    "noise": {
      "mean_correlation": 0.47368848311130457,
      "min_correlation": 0.19543553009643594,
      "pairs": {
        "L1_L3": 0.5514341137502657,
        "L1_L7": 0.29292007479985405,
        "L1_L15": 0.41900836074633735,
        "L1_L23": 0.36078641210143886,
        "L1_L31": 0.2793851571403016,
        "L3_L7": 0.6873361461113747,
        "L3_L15": 0.27708015932098157,
        "L3_L23": 0.20324307247332798,
        "L3_L31": 0.19543553009643594,
        "L7_L15": 0.4345090539175269,
        "L7_L23": 0.5094450941823935,
        "L7_L31": 0.5488620894632116,
        "L15_L23": 0.7121392316767788,
        "L15_L31": 0.6559540361231595,
        "L23_L31": 0.9777887147661802
      }
    },
    "blur": {
      "mean_correlation": 0.2883126003075338,
      "min_correlation": -0.18980654064422414,
      "pairs": {
        "L1_L3": 0.7224425349481789,
        "L1_L7": 0.014587538834145196,
        "L1_L15": 0.20687179054322852,
        "L1_L23": 0.28458807092787686,
        "L1_L31": -0.027853561794717176,
        "L3_L7": 0.3071576391357048,
        "L3_L15": 0.1853683261725324,
        "L3_L23": 0.17867029653413474,
        "L3_L31": -0.18980654064422414,
        "L7_L15": 0.42307733824320676,