{
  "experiment": "multi_layer_fusion",
  "experiment_number": 128,
  "timestamp": "20260314_234756",
  "layer_indices": [
    3,
    8,
    16,
    24,
    28,
    32
  ],
  "single_layer": {
    "3": {
      "auroc": 1.0,
      "d": 113.19879846137823
    },
    "8": {
      "auroc": 1.0,
      "d": 37.59576173116263
    },
    "16": {
      "auroc": 1.0,
      "d": 36.72342264019111
    },
    "24": {
      "auroc": 1.0,
      "d": 41.1596603418549
    },
    "28": {
      "auroc": 1.0,
      "d": 30.713376194277764
    },
    "32": {
      "auroc": 1.0,
      "d": 28.102489219862655
    }
  },
  "concatenation": {
    "28+32": {
      "auroc": 1.0,
      "d": 29.101532719229628,
      "dims": 8192
    },
    "16+28+32": {
      "auroc": 1.0,
      "d": 30.60738627030447,
      "dims": 12288
    },
    "3+16+28+32": {
      "auroc": 1.0,
      "d": 30.647840198586273,
      "dims": 16384
    },
    "3+8+16+24+28+32": {
      "auroc": 1.0,
      "d": 33.048959778587175,
      "dims": 24576
    }
  },
  "average": {
    "avg(28+32)": {
      "auroc": 1.0,
      "d": 30.81495133616162
    },
    "avg(16+28+32)": {
      "auroc": 1.0,
      "d": 32.79728578578979
    },
    "avg(3+16+28+32)": {
      "auroc": 1.0,
      "d": 33.16276334376536
    },
    "avg(3+8+16+24+28+32)": {
      "auroc": 1.0,
      "d": 35.23586281948287
    }
  },
  "max_score": {
    "max(28+32)": {
      "auroc": 1.0,
      "d": 28.102489219862655
    },
    "max(16+28+32)": {
      "auroc": 1.0,
      "d": 28.102489219862655
    },
    "max(3+16+28+32)": {
      "auroc": 1.0,
      "d": 28.102489219862655
    }
  },
  "ranking": [
    [
      "layer_3",
      {
        "auroc": 1.0,
        "d": 113.19879846137823
      }
    ],
    [
      "layer_24",
      {
        "auroc": 1.0,
        "d": 41.1596603418549
      }
    ],
    [
      "layer_8",
      {
        "auroc": 1.0,
        "d": 37.59576173116263
      }
    ],
    [
      "layer_16",
      {
        "auroc": 1.0,
        "d": 36.72342264019111
      }
    ],
    [
      "avg(3+8+16+24+28+32)",
      {
        "auroc": 1.0,
        "d": 35.23586281948287
      }
    ],
    [
      "avg(3+16+28+32)",
      {
        "auroc": 1.0,
        "d": 33.16276334376536
      }
    ],
    [
      "3+8+16+24+28+32",
      {
        "auroc": 1.0,
        "d": 33.048959778587175,
        "dims": 24576
      }
    ],
    [
      "avg(16+28+32)",
      {
        "auroc": 1.0,
        "d": 32.79728578578979
      }
    ],
    [
      "avg(28+32)",
      {
        "auroc": 1.0,
        "d": 30.81495133616162
      }
    ],
    [
      "layer_28",
      {
        "auroc": 1.0,
        "d": 30.713376194277764
      }
    ]
  ]
}