{
  "token_map": {
    "fog": {
      "seq_len": 274,
      "bos_dist": 0.0,
      "img_mean": 0.17708432115614414,
      "img_max": 0.44375401735305786,
      "img_min": 0.07224184274673462,
      "text_mean": 0.007394348873811609,
      "text_max": 0.01635223627090454,
      "text_min": 1.1920928955078125e-06,
      "img_text_ratio": 23.948602395989116,
      "last_token_dist": 0.0027054548263549805,
      "sample_positions": {
        "pos_0_bos": 0.0,
        "pos_1_img_first": 0.25120484828948975,
        "pos_128_img_mid": 0.11133736371994019,
        "pos_256_img_last": 0.13354820013046265,
        "pos_257_text_first": 0.01635223627090454,
        "pos_last": 0.0027054548263549805
      }
    },
    "night": {
      "seq_len": 274,
      "bos_dist": 0.0,
      "img_mean": 0.37579659605398774,
      "img_max": 0.6208667755126953,
      "img_min": 0.1434183120727539,
      "text_mean": 0.01954790423898136,
      "text_max": 0.04590886831283569,
      "text_min": 9.953975677490234e-06,
      "img_text_ratio": 19.224393134922092,
      "last_token_dist": 0.007991313934326172,
      "sample_positions": {
        "pos_0_bos": 0.0,
        "pos_1_img_first": 0.4875573515892029,
        "pos_128_img_mid": 0.23793727159500122,
        "pos_256_img_last": 0.3486844301223755,
        "pos_257_text_first": 0.03797394037246704,
        "pos_last": 0.007991313934326172
      }
    },
    "blur": {
      "seq_len": 274,
      "bos_dist": 0.0,
      "img_mean": 0.37792825046926737,
      "img_max": 0.6718677282333374,
      "img_min": 0.1477789282798767,
      "text_mean": 0.016334102434270522,
      "text_max": 0.03482687473297119,
      "text_min": 1.3232231140136719e-05,
      "img_text_ratio": 23.137374826077828,
      "last_token_dist": 0.006263315677642822,
      "sample_positions": {
        "pos_0_bos": 0.0,
        "pos_1_img_first": 0.47585129737854004,
        "pos_128_img_mid": 0.2523561120033264,
        "pos_256_img_last": 0.47107958793640137,
        "pos_257_text_first": 0.03482687473297119,
        "pos_last": 0.006263315677642822
      }
    },
    "noise": {
      "seq_len": 274,
      "bos_dist": 0.0,
      "img_mean": 0.1882567754946649,
      "img_max": 0.4959554076194763,
      "img_min": 0.024867355823516846,
      "text_mean": 0.001353319953469669,
      "text_max": 0.0025523900985717773,
      "text_min": 1.0073184967041016e-05,
      "img_text_ratio": 139.10736704354974,
      "last_token_dist": 0.0005123615264892578,
      "sample_positions": {
        "pos_0_bos": 0.0,
        "pos_1_img_first": 0.15096455812454224,
        "pos_128_img_mid": 0.11439001560211182,
        "pos_256_img_last": 0.2989737391471863,
        "pos_257_text_first": 0.0025523900985717773,
        "pos_last": 0.0005123615264892578
      }
    }
  },
  "aggregation": {
    "fog": {
      "last_token": 0.0027054548263549805,
      "mean_all": 0.1659098118543625,
      "max_all": 0.44375401735305786,
      "median_all": 0.16601285338401794,
      "mean_img": 0.1770843267440796,
      "max_img": 0.44375401735305786,
      "mean_text": 0.0073943487368524075,
      "max_text": 0.01635223627090454,
      "sum_all": 45.45928955078125
    },
    "night": {
      "last_token": 0.007991313934326172,
      "mean_all": 0.3523220717906952,
      "max_all": 0.6208667755126953,
      "median_all": 0.35333046317100525,
      "mean_img": 0.3757965564727783,
      "max_img": 0.6208667755126953,
      "mean_text": 0.019547903910279274,
      "max_text": 0.04590886831283569,
      "sum_all": 96.53624725341797
    },
    "blur": {
      "last_token": 0.006263315677642822,
      "mean_all": 0.354114294052124,
      "max_all": 0.6718677282333374,
      "median_all": 0.358424574136734,
      "mean_img": 0.3779282569885254,
      "max_img": 0.6718677282333374,
      "mean_text": 0.01633410155773163,
      "max_text": 0.03482687473297119,
      "sum_all": 97.02731323242188
    },
    "noise": {
      "last_token": 0.0005123615264892578,
      "mean_all": 0.17597351968288422,
      "max_all": 0.4959554076194763,
      "median_all": 0.16258704662322998,
      "mean_img": 0.18825677037239075,
      "max_img": 0.4959554076194763,
      "mean_text": 0.0013533199671655893,
      "max_text": 0.0025523900985717773,
      "sum_all": 48.21674346923828
    }
  },
  "prompt_length": {
    "short": {
      "seq_len": 265,
      "last_token_dist": 0.004333198070526123,
      "detected": true
    },
    "medium": {
      "seq_len": 274,
      "last_token_dist": 0.0027054548263549805,
      "detected": true
    },
    "long": {
      "seq_len": 290,
      "last_token_dist": 0.00199967622756958,
      "detected": true
    }
  },
  "layer_token": {
    "L0": {
      "bos": -1.1920928955078125e-07,
      "img_first": 0.26903462409973145,
      "img_mid": 0.14624464511871338,
      "last": 0.0
    },
    "L1": {
      "bos": 5.960464477539063e-08,
      "img_first": 0.2667483687400818,
      "img_mid": 0.13864487409591675,
      "last": 0.0009815096855163574
    },
    "L3": {
      "bos": 0.0,
      "img_first": 0.25120484828948975,
      "img_mid": 0.11133736371994019,
      "last": 0.0027054548263549805
    },
    "L15": {
      "bos": 0.0,
      "img_first": 0.3375362753868103,
      "img_mid": 0.06992566585540771,
      "last": 0.05560171604156494
    },
    "L31": {
      "bos": -1.1920928955078125e-07,
      "img_first": 0.3678460717201233,
      "img_mid": 0.06612658500671387,
      "last": 0.1389613151550293
    }
  },
  "signal_concentration": {
    "fog": {
      "total_signal": 45.45928955078125,
      "n_for_50pct": 102,
      "n_for_90pct": 218,
      "pct_for_50_signal": 37.22627737226277,
      "pct_for_90_signal": 79.56204379562044,
      "gini": 0.20334877210273877,
      "max_token_signal": 0.44375401735305786,
      "max_pct_of_total": 0.976157009601593
    },
    "blur": {
      "total_signal": 97.02731323242188,
      "n_for_50pct": 101,
      "n_for_90pct": 216,
      "pct_for_50_signal": 36.86131386861314,
      "pct_for_90_signal": 78.83211678832117,
      "gini": 0.20615563494798672,
      "max_token_signal": 0.6718677282333374,
      "max_pct_of_total": 0.6924521923065186
    }
  }
}