{
  "experiment": "multi_image_scene",
  "experiment_number": 273,
  "timestamp": "20260315_090140",
  "n_scenes": 15,
  "results": {
    "random_0": {
      "fog": 0.0030092597007751465,
      "night": 0.00805133581161499,
      "noise": 0.00030934810638427734,
      "blur": 0.006360054016113281
    },
    "random_1": {
      "fog": 0.0029796361923217773,
      "night": 0.008168816566467285,
      "noise": 0.00027626752853393555,
      "blur": 0.006395936012268066
    },
    "random_2": {
      "fog": 0.002916872501373291,
      "night": 0.008280336856842041,
      "noise": 0.00017791986465454102,
      "blur": 0.0059542059898376465
    },
    "random_3": {
      "fog": 0.0027694106101989746,
      "night": 0.008161604404449463,
      "noise": 0.00032788515090942383,
      "blur": 0.006490647792816162
    },
    "random_4": {
      "fog": 0.002718985080718994,
      "night": 0.007991492748260498,
      "noise": 0.0002162456512451172,
      "blur": 0.006497085094451904
    },
    "solid_0": {
      "fog": 0.0045816898345947266,
      "night": 0.0060770511627197266,
      "noise": 0.004306375980377197,
      "blur": -1.1920928955078125e-07
    },
    "solid_1": {
      "fog": 0.004201769828796387,
      "night": 0.006854414939880371,
      "noise": 0.0037425756454467773,
      "blur": -1.1920928955078125e-07
    },
    "solid_2": {
      "fog": 0.0032618045806884766,
      "night": 0.004831254482269287,
      "noise": 0.00433582067489624,
      "blur": 1.1920928955078125e-07
    },
    "solid_3": {
      "fog": 0.0028476715087890625,
      "night": 0.008204519748687744,
      "noise": 0.0037623047828674316,
      "blur": 0.0
    },
    "solid_4": {
      "fog": 0.003078281879425049,
      "night": 0.0036512017250061035,
      "noise": 0.00795137882232666,
      "blur": 0.0
    },
    "gradient_horizontal": {
      "fog": 0.001589357852935791,
      "night": 0.0034164786338806152,
      "noise": 0.003757476806640625,
      "blur": 3.802776336669922e-05
    },
    "gradient_vertical": {
      "fog": 0.0015211105346679688,
      "night": 0.003454446792602539,
      "noise": 0.005296945571899414,
      "blur": 3.552436828613281e-05
    },
    "gradient_diagonal": {
      "fog": 0.0024747252464294434,
      "night": 0.003188788890838623,
      "noise": 0.005836844444274902,
      "blur": 0.0005737543106079102
    },
    "checkerboard": {
      "fog": 0.0037253499031066895,
      "night": 0.010943412780761719,
      "noise": 0.0023832321166992188,
      "blur": 0.009110867977142334
    },
    "dark": {
      "fog": 0.004636943340301514,
      "night": 0.0015521645545959473,
      "noise": 0.004262983798980713,
      "blur": 0.0014405250549316406
    },
    "aurocs": {
      "random_0": 1.0,
      "random_1": 1.0,
      "random_2": 1.0,
      "random_3": 1.0,
      "random_4": 1.0,
      "solid_0": 0.75,
      "solid_1": 0.75,
      "solid_2": 1.0,
      "solid_3": 0.875,
      "solid_4": 0.875,
      "gradient_horizontal": 1.0,
      "gradient_vertical": 1.0,
      "gradient_diagonal": 1.0,
      "checkerboard": 1.0,
      "dark": 1.0
    }
  }
}