{
  "experiment": "norm_detection",
  "experiment_number": 96,
  "timestamp": "20260314_210133",
  "n_cal": 20,
  "n_id": 20,
  "n_ood": 32,
  "results": {
    "l2_norm": {
      "auroc": 0.9750000000000001,
      "id_mean": 75.71448516845703,
      "id_std": 2.576917886734009,
      "ood_mean": 86.37263488769531,
      "ood_std": 5.890035152435303
    },
    "l2_deviation": {
      "auroc": 0.9296875,
      "id_mean": 2.0883071422576904,
      "ood_mean": 9.710626602172852
    },
    "l1_norm": {
      "auroc": 0.9828125,
      "id_mean": 3703.901611328125,
      "ood_mean": 4248.69091796875
    },
    "linf_norm": {
      "auroc": 0.60390625,
      "id_mean": 19.337499618530273,
      "ood_mean": 19.95703125
    },
    "cosine": {
      "auroc": 1.0,
      "id_mean": 0.08720815777778626,
      "ood_mean": 0.37466342747211456
    },
    "euclidean": {
      "auroc": 1.0,
      "id_mean": 31.015186309814453,
      "ood_mean": 69.15985107421875
    },
    "cosine_plus_norm": {
      "auroc": 1.0
    },
    "cosine_times_norm": {
      "auroc": 0.2546875
    },
    "per_category_norms": {
      "noise": {
        "mean": 88.35884094238281,
        "std": 4.144309997558594,
        "auroc": 1.0
      },
      "indoor": {
        "mean": 93.26239776611328,
        "std": 3.3961920738220215,
        "auroc": 1.0
      },
      "twilight": {
        "mean": 80.3072509765625,
        "std": 1.9032913446426392,
        "auroc": 0.9125000000000001
      },
      "snow": {
        "mean": 83.56207275390625,
        "std": 3.2149739265441895,
        "auroc": 0.9875
      }
    },
    "cal_mean_norm": 76.6906967163086,
    "id_mean_norm": 75.71448516845703
  }
}