{
  "experiment": "novel_corruption",
  "experiment_number": 281,
  "timestamp": "20260315_093500",
  "novel_types": ["posterize", "solarize", "color_shift", "pixelate", "low_contrast", "desaturate", "invert", "cutout", "salt_pepper", "overexpose"],
  "results": {
    "posterize": {"0.1": 0.000002, "0.3": 0.000033, "0.5": 0.000044, "0.7": 0.000194, "1.0": 0.000673},
    "solarize": {"0.1": 0.0, "0.3": 0.000361, "0.5": 0.001079, "0.7": 0.000237, "1.0": 0.000064},
    "color_shift": {"0.1": 0.000005, "0.3": 0.000023, "0.5": 0.000051, "0.7": 0.000076, "1.0": 0.000114},
    "pixelate": {"0.1": 0.000190, "0.3": 0.000659, "0.5": 0.001005, "0.7": 0.001856, "1.0": 0.003456},
    "low_contrast": {"0.1": 0.000038, "0.3": 0.000149, "0.5": 0.000633, "0.7": 0.002016, "1.0": 0.005708},
    "desaturate": {"0.1": 0.000006, "0.3": 0.000032, "0.5": 0.000094, "0.7": 0.000212, "1.0": 0.001042},
    "invert": {"0.1": 0.000081, "0.3": 0.001190, "0.5": 0.005707, "0.7": 0.001235, "1.0": 0.000063},
    "cutout": {"0.1": 0.000405, "0.3": 0.001348, "0.5": 0.001116, "0.7": 0.001607, "1.0": 0.002689},
    "salt_pepper": {"0.1": 0.000172, "0.3": 0.000303, "0.5": 0.000442, "0.7": 0.000642, "1.0": 0.000985},
    "overexpose": {"0.1": 0.000048, "0.3": 0.000214, "0.5": 0.000670, "0.7": 0.001364, "1.0": 0.003174},
    "detection_summary": {
      "total_instances": 50,
      "detected": 49,
      "missed": 1,
      "detection_rate": 0.98,
      "only_miss": "solarize at severity 0.1 (d=0.0)"
    }
  }
}
