{
  "clean_dists": [
    6.152182006469165e-05,
    4.8646609714486644e-05,
    3.7774309574745146e-05,
    0.00010115231504881361,
    4.1365824214434355e-05
  ],
  "threshold": 0.00015172847257322042,
  "rain": {
    "by_severity": {
      "0.3": {
        "dists": [
          0.00022695637931513524,
          0.0003142263194378936,
          0.00011167471911333049,
          0.00021045246029349762,
          0.00025900108510545916
        ],
        "mean_dist": 0.00022446219265306321,
        "auroc": 1.0,
        "detection_rate": 0.8
      },
      "0.5": {
        "dists": [
          0.0007622394363681062,
          0.0007034934704379658,
          0.000321502490763681,
          0.0006128904394264723,
          0.0005607582463987848
        ],
        "mean_dist": 0.000592176816679002,
        "auroc": 1.0,
        "detection_rate": 1.0
      },
      "0.7": {
        "dists": [
          0.0013669598528608384,
          0.0012770252748151023,
          0.0007239228006203913,
          0.0007813283625250911,
          0.0009648769249436251
        ],
        "mean_dist": 0.0010228226431530096,
        "auroc": 1.0,
        "detection_rate": 1.0
      },
      "1.0": {
        "dists": [
          0.0016834504353105961,
          0.00201243924260075,
          0.001128877661771277,
          0.0014500314334439102,
          0.0014381467033319772
        ],
        "mean_dist": 0.001542589095291702,
        "auroc": 1.0,
        "detection_rate": 1.0
      }
    },
    "by_scene": {},
    "overall_auroc": 1.0,
    "mean_dist": 0.0008455126869441942,
    "all_detected": false
  },
  "snow": {
    "by_severity": {
      "0.3": {
        "dists": [
          0.0024484295567878123,
          0.00242201876318604,
          0.0024013483882471265,
          0.0020950179466282526,
          0.0019214031279073396
        ],
        "mean_dist": 0.0022576435565513143,
        "auroc": 1.0,
        "detection_rate": 1.0
      },
      "0.5": {
        "dists": [
          0.0026968759454391034,
          0.0025502534960576417,
          0.0029482760320441725,
          0.002674067854026574,
          0.0024541534249373775
        ],
        "mean_dist": 0.002664725350500974,
        "auroc": 1.0,
        "detection_rate": 1.0
      },
      "0.7": {
        "dists": [
          0.003364303000394142,
          0.003198846733176164,
          0.003779830009944196,
          0.00309015547188074,
          0.002778681271166872
        ],
        "mean_dist": 0.003242363297312423,
        "auroc": 1.0,
        "detection_rate": 1.0
      },
      "1.0": {
        "dists": [
          0.003546547420155699,
          0.003861629183133264,
          0.003946940498017137,
          0.003537237832766049,
          0.0034865772046492882
        ],
        "mean_dist": 0.0036757864277442874,
        "auroc": 1.0,
        "detection_rate": 1.0
      }
    },
    "by_scene": {},
    "overall_auroc": 1.0,
    "mean_dist": 0.0029601296580272496,
    "all_detected": true
  },
  "occlusion": {
    "by_severity": {
      "0.3": {
        "dists": [
          0.0006192154516415638,
          0.000907718900416854,
          0.0008843579612565211,
          0.0010816200839456336,
          0.0009436183355812089
        ],
        "mean_dist": 0.0008873061465683562,
        "auroc": 1.0,
        "detection_rate": 1.0
      },
      "0.5": {
        "dists": [
          0.0008516860759932854,
          0.0009452986657617624,
          0.0007843433495209329,
          0.0010432307057480772,
          0.0009832323962843947
        ],
        "mean_dist": 0.0009215582386616905,
        "auroc": 1.0,
        "detection_rate": 1.0
      },
      "0.7": {
        "dists": [
          0.0008197693791943683,
          0.001162174446323827,
          0.000981839353047742,
          0.0015980005117910423,
          0.001154262212054058
        ],
        "mean_dist": 0.0011432091804822076,
        "auroc": 1.0,
        "detection_rate": 1.0
      },
      "1.0": {
        "dists": [
          0.0013509976196341977,
          0.0012729001010270968,
          0.0015946180862523862,
          0.0014731665461168442,
          0.0012139197821825487
        ],
        "mean_dist": 0.0013811204270426148,
        "auroc": 1.0,
        "detection_rate": 1.0
      }
    },
    "by_scene": {},
    "overall_auroc": 1.0,
    "mean_dist": 0.0010832984981887172,
    "all_detected": true
  },
  "color_shift": {
    "by_severity": {
      "0.3": {
        "dists": [
          7.07018270041937e-05,
          0.00013012353791697073,
          6.711500306477713e-05,
          0.00015332227089781547,
          6.397169208360864e-05
        ],
        "mean_dist": 9.704686619347314e-05,
        "auroc": 0.88,
        "detection_rate": 0.2
      },
      "0.5": {
        "dists": [
          8.899721941613148e-05,
          0.000296434406624857,
          0.0001665000525039595,
          0.00023038068881509055,
          8.686075138897298e-05
        ],
        "mean_dist": 0.00017383462374980229,
        "auroc": 0.92,
        "detection_rate": 0.6
      },
      "0.7": {
        "dists": [
          0.00014776102709601613,
          0.00048735708161185,
          0.0002882642969029847,
          0.00031611631869898904,
          0.00013263093389281888
        ],
        "mean_dist": 0.00027442593164053177,
        "auroc": 1.0,
        "detection_rate": 0.6
      },
      "1.0": {
        "dists": [
          0.0002792244052501891,
          0.0007661387723179036,
          0.0004823420597604988,
          0.0004463723811434228,
          0.00018966525665709
        ],
        "mean_dist": 0.00043274857502582085,
        "auroc": 1.0,
        "detection_rate": 1.0
      }
    },
    "by_scene": {},
    "overall_auroc": 0.95,
    "mean_dist": 0.000244513999152407,
    "all_detected": false
  },
  "jpeg": {
    "by_severity": {
      "0.3": {
        "dists": [
          0.0014471605487708095,
          0.0014074694528574128,
          0.0015335144872289375,
          0.0015418306359338274,
          0.0014675251780775778
        ],
        "mean_dist": 0.001479500060573713,
        "auroc": 1.0,
        "detection_rate": 1.0
      },
      "0.5": {
        "dists": [
          0.0031008610909829537,
          0.002604926781382355,
          0.002832803036813769,
          0.0027938843562239635,
          0.002664329732453674
        ],
        "mean_dist": 0.002799360999571343,
        "auroc": 1.0,
        "detection_rate": 1.0
      },
      "0.7": {
        "dists": [
          0.003110834229847703,
          0.0028804804173503396,
          0.0028897838036139323,
          0.003270816353136863,
          0.0030480774483666595
        ],
        "mean_dist": 0.0030399984504630995,
        "auroc": 1.0,
        "detection_rate": 1.0
      },
      "1.0": {
        "dists": [
          0.0042857195898658995,
          0.004267628419366787,
          0.004085451987901112,
          0.004292944084955619,
          0.004212229946167989
        ],
        "mean_dist": 0.004228794805651481,
        "auroc": 1.0,
        "detection_rate": 1.0
      }
    },
    "by_scene": {},
    "overall_auroc": 1.0,
    "mean_dist": 0.0028869135790649094,
    "all_detected": true
  },
  "dead_pixels": {
    "by_severity": {
      "0.3": {
        "dists": [
          5.4938005906501886e-05,
          4.325907503388571e-05,
          4.091387159665949e-05,
          9.786398811439945e-05,
          4.3795223368725544e-05
        ],
        "mean_dist": 5.6154032804034416e-05,
        "auroc": 0.48,
        "detection_rate": 0.0
      },
      "0.5": {
        "dists": [
          5.6694407873592034e-05,
          4.8791740592135646e-05,
          6.172963232975448e-05,
          8.540453311978169e-05,
          4.227329284478554e-05
        ],
        "mean_dist": 5.897872135200988e-05,
        "auroc": 0.64,
        "detection_rate": 0.0
      },