{
  "experiment": "occlusion_map",
  "experiment_number": 241,
  "timestamp": "20260315_072607",
  "layer": 3,
  "patch_size": 32,
  "stride": 32,
  "results": {
    "fog": {
      "heatmap": [
        [
          -0.0002445,
          -0.00043392,
          -0.00051355,
          -0.00067812,
          -0.00063252,
          -0.00052804,
          -0.00060296,
          -0.00018746
        ],
        [
          -0.00027865,
          -0.00028801,
          -0.00037891,
          -0.00051814,
          -0.00051028,
          -0.00038368,
          -0.00029594,
          -0.00026697
        ],
        [
          -0.00023371,
          -0.00028616,
          -0.00035191,
          -0.00042981,
          -0.0004524,
          -0.00031883,
          -0.0002687,
          -0.0002768
        ],
        [
          -0.00021052,
          -0.00022334,
          -0.00022644,
          -0.00031036,
          -0.00033349,
          -0.00021172,
          -0.00022042,
          -0.00022405
        ],
        [
          -0.00012577,
          -9.602e-05,
          -0.00015128,
          -0.00016534,
          -0.00018024,
          -0.00010914,
          -9.698e-05,
          -0.00013226
        ],
        [
          -0.00016117,
          -0.000144,
          -0.000175,
          -0.00020671,
          -0.00022978,
          -0.00015652,
          -0.00016767,
          -0.00017351
        ],
        [
          -0.00015193,
          -0.00014395,
          -0.00017148,
          -0.00023252,
          -0.00024527,
          -0.00021714,
          -0.00017232,
          -0.00014704
        ],
        [
          -7.451e-05,
          -0.0001232,
          -0.0001412,
          -0.00021172,
          -0.00026906,
          -0.00022709,
          -0.00015026,
          -8.059e-05
        ]
      ],
      "full_dist": 0.000698,
      "max_importance": -7.451e-05,
      "min_importance": -0.00067812,
      "max_location": [
        7,
        0
      ]
    },
    "night": {
      "heatmap": [
        [
          0.00070339,
          0.00082839,
          0.00079995,
          0.0006367,
          0.00070858,
          0.00084889,
          0.00054651,
          0.00081515
        ],
        [
          0.0008769,
          0.00098538,
          0.00083202,
          0.0004791,
          0.00048757,
          0.00078392,
          0.00083601,
          0.00069922
        ],
        [
          0.00080609,
          0.0009383,
          0.00083596,
          0.00035769,
          0.00028765,
          0.00076365,
          0.00085872,
          0.00077099
        ],
        [
          0.00085735,
          0.00091588,
          0.00089812,
          0.00056469,
          0.00059205,
          0.00084138,
          0.00087386,
          0.00094223
        ],
        [
          0.00089103,
          0.0008955,
          0.00084239,
          0.00052798,
          0.00048137,
          0.00078124,
          0.00080466,
          0.00095862
        ],
        [
          0.00089091,
          0.00090736,
          0.00087088,
          0.00049734,
          0.00039411,
          0.0006659,
          0.00073409,
          0.00088668
        ],
        [
          0.00087124,
          0.000983,
          0.00097448,
          0.00066352,
          0.00061637,
          0.00085229,
          0.00080842,
          0.00089169
        ],
        [
          0.00093454,
          0.00092101,
          0.00088692,
          0.00075161,
          0.00078189,
          0.00078899,
          0.00075132,
          0.0009346
        ]
      ],
      "full_dist": 0.003403,
      "max_importance": 0.00098538,
      "min_importance": 0.00028765,
      "max_location": [
        1,
        1
      ]
    }
  }
}