{
  "experiment": "online_detection",
  "experiment_number": 237,
  "timestamp": "20260315_071509",
  "layer": 3,
  "ema_alpha": 0.3,
  "stream_structure": {
    "clean": 10,
    "transition": 10,
    "full": 10
  },
  "results": {
    "fog": {
      "distances": [
        0.0,
        1.67e-06,
        3.52e-06,
        5.19e-06,
        6.62e-06,
        9.6e-06,
        1.323e-05,
        1.58e-05,
        2.11e-05,
        2.652e-05,
        7.695e-05,
        0.0001201,
        0.00018299,
        0.00025141,
        0.00034678,
        0.00043881,
        0.00054914,
        0.00063169,
        0.00072199,
        0.00084394,
        0.00085753,
        0.00084412,
        0.00084776,
        0.00088489,
        0.00088716,
        0.0008893,
        0.00088567,
        0.00088584,
        0.00090379,
        0.0009169
      ],
      "ema_scores": [
        0.0,
        5e-07,
        1.41e-06,
        2.54e-06,
        3.76e-06,
        5.51e-06,
        7.83e-06,
        1.022e-05,
        1.348e-05,
        1.74e-05,
        3.526e-05,
        6.071e-05,
        9.74e-05,
        0.0001436,
        0.00020455,
        0.00027483,
        0.00035712,
        0.00043949,
        0.00052424,
        0.00062015,
        0.00069137,
        0.00073719,
        0.00077036,
        0.00080472,
        0.00082945,
        0.00084741,
        0.00085888,
        0.00086697,
        0.00087802,
        0.00088968
      ],
      "max_clean_dist": 2.652e-05,
      "threshold": 5.305e-05,
      "raw_detection_frame": 10,
      "ema_detection_frame": 11,
      "detection_latency_raw": 0,
      "detection_latency_ema": 1
    },
    "night": {
      "distances": [
        0.0,
        1.67e-06,
        3.52e-06,
        5.19e-06,
        6.62e-06,
        9.6e-06,
        1.323e-05,
        1.58e-05,
        2.11e-05,
        2.652e-05,
        3.433e-05,
        0.00012052,
        0.00032681,
        0.000664,
        0.0010528,
        0.0014025,
        0.00197482,
        0.00244164,
        0.00289899,
        0.00339532,
        0.00336623,
        0.00334311,
        0.00336778,
        0.00338179,
        0.0033915,
        0.00342929,
        0.00346088,
        0.00337487,
        0.0034098,
        0.00346833
      ],
      "ema_scores": [
        0.0,
        5e-07,
        1.41e-06,
        2.54e-06,
        3.76e-06,
        5.51e-06,
        7.83e-06,
        1.022e-05,
        1.348e-05,
        1.74e-05,
        2.248e-05,
        5.189e-05,
        0.00013437,
        0.00029326,
        0.00052112,
        0.00078553,
        0.00114232,
        0.00153212,
        0.00194218,
        0.00237812,
        0.00267455,
        0.00287512,
        0.00302292,
        0.00313058,
        0.00320886,
        0.00327499,
        0.00333076,
        0.00334399,
        0.00336374,
        0.00339512
      ],
      "max_clean_dist": 2.652e-05,
      "threshold": 5.305e-05,
      "raw_detection_frame": 11,
      "ema_detection_frame": 12,
      "detection_latency_raw": 1,
      "detection_latency_ema": 2
    },
    "noise": {
      "distances": [
        0.0,
        1.67e-06,
        3.52e-06,
        5.19e-06,
        6.62e-06,
        9.6e-06,
        1.323e-05,
        1.58e-05,
        2.11e-05,
        2.652e-05,
        0.00018609,
        0.00045437,
        0.00063312,
        0.00069606,
        0.00091821,
        0.00136912,
        0.00155485,
        0.00208002,
        0.00234002,
        0.00298232,
        0.00303924,
        0.00331813,
        0.00325865,
        0.00343698,
        0.00270545,
        0.00330579,
        0.00295627,
        0.00281644,
        0.0028705,
        0.00307864
      ],
      "ema_scores": [
        0.0,
        5e-07,
        1.41e-06,
        2.54e-06,
        3.76e-06,
        5.51e-06,
        7.83e-06,
        1.022e-05,
        1.348e-05,
        1.74e-05,
        6.8e-05,
        0.00018391,
        0.00031867,
        0.00043189,
        0.00057779,
        0.00081519,
        0.00103708,
        0.00134997,
        0.00164698,
        0.00204758,
        0.00234508,
        0.002637,
        0.00282349,
        0.00300754,
        0.00291691,
        0.00303358,
        0.00301039,
        0.0029522,
        0.00292769,
        0.00297298
      ],
      "max_clean_dist": 2.652e-05,
      "threshold": 5.305e-05,
      "raw_detection_frame": 10,
      "ema_detection_frame": 10,
      "detection_latency_raw": 0,
      "detection_latency_ema": 0
    }
  }
}