{
  "threshold_sweep": {
    "fog": {
      "clean_max": 9.709596633911133e-05,
      "ood_min": 0.0008764266967773438,
      "gap": 0.0007793307304382324,
      "gap_relative": 8.026396562308165,
      "optimal_threshold": 9.709596633911133e-05,
      "youden_j": 1.0,
      "auroc": 1.0,
      "n_roc_points": 22
    },
    "night": {
      "clean_max": 9.709596633911133e-05,
      "ood_min": 0.0018578171730041504,
      "gap": 0.001760721206665039,
      "gap_relative": 18.133824432166975,
      "optimal_threshold": 9.709596633911133e-05,
      "youden_j": 1.0,
      "auroc": 1.0,
      "n_roc_points": 22
    },
    "noise": {
      "clean_max": 9.709596633911133e-05,
      "ood_min": 9.989738464355469e-05,
      "gap": 2.8014183044433594e-06,
      "gap_relative": 0.028852056476365868,
      "optimal_threshold": 9.709596633911133e-05,
      "youden_j": 1.0,
      "auroc": 1.0,
      "n_roc_points": 22
    },
    "blur": {
      "clean_max": 9.709596633911133e-05,
      "ood_min": 0.004485607147216797,
      "gap": 0.0043885111808776855,
      "gap_relative": 45.19766728054021,
      "optimal_threshold": 9.709596633911133e-05,
      "youden_j": 1.0,
      "auroc": 1.0,
      "n_roc_points": 22
    }
  },
  "cusum": {
    "fog": {
      "stream_length": 60,
      "clean_mean_dist": 5.806684494018555e-05,
      "corrupt_mean_dist": 0.0009472250938415527,
      "recovery_mean_dist": 5.806684494018555e-05,
      "cusum_max": 0.014870285987853999,
      "detections": {
        "h=0.000194": {
          "first_detection": 21,
          "detection_delay": 1,
          "detected_in_clean": false
        },
        "h=0.000485": {
          "first_detection": 21,
          "detection_delay": 1,
          "detected_in_clean": false
        },
        "h=0.000971": {
          "first_detection": 22,
          "detection_delay": 2,
          "detected_in_clean": false
        }
      }
    },
    "night": {
      "stream_length": 60,
      "clean_mean_dist": 5.806684494018555e-05,
      "corrupt_mean_dist": 0.002056610584259033,
      "recovery_mean_dist": 5.806684494018555e-05,
      "cusum_max": 0.03705799579620361,
      "detections": {
        "h=0.000194": {
          "first_detection": 21,
          "detection_delay": 1,
          "detected_in_clean": false
        },
        "h=0.000485": {
          "first_detection": 21,
          "detection_delay": 1,
          "detected_in_clean": false
        },
        "h=0.000971": {
          "first_detection": 21,
          "detection_delay": 1,
          "detected_in_clean": false
        }
      }
    },
    "noise": {
      "stream_length": 60,
      "clean_mean_dist": 5.806684494018555e-05,
      "corrupt_mean_dist": 0.00014813542366027833,
      "recovery_mean_dist": 5.806684494018555e-05,
      "cusum_max": 8.523464202880968e-07,
      "detections": {
        "h=0.000194": {
          "first_detection": null,
          "detection_delay": null,
          "detected_in_clean": false
        },
        "h=0.000485": {
          "first_detection": null,
          "detection_delay": null,
          "detected_in_clean": false
        },
        "h=0.000971": {
          "first_detection": null,
          "detection_delay": null,
          "detected_in_clean": false
        }
      }
    },
    "blur": {
      "stream_length": 60,
      "clean_mean_dist": 5.806684494018555e-05,
      "corrupt_mean_dist": 0.00474778413772583,
      "recovery_mean_dist": 5.806684494018555e-05,
      "cusum_max": 0.09088146686553958,
      "detections": {
        "h=0.000194": {
          "first_detection": 21,
          "detection_delay": 1,
          "detected_in_clean": false
        },
        "h=0.000485": {
          "first_detection": 21,
          "detection_delay": 1,
          "detected_in_clean": false
        },
        "h=0.000971": {
          "first_detection": 21,
          "detection_delay": 1,
          "detected_in_clean": false
        }
      }
    }
  },
  "page_hinkley": {
    "fog": {
      "lambda=0.000485": {
        "first_detection": null,
        "detection_delay": null,
        "false_alarm": false
      },
      "lambda=0.000971": {
        "first_detection": null,
        "detection_delay": null,
        "false_alarm": false
      },
      "lambda=0.001942": {
        "first_detection": null,
        "detection_delay": null,
        "false_alarm": false
      }
    },
    "night": {
      "lambda=0.000485": {
        "first_detection": null,
        "detection_delay": null,
        "false_alarm": false
      },
      "lambda=0.000971": {
        "first_detection": null,
        "detection_delay": null,
        "false_alarm": false
      },
      "lambda=0.001942": {
        "first_detection": null,
        "detection_delay": null,
        "false_alarm": false
      }
    },
    "noise": {
      "lambda=0.000485": {
        "first_detection": null,
        "detection_delay": null,
        "false_alarm": false
      },
      "lambda=0.000971": {
        "first_detection": null,
        "detection_delay": null,
        "false_alarm": false
      },
      "lambda=0.001942": {
        "first_detection": null,
        "detection_delay": null,
        "false_alarm": false
      }
    },
    "blur": {
      "lambda=0.000485": {
        "first_detection": null,
        "detection_delay": null,
        "false_alarm": false
      },
      "lambda=0.000971": {
        "first_detection": null,
        "detection_delay": null,
        "false_alarm": false
      },
      "lambda=0.001942": {
        "first_detection": null,
        "detection_delay": null,
        "false_alarm": false
      }
    }
  },
  "severity_delay": {
    "fog": {
      "0.05": {
        "detection_delay": null,
        "n_detected": 0,
        "n_total": 10,
        "detection_rate": 0.0,
        "corrupt_mean_dist": 5.63204288482666e-05,
        "margin": -5.0485134124755866e-05
      },
      "0.1": {
        "detection_delay": null,
        "n_detected": 0,
        "n_total": 10,
        "detection_rate": 0.0,
        "corrupt_mean_dist": 7.588863372802735e-05,
        "margin": -3.091692924499512e-05
      },
      "0.2": {
        "detection_delay": 0,
        "n_detected": 10,
        "n_total": 10,
        "detection_rate": 1.0,
        "corrupt_mean_dist": 0.00018399357795715333,
        "margin": 7.718801498413086e-05
      },
      "0.3": {
        "detection_delay": 0,
        "n_detected": 10,
        "n_total": 10,
        "detection_rate": 1.0,
        "corrupt_mean_dist": 0.0003758072853088379,
        "margin": 0.00026900172233581545
      },
      "0.5": {
        "detection_delay": 0,
        "n_detected": 10,
        "n_total": 10,
        "detection_rate": 1.0,
        "corrupt_mean_dist": 0.0009472250938415527,
        "margin": 0.0008404195308685303
      },
      "0.7": {
        "detection_delay": 0,
        "n_detected": 10,
        "n_total": 10,
        "detection_rate": 1.0,
        "corrupt_mean_dist": 0.0016458868980407716,
        "margin": 0.001539081335067749
      },
      "1.0": {
        "detection_delay": 0,
        "n_detected": 10,
        "n_total": 10,
        "detection_rate": 1.0,
        "corrupt_mean_dist": 0.002932065725326538,
        "margin": 0.0028252601623535156
      }
    },
    "night": {
      "0.05": {
        "detection_delay": 3,
        "n_detected": 3,
        "n_total": 10,
        "detection_rate": 0.3,
        "corrupt_mean_dist": 8.968114852905273e-05,
        "margin": -1.7124414443969737e-05
      },
      "0.1": {
        "detection_delay": 0,
        "n_detected": 10,
        "n_total": 10,
        "detection_rate": 1.0,
        "corrupt_mean_dist": 0.00015848875045776367,
        "margin": 5.1683187484741206e-05
      },
      "0.2": {
        "detection_delay": 0,
        "n_detected": 10,
        "n_total": 10,
        "detection_rate": 1.0,
        "corrupt_mean_dist": 0.0004359126091003418,
        "margin": 0.00032910704612731934
      },