{
  "experiment": "ood_hardness",
  "experiment_number": 88,
  "timestamp": "20260314_203008",
  "n_cal": 30,
  "n_id_ref": 16,
  "id_mean_dist": 0.08735315501689911,
  "interpolation_results": {
    "0.0": {
      "auroc": 0.4166666666666667,
      "mean_dist": 0.0854950745900472,
      "std_dist": 0.007292858212396737
    },
    "0.1": {
      "auroc": 1.0,
      "mean_dist": 0.19919007023175558,
      "std_dist": 0.011612837817784728
    },
    "0.2": {
      "auroc": 1.0,
      "mean_dist": 0.21927544474601746,
      "std_dist": 0.007078723793043565
    },
    "0.3": {
      "auroc": 1.0,
      "mean_dist": 0.22388733426729837,
      "std_dist": 0.008002907949390192
    },
    "0.4": {
      "auroc": 1.0,
      "mean_dist": 0.2355244259039561,
      "std_dist": 0.009221552356050933
    },
    "0.5": {
      "auroc": 1.0,
      "mean_dist": 0.24810240666071573,
      "std_dist": 0.010258994687126278
    },
    "0.6": {
      "auroc": 1.0,
      "mean_dist": 0.2608010371526082,
      "std_dist": 0.011040889440387476
    },
    "0.7": {
      "auroc": 1.0,
      "mean_dist": 0.2657227913538615,
      "std_dist": 0.006955619038871001
    },
    "0.8": {
      "auroc": 1.0,
      "mean_dist": 0.2655525207519531,
      "std_dist": 0.004552427743763059
    },
    "0.9": {
      "auroc": 1.0,
      "mean_dist": 0.26810423533121747,
      "std_dist": 0.005864411318750372
    },
    "1.0": {
      "auroc": 1.0,
      "mean_dist": 0.34526486198107403,
      "std_dist": 0.008375686949174519
    }
  },
  "color_shift_results": {
    "0.0": {
      "auroc": 0.42708333333333337,
      "mean_dist": 0.08595394094785054,
      "std_dist": 0.005064613057782019
    },
    "0.1": {
      "auroc": 0.8020833333333334,
      "mean_dist": 0.09447082877159119,
      "std_dist": 0.006223327828834947
    },
    "0.2": {
      "auroc": 1.0,
      "mean_dist": 0.12722927331924438,
      "std_dist": 0.006827250471223693
    },
    "0.3": {
      "auroc": 1.0,
      "mean_dist": 0.17693427205085754,
      "std_dist": 0.017014355670780575
    },
    "0.4": {
      "auroc": 1.0,
      "mean_dist": 0.2030413250128428,
      "std_dist": 0.011104643000869472
    },
    "0.5": {
      "auroc": 1.0,
      "mean_dist": 0.21388582388559976,
      "std_dist": 0.009258114392055693
    },
    "0.6": {
      "auroc": 1.0,
      "mean_dist": 0.2146625022093455,
      "std_dist": 0.006014011351769741
    },
    "0.7": {
      "auroc": 1.0,
      "mean_dist": 0.2142451604207357,
      "std_dist": 0.0027781549034523708
    },
    "0.8": {
      "auroc": 1.0,
      "mean_dist": 0.23165025313695273,
      "std_dist": 0.005225428985483316
    },
    "0.9": {
      "auroc": 1.0,
      "mean_dist": 0.25923405090967816,
      "std_dist": 0.00681162741335594
    },
    "1.0": {
      "auroc": 1.0,
      "mean_dist": 0.285824179649353,
      "std_dist": 0.005902730019961467
    }
  }
}