{
  "experiment": "ood_category_difficulty",
  "experiment_number": 138,
  "timestamp": "20260315_002440",
  "id_stats": {
    "n": 24,
    "mean_dist": 0.08615200469891231,
    "max_dist": 0.10832518339157104,
    "std_dist": 0.0071732103540447
  },
  "results": {
    "noise": {
      "n": 12,
      "mean_dist": 0.4398980538050334,
      "std_dist": 0.011308927376260618,
      "min_dist": 0.4179708957672119,
      "max_dist": 0.4598044157028198,
      "gap": 0.30964571237564087,
      "overlap": false,
      "auroc": 1.0,
      "d_prime": 49.31488506748846
    },
    "indoor": {
      "n": 12,
      "mean_dist": 0.3531780193249385,
      "std_dist": 0.01061106164199128,
      "min_dist": 0.3321194648742676,
      "max_dist": 0.36846697330474854,
      "gap": 0.22379428148269653,
      "overlap": false,
      "auroc": 1.0,
      "d_prime": 37.22545383782242
    },
    "twilight": {
      "n": 12,
      "mean_dist": 0.43563904364903766,
      "std_dist": 0.00827240502004179,
      "min_dist": 0.42164504528045654,
      "max_dist": 0.450486421585083,
      "gap": 0.3133198618888855,
      "overlap": false,
      "auroc": 1.0,
      "d_prime": 48.72114671514523
    },
    "snow": {
      "n": 12,
      "mean_dist": 0.26107758780320484,
      "std_dist": 0.007793609834457648,
      "min_dist": 0.24729549884796143,
      "max_dist": 0.2729565501213074,
      "gap": 0.13897031545639038,
      "overlap": false,
      "auroc": 1.0,
      "d_prime": 24.385954409808047
    },
    "fog": {
      "n": 12,
      "mean_dist": 0.10811957220236461,
      "std_dist": 0.00438383194321842,
      "min_dist": 0.10140514373779297,
      "max_dist": 0.11836588382720947,
      "gap": -0.006920039653778076,
      "overlap": true,
      "auroc": 0.9756944444444445,
      "d_prime": 3.062445699061517
    },
    "rain": {
      "n": 12,
      "mean_dist": 0.4452755053838094,
      "std_dist": 0.027214743427466274,
      "min_dist": 0.3949165344238281,
      "max_dist": 0.49990761280059814,
      "gap": 0.2865913510322571,
      "overlap": false,
      "auroc": 1.0,
      "d_prime": 50.064542645950254
    },
    "construction": {
      "n": 12,
      "mean_dist": 0.31380357841650647,
      "std_dist": 0.00760527423936346,
      "min_dist": 0.3031512498855591,
      "max_dist": 0.33208560943603516,
      "gap": 0.19482606649398804,
      "overlap": false,
      "auroc": 1.0,
      "d_prime": 31.736357824163672
    },
    "underwater": {
      "n": 12,
      "mean_dist": 0.36524657408396405,
      "std_dist": 0.009145051035277654,
      "min_dist": 0.34418386220932007,
      "max_dist": 0.3790439963340759,
      "gap": 0.23585867881774902,
      "overlap": false,
      "auroc": 1.0,
      "d_prime": 38.907902001910585
    },
    "desert": {
      "n": 12,
      "mean_dist": 0.2184214194615682,
      "std_dist": 0.006390700119090147,
      "min_dist": 0.20837342739105225,
      "max_dist": 0.2301959991455078,
      "gap": 0.1000482439994812,
      "overlap": false,
      "auroc": 1.0,
      "d_prime": 18.43936067539664
    }
  }
}