{
  "experiment": "operating_curves",
  "experiment_number": 52,
  "timestamp": "20260314_173754",
  "n_cal": 32,
  "n_trajectories": 64,
  "n_id": 32,
  "n_ood": 32,
  "roc_data": {
    "Global cosine (1f)": {
      "auroc": 0.51171875,
      "ap": 0.5808220681346156,
      "fpr_at_95tpr": 0.90625,
      "fpr_at_99tpr": 0.90625
    },
    "Per-scene cosine (1f)": {
      "auroc": 0.6923828125,
      "ap": 0.700387440300221,
      "fpr_at_95tpr": 0.8125,
      "fpr_at_99tpr": 0.84375
    },
    "Action mass (1f)": {
      "auroc": 0.6669921875,
      "ap": 0.6352980545740441,
      "fpr_at_95tpr": 0.71875,
      "fpr_at_99tpr": 0.78125
    },
    "Per-scene cosine (5s)": {
      "auroc": 0.8935546875,
      "ap": 0.926737727139324,
      "fpr_at_95tpr": 0.6875,
      "fpr_at_99tpr": 0.8125
    },
    "Full pipeline": {
      "auroc": 0.900390625,
      "ap": 0.931859915081681,
      "fpr_at_95tpr": 0.65625,
      "fpr_at_99tpr": 0.8125
    }
  },
  "operating_points": {
    "0.01": {
      "threshold": 0.4004185055196285,
      "coverage": 0.6875,
      "safety": 0.90625,
      "fpr": 0.3125,
      "fnr": 0.09375
    },
    "0.02": {
      "threshold": 0.3998111461315836,
      "coverage": 0.65625,
      "safety": 0.90625,
      "fpr": 0.34375,
      "fnr": 0.09375
    },
    "0.05": {
      "threshold": 0.39095510533811256,
      "coverage": 0.5625,
      "safety": 0.90625,
      "fpr": 0.4375,
      "fnr": 0.09375
    },
    "0.1": {
      "threshold": 0.3785337256959506,
      "coverage": 0.4375,
      "safety": 0.90625,
      "fpr": 0.5625,
      "fnr": 0.09375
    },
    "0.15": {
      "threshold": 0.36553001591137474,
      "coverage": 0.34375,
      "safety": 0.9375,
      "fpr": 0.65625,
      "fnr": 0.0625
    },
    "0.2": {
      "threshold": 0.35990062815802437,
      "coverage": 0.21875,
      "safety": 0.96875,
      "fpr": 0.78125,
      "fnr": 0.03125
    },
    "0.3": {
      "threshold": 0.3493973590646471,
      "coverage": 0.1875,
      "safety": 1.0,
      "fpr": 0.8125,
      "fnr": 0.0
    },
    "0.5": {
      "threshold": 0.30903907652412144,
      "coverage": 0.03125,
      "safety": 1.0,
      "fpr": 0.96875,
      "fnr": 0.0
    }
  },
  "optimal_threshold": {
    "value": 0.42060850918292997,
    "youdens_j": 0.75,
    "tpr": 0.84375,
    "fpr": 0.09375
  },
  "eer": 0.125,
  "full_roc": {
    "fpr": [
      0.0,
      0.0,
      0.0,
      0.0625,
      0.0625,
      0.09375,
      0.09375,
      0.3125,
      0.3125,
      0.65625,
      0.65625,
      0.78125,
      0.78125,
      0.8125,
      0.8125,
      1.0
    ],
    "tpr": [
      0.0,
      0.03125,
      0.71875,
      0.71875,
      0.78125,
      0.78125,
      0.84375,
      0.84375,
      0.90625,
      0.90625,
      0.9375,
      0.9375,
      0.96875,
      0.96875,
      1.0,
      1.0
    ]
  }
}