{
  "experiment": "pca_subspace",
  "experiment_number": 251,
  "timestamp": "20260315_075614",
  "n_vectors": 30,
  "n_types": 6,
  "n_severities": 5,
  "results": {
    "singular_values": [
      1.591921,
      1.074323,
      0.587649,
      0.303082,
      0.277727,
      0.240083,
      0.185644,
      0.131383,
      0.11115,
      0.098212,
      0.087933,
      0.071904,
      0.064753,
      0.059524,
      0.050428
    ],
    "explained_variance": [
      0.580307,
      0.264293,
      0.079077,
      0.021035,
      0.017662,
      0.013199,
      0.007892,
      0.003953,
      0.002829,
      0.002209,
      0.001771,
      0.001184,
      0.00096,
      0.000811,
      0.000582
    ],
    "cumulative_variance": [
      0.580307,
      0.8446,
      0.923677,
      0.944712,
      0.962374,
      0.975573,
      0.983465,
      0.987418,
      0.990247,
      0.992455,
      0.994226,
      0.99541,
      0.99637,
      0.997181,
      0.997764
    ],
    "dim_90": 3,
    "dim_95": 5,
    "dim_99": 9,
    "projections_2d": {
      "fog": [
        [
          -0.026165,
          -0.003106
        ],
        [
          -0.048795,
          0.000148
        ],
        [
          -0.070783,
          0.008693
        ],
        [
          -0.104923,
          0.014589
        ],
        [
          -0.16225,
          0.026497
        ]
      ],
      "night": [
        [
          -0.045261,
          -0.123197
        ],
        [
          -0.136199,
          -0.266654
        ],
        [
          -0.310789,
          -0.404942
        ],
        [
          -0.57294,
          -0.465751
        ],
        [
          -0.781749,
          -0.431248
        ]
      ],
      "noise": [
        [
          -0.002693,
          0.006679
        ],
        [
          0.002825,
          0.007808
        ],
        [
          0.003425,
          0.008468
        ],
        [
          0.005415,
          0.00873
        ],
        [
          0.005602,
          0.008942
        ]
      ],
      "blur": [
        [
          -0.184854,
          0.10208
        ],
        [
          -0.411951,
          0.234763
        ],
        [
          -0.566772,
          0.323703
        ],
        [
          -0.646885,
          0.357642
        ],
        [
          -0.698178,
          0.344445
        ]
      ],
      "snow": [
        [
          -0.004441,
          0.061198
        ],
        [
          0.013493,
          0.074919
        ],
        [
          -0.01003,
          0.110526
        ],
        [
          0.006989,
          0.160158
        ],
        [
          0.024491,
          0.18796
        ]
      ],
      "rain": [
        [
          -0.003555,
          0.008189
        ],
        [
          -0.002384,
          0.009965
        ],
        [
          0.007177,
          0.001924
        ],
        [
          0.004837,
          0.003595
        ],
        [
          0.008517,
          0.008496
        ]
      ]
    },
    "labels": [
      "fog_0.2",
      "fog_0.4",
      "fog_0.6",
      "fog_0.8",
      "fog_1.0",
      "night_0.2",
      "night_0.4",
      "night_0.6",
      "night_0.8",
      "night_1.0",
      "noise_0.2",
      "noise_0.4",
      "noise_0.6",
      "noise_0.8",
      "noise_1.0",
      "blur_0.2",
      "blur_0.4",
      "blur_0.6",
      "blur_0.8",
      "blur_1.0",
      "snow_0.2",
      "snow_0.4",
      "snow_0.6",
      "snow_0.8",
      "snow_1.0",
      "rain_0.2",
      "rain_0.4",
      "rain_0.6",
      "rain_0.8",
      "rain_1.0"
    ]
  }
}