{
  "experiment": "perturbation_robustness",
  "experiment_number": 53,
  "timestamp": "20260314_174217",
  "n_cal": 30,
  "n_id_test": 10,
  "n_ood_test": 10,
  "cal_cos_max": 0.6757355332374573,
  "results": {
    "blur": {
      "None": {
        "auroc": 0.92,
        "id_cos_mean": 0.5197496056556702,
        "id_cos_std": 0.1311430856509084,
        "ood_cos_mean": 0.7480486065149308,
        "ood_cos_std": 0.08304367671528654,
        "id_mass_mean": 0.9790145128965377,
        "ood_mass_mean": 0.9325732999240115
      },
      "r=1": {
        "auroc": 0.9500000000000001,
        "id_cos_mean": 0.5715360820293427,
        "id_cos_std": 0.06207919265578878,
        "ood_cos_mean": 0.719861525297165,
        "ood_cos_std": 0.07886996821599307,
        "id_mass_mean": 0.9628911677382088,
        "ood_mass_mean": 0.8943750268779695
      },
      "r=2": {
        "auroc": 0.8300000000000001,
        "id_cos_mean": 0.6757861137390136,
        "id_cos_std": 0.08057866653807537,
        "ood_cos_mean": 0.7719977922737599,
        "ood_cos_std": 0.0782793189798366,
        "id_mass_mean": 0.9156343041549138,
        "ood_mass_mean": 0.8733875039382838
      },
      "r=3": {
        "auroc": 0.72,
        "id_cos_mean": 0.7231080114841462,
        "id_cos_std": 0.03907661789181756,
        "ood_cos_mean": 0.7530528590083122,
        "ood_cos_std": 0.03697184042897497,
        "id_mass_mean": 0.8723407395450133,
        "ood_mass_mean": 0.8172470575597668
      },
      "r=5": {
        "auroc": 0.39,
        "id_cos_mean": 0.7623216822743416,
        "id_cos_std": 0.04731132891427842,
        "ood_cos_mean": 0.7440778017044067,
        "ood_cos_std": 0.08196985703113298,
        "id_mass_mean": 0.8985097889844578,
        "ood_mass_mean": 0.8919935680659755
      }
    },
    "brightness": {
      "1.0x": {
        "auroc": 0.92,
        "id_cos_mean": 0.5197496056556702,
        "id_cos_std": 0.1311430856509084,
        "ood_cos_mean": 0.7480486065149308,
        "ood_cos_std": 0.08304367671528654,
        "id_mass_mean": 0.9790145128965377,
        "ood_mass_mean": 0.9325732999240115
      },
      "0.5x": {
        "auroc": 0.65,
        "id_cos_mean": 0.7061278820037842,
        "id_cos_std": 0.10216455534434436,
        "ood_cos_mean": 0.7764881804585457,
        "ood_cos_std": 0.04045127852191866,
        "id_mass_mean": 0.8619122192841523,
        "ood_mass_mean": 0.9469272498565259
      },
      "0.3x": {
        "auroc": 0.77,
        "id_cos_mean": 0.7249682009220123,
        "id_cos_std": 0.0687094976126368,
        "ood_cos_mean": 0.7736987352371216,
        "ood_cos_std": 0.03568637822127466,
        "id_mass_mean": 0.9037906599896296,
        "ood_mass_mean": 0.9041294309953367
      },
      "1.5x": {
        "auroc": 0.8599999999999999,
        "id_cos_mean": 0.5999701172113419,
        "id_cos_std": 0.14821281354963856,
        "ood_cos_mean": 0.7596035525202751,
        "ood_cos_std": 0.06918842913633856,
        "id_mass_mean": 0.9615881089653288,
        "ood_mass_mean": 0.9304951471409627
      },
      "2.0x": {
        "auroc": 0.9,
        "id_cos_mean": 0.7293724343180656,
        "id_cos_std": 0.05028577334749559,
        "ood_cos_mean": 0.8179600030183792,
        "ood_cos_std": 0.04259151105213376,
        "id_mass_mean": 0.9092896471066135,
        "ood_mass_mean": 0.9520767020094614
      }
    },
    "jpeg": {
      "q95": {
        "auroc": 0.92,
        "id_cos_mean": 0.49751815795898435,
        "id_cos_std": 0.13735108679093258,
        "ood_cos_mean": 0.7396726295351982,
        "ood_cos_std": 0.08784498708147223,
        "id_mass_mean": 0.9684655700411116,
        "ood_mass_mean": 0.9189365870186261
      },
      "q50": {
        "auroc": 0.88,
        "id_cos_mean": 0.5679564744234085,
        "id_cos_std": 0.09195460765007614,
        "ood_cos_mean": 0.7272548973560333,
        "ood_cos_std": 0.1078066040331373,
        "id_mass_mean": 0.9683595641649194,
        "ood_mass_mean": 0.9158626446134545
      },
      "q20": {
        "auroc": 0.9,
        "id_cos_mean": 0.557445615530014,
        "id_cos_std": 0.13478589989868475,
        "ood_cos_mean": 0.762842683494091,
        "ood_cos_std": 0.07535723591514917,
        "id_mass_mean": 0.9852203513894763,
        "ood_mass_mean": 0.9366189594779696
      },
      "q5": {
        "auroc": 0.95,
        "id_cos_mean": 0.5626613274216652,
        "id_cos_std": 0.06888369250202632,
        "ood_cos_mean": 0.7804628014564514,
        "ood_cos_std": 0.059874338053140685,
        "id_mass_mean": 0.9948884555271695,
        "ood_mass_mean": 0.94182924585683
      },
      "q1": {
        "auroc": 0.6799999999999999,
        "id_cos_mean": 0.7026972606778145,
        "id_cos_std": 0.060273183272495374,
        "ood_cos_mean": 0.7268834412097931,
        "ood_cos_std": 0.07956939001940051,
        "id_mass_mean": 0.8917575699410267,
        "ood_mass_mean": 0.8541696631981592
      }
    },
    "gauss_noise": {
      "\u03c3=0": {
        "auroc": 0.92,
        "id_cos_mean": 0.5197496056556702,
        "id_cos_std": 0.1311430856509084,
        "ood_cos_mean": 0.7480486065149308,
        "ood_cos_std": 0.08304367671528654,
        "id_mass_mean": 0.9790145128965377,
        "ood_mass_mean": 0.9325732999240115
      },
      "\u03c3=10": {
        "auroc": 0.9400000000000001,
        "id_cos_mean": 0.5155909329652786,
        "id_cos_std": 0.14070778975374057,
        "ood_cos_mean": 0.7583455093204975,
        "ood_cos_std": 0.09186501651519173,
        "id_mass_mean": 0.9433396953025035,
        "ood_mass_mean": 0.9309346950147301
      },
      "\u03c3=25": {
        "auroc": 0.9600000000000001,
        "id_cos_mean": 0.7595164999365807,
        "id_cos_std": 0.0423598294333909,
        "ood_cos_mean": 0.8626598380506039,
        "ood_cos_std": 0.038752225076403524,
        "id_mass_mean": 0.8996024043964488,
        "ood_mass_mean": 0.9173793509602547
      },
      "\u03c3=50": {
        "auroc": 0.5800000000000001,
        "id_cos_mean": 0.6942108526825905,
        "id_cos_std": 0.08822406383031796,
        "ood_cos_mean": 0.7195687413215637,
        "ood_cos_std": 0.07760680953599962,
        "id_mass_mean": 0.9380435910855468,
        "ood_mass_mean": 0.9180081053503922
      },
      "\u03c3=100": {
        "auroc": 0.8400000000000001,
        "id_cos_mean": 0.7451907128095627,
        "id_cos_std": 0.02541311001653751,
        "ood_cos_mean": 0.7938030675053597,
        "ood_cos_std": 0.036686738429992566,
        "id_mass_mean": 0.8447446904012134,
        "ood_mass_mean": 0.9250923379191329
      }
    }
  }
}