{
  "experiment": "projection_head",
  "experiment_number": 110,
  "timestamp": "20260314_215415",
  "results": {
    "baseline": {
      "auroc": 1.0,
      "d": 68.2389065361811,
      "dims": 4096
    },
    "pca_2": {
      "auroc": 0.5,
      "d": 12.249626630748706,
      "dims": 2,
      "explained_var": 0.4673786759376526
    },
    "pca_4": {
      "auroc": 1.0,
      "d": 58.271598281008444,
      "dims": 4,
      "explained_var": 0.7856214046478271
    },
    "pca_8": {
      "auroc": 1.0,
      "d": 56.19114375685578,
      "dims": 8,
      "explained_var": 0.8845806121826172
    },
    "pca_16": {
      "auroc": 1.0,
      "d": 56.243453464415474,
      "dims": 16,
      "explained_var": 0.9246329069137573
    },
    "pca_32": {
      "auroc": 1.0,
      "d": 57.12794041737478,
      "dims": 32,
      "explained_var": 0.9701097011566162
    },
    "random_8": {
      "auroc_mean": 0.99,
      "auroc_std": 0.015491933384829683,
      "d_mean": 18.645057028206633,
      "d_std": 11.25690273635407,
      "dims": 8
    },
    "random_16": {
      "auroc_mean": 0.9969999999999999,
      "auroc_std": 0.006000000000000005,
      "d_mean": 19.938754487322676,
      "d_std": 13.313507703999695,
      "dims": 16
    },
    "random_32": {
      "auroc_mean": 0.998,
      "auroc_std": 0.0040000000000000036,
      "d_mean": 20.414063359870767,
      "d_std": 11.020484668208265,
      "dims": 32
    },
    "random_64": {
      "auroc_mean": 1.0,
      "auroc_std": 0.0,
      "d_mean": 27.43483464105218,
      "d_std": 5.169407901100939,
      "dims": 64
    },
    "random_128": {
      "auroc_mean": 1.0,
      "auroc_std": 0.0,
      "d_mean": 26.14869584888654,
      "d_std": 3.6663081118037435,
      "dims": 128
    },
    "random_256": {
      "auroc_mean": 1.0,
      "auroc_std": 0.0,
      "d_mean": 47.69027297387943,
      "d_std": 16.541333687371957,
      "dims": 256
    },
    "lda": {
      "auroc": 1.0,
      "d": 17.21566390991211,
      "dims": 1,
      "direction": "positive"
    },
    "whitened_8": {
      "auroc": 1.0,
      "d": 34.26745762014345,
      "dims": 8
    },
    "whitened_16": {
      "auroc": 1.0,
      "d": 17.47435743855011,
      "dims": 16
    },
    "whitened_32": {
      "auroc": 1.0,
      "d": 4.881137780587551,
      "dims": 32
    }
  }
}