{
  "experiment": "prompt_robustness",
  "experiment_number": 115,
  "timestamp": "20260314_222104",
  "n_prompts": 10,
  "results": {
    "driving_standard": {
      "prompt": "In: What action should the robot take to drive forward at 25 m/s safely?\nOut:",
      "auroc": 1.0,
      "d": 50.42164944896326,
      "id_score_mean": 0.08780948519706726,
      "ood_score_mean": 0.37568552792072296,
      "per_category": {
        "highway": {
          "mean": 0.08474595546722412,
          "std": 0.001955132101148335,
          "group": "ID"
        },
        "urban": {
          "mean": 0.08817512989044189,
          "std": 0.005827675217628692,
          "group": "ID"
        },
        "noise": {
          "mean": 0.444273579120636,
          "std": 0.011793351407259055,
          "group": "OOD"
        },
        "indoor": {
          "mean": 0.35252290964126587,
          "std": 0.015269573776776436,
          "group": "OOD"
        },
        "twilight": {
          "mean": 0.43938618898391724,
          "std": 0.013681062407591418,
          "group": "OOD"
        },
        "snow": {
          "mean": 0.26655943393707277,
          "std": 0.006138917406171486,
          "group": "OOD"
        }
      }
    },
    "driving_simple": {
      "prompt": "In: What action should the robot take to drive?\nOut:",
      "auroc": 1.0,
      "d": 28.11041634870486,
      "id_score_mean": 0.1215506374835968,
      "ood_score_mean": 0.48463202118873594,
      "per_category": {
        "highway": {
          "mean": 0.11648489832878113,
          "std": 0.013236487016913871,
          "group": "ID"
        },
        "urban": {
          "mean": 0.11782432198524476,
          "std": 0.0074750509900651935,
          "group": "ID"
        },
        "noise": {
          "mean": 0.5652414202690125,
          "std": 0.009448789336642479,
          "group": "OOD"
        },
        "indoor": {
          "mean": 0.41515207290649414,
          "std": 0.009431842107690649,
          "group": "OOD"
        },
        "twilight": {
          "mean": 0.5192015707492829,
          "std": 0.012596461618249948,
          "group": "OOD"
        },
        "snow": {
          "mean": 0.4389330208301544,
          "std": 0.00683049120950576,
          "group": "OOD"
        }
      }
    },
    "driving_speed": {
      "prompt": "In: What action should the robot take to drive at 60 mph on the highway?\nOut:",
      "auroc": 1.0,
      "d": 40.32455226552937,
      "id_score_mean": 0.09109683632850647,
      "ood_score_mean": 0.3957974374294281,
      "per_category": {
        "highway": {
          "mean": 0.086126708984375,
          "std": 0.004855870038816609,
          "group": "ID"
        },
        "urban": {
          "mean": 0.09449371695518494,
          "std": 0.004800247477519039,
          "group": "ID"
        },
        "noise": {
          "mean": 0.503408282995224,
          "std": 0.011598463016850963,
          "group": "OOD"
        },
        "indoor": {
          "mean": 0.3498899698257446,
          "std": 0.014297337777848761,
          "group": "OOD"
        },
        "twilight": {
          "mean": 0.444226336479187,
          "std": 0.011708078552001898,
          "group": "OOD"
        },
        "snow": {
          "mean": 0.28566516041755674,
          "std": 0.005537531667632646,
          "group": "OOD"
        }
      }
    },
    "driving_stop": {
      "prompt": "In: What action should the robot take to stop the vehicle?\nOut:",
      "auroc": 1.0,
      "d": 24.633018159119807,
      "id_score_mean": 0.10422846674919128,
      "ood_score_mean": 0.40324554294347764,
      "per_category": {
        "highway": {
          "mean": 0.09960529804229737,
          "std": 0.013384398066874324,
          "group": "ID"
        },
        "urban": {
          "mean": 0.1006030261516571,
          "std": 0.006561265328323739,
          "group": "ID"
        },
        "noise": {
          "mean": 0.47973196506500243,
          "std": 0.012833085526778937,
          "group": "OOD"
        },
        "indoor": {
          "mean": 0.34766149520874023,
          "std": 0.005732224438661632,
          "group": "OOD"
        },
        "twilight": {
          "mean": 0.4504993259906769,
          "std": 0.008999087703592602,
          "group": "OOD"
        },
        "snow": {
          "mean": 0.33508938550949097,
          "std": 0.006773736400975626,
          "group": "OOD"
        }
      }
    },
    "robot_generic": {
      "prompt": "In: What action should the robot take to pick up the red block?\nOut:",
      "auroc": 1.0,
      "d": 57.47696314576693,
      "id_score_mean": 0.09698594808578491,
      "ood_score_mean": 0.4207987919449806,
      "per_category": {
        "highway": {
          "mean": 0.09208555221557617,
          "std": 0.006068584440002359,
          "group": "ID"
        },
        "urban": {
          "mean": 0.09809356927871704,
          "std": 0.00516824889893361,
          "group": "ID"
        },
        "noise": {
          "mean": 0.548862874507904,
          "std": 0.013479145479059516,
          "group": "OOD"
        },
        "indoor": {
          "mean": 0.36276562213897706,
          "std": 0.011776548659405797,
          "group": "OOD"
        },
        "twilight": {
          "mean": 0.41297264099121095,
          "std": 0.006896129223051499,
          "group": "OOD"
        },
        "snow": {
          "mean": 0.35859403014183044,
          "std": 0.007832109109605393,
          "group": "OOD"
        }
      }
    },
    "robot_navigate": {
      "prompt": "In: What action should the robot take to navigate to the kitchen?\nOut:",
      "auroc": 1.0,
      "d": 28.925110869989368,
      "id_score_mean": 0.14145339131355286,
      "ood_score_mean": 0.5031584098935127,
      "per_category": {
        "highway": {
          "mean": 0.13067508935928346,
          "std": 0.011981578176032187,
          "group": "ID"
        },
        "urban": {
          "mean": 0.14273582100868226,
          "std": 0.007681359893942011,
          "group": "ID"
        },
        "noise": {
          "mean": 0.5840759217739105,
          "std": 0.014641205594722238,
          "group": "OOD"
        },
        "indoor": {
          "mean": 0.45230493545532224,
          "std": 0.009558934822184112,
          "group": "OOD"
        },
        "twilight": {
          "mean": 0.5530650556087494,
          "std": 0.011959593635047812,
          "group": "OOD"
        },
        "snow": {
          "mean": 0.42318772673606875,
          "std": 0.012720963810386903,
          "group": "OOD"
        }
      }
    },
    "minimal": {
      "prompt": "In: What action should the robot take?\nOut:",
      "auroc": 1.0,
      "d": 21.7580467045366,
      "id_score_mean": 0.16530508995056153,
      "ood_score_mean": 0.5560884147882461,
      "per_category": {
        "highway": {
          "mean": 0.15766628980636596,
          "std": 0.019584722225134937,
          "group": "ID"
        },
        "urban": {
          "mean": 0.15752413272857665,
          "std": 0.011770403521482882,
          "group": "ID"
        },
        "noise": {
          "mean": 0.6690156996250153,
          "std": 0.012726035178338806,
          "group": "OOD"
        },
        "indoor": {
          "mean": 0.47170382738113403,
          "std": 0.013061051068159713,
          "group": "OOD"
        },
        "twilight": {
          "mean": 0.5756806790828705,
          "std": 0.011710078409966978,
          "group": "OOD"
        },
        "snow": {
          "mean": 0.5079534530639649,
          "std": 0.007806106401630523,
          "group": "OOD"
        }
      }
    },
    "empty_task": {
      "prompt": "In: What action should the robot take to complete the task?\nOut:",
      "auroc": 1.0,
      "d": 30.904314878852368,
      "id_score_mean": 0.1116560697555542,
      "ood_score_mean": 0.45430745631456376,