{
  "standard": {
    "clean_dists": [
      3.698332063140075e-05,
      2.858045396825215e-05,
      4.543963804226614e-05
    ],
    "fog": {
      "corrupt_dists": [
        0.003139270364264979,
        0.003134668835214849,
        0.0031268144652836227
      ],
      "mean_dist": 0.0031335845549211503,
      "auroc": 1.0
    },
    "night": {
      "corrupt_dists": [
        0.008629121066214274,
        0.008447994417245086,
        0.008585320238552296
      ],
      "mean_dist": 0.008554145240670552,
      "auroc": 1.0
    },
    "noise": {
      "corrupt_dists": [
        0.00019083404436215368,
        0.00028046169981499336,
        0.00027806973993138584
      ],
      "mean_dist": 0.0002497884947028443,
      "auroc": 1.0
    },
    "blur": {
      "corrupt_dists": [
        0.007513085177170753,
        0.006659865521785546,
        0.007294700447546987
      ],
      "mean_dist": 0.007155883715501095,
      "auroc": 1.0
    }
  },
  "short": {
    "clean_dists": [
      3.741562255099584e-05,
      4.212086420929406e-05,
      4.842303442997853e-05
    ],
    "fog": {
      "corrupt_dists": [
        0.004297701890744521,
        0.004277571999175445,
        0.00432557822987889
      ],
      "mean_dist": 0.004300284039932952,
      "auroc": 1.0
    },
    "night": {
      "corrupt_dists": [
        0.010726669639869346,
        0.010495877358611239,
        0.01058518372956152
      ],
      "mean_dist": 0.010602576909347369,
      "auroc": 1.0
    },
    "noise": {
      "corrupt_dists": [
        0.00028127933089849844,
        0.00042337131829328634,
        0.0005235514226952231
      ],
      "mean_dist": 0.00040940069062900264,
      "auroc": 1.0
    },
    "blur": {
      "corrupt_dists": [
        0.009148132564456457,
        0.008515156165452176,
        0.009203166611151503
      ],
      "mean_dist": 0.008955485113686712,
      "auroc": 1.0
    }
  },
  "verbose": {
    "clean_dists": [
      2.650210407739717e-05,
      2.3428504891453983e-05,
      2.9533998581299237e-05
    ],
    "fog": {
      "corrupt_dists": [
        0.0026119196292598845,
        0.002622074243924022,
        0.0026148390753669704
      ],
      "mean_dist": 0.002616277649516959,
      "auroc": 1.0
    },
    "night": {
      "corrupt_dists": [
        0.006738362600542169,
        0.00670744261892231,
        0.006748019597932364
      ],
      "mean_dist": 0.006731274939132281,
      "auroc": 1.0
    },
    "noise": {
      "corrupt_dists": [
        0.00012854280671326102,
        0.00022566498156584291,
        0.00019488859906346967
      ],
      "mean_dist": 0.0001830321291141912,
      "auroc": 1.0
    },
    "blur": {
      "corrupt_dists": [
        0.006146886504473148,
        0.005680612220646086,
        0.006059329964139826
      ],
      "mean_dist": 0.00596227622975302,
      "auroc": 1.0
    }
  },
  "navigate": {
    "clean_dists": [
      3.058926071597412e-05,
      3.969118812918726e-05,
      5.180450561037553e-05
    ],
    "fog": {
      "corrupt_dists": [
        0.003038091037888324,
        0.0029607580150398105,
        0.002967268482465646
      ],
      "mean_dist": 0.00298870584513126,
      "auroc": 1.0
    },
    "night": {
      "corrupt_dists": [
        0.008052441496046225,
        0.007900862562215005,
        0.008009945766262128
      ],
      "mean_dist": 0.007987749941507786,
      "auroc": 1.0
    },
    "noise": {
      "corrupt_dists": [
        0.00019158478435998827,
        0.000272972740758215,
        0.0002544685657275281
      ],
      "mean_dist": 0.00023967536361524377,
      "auroc": 1.0
    },
    "blur": {
      "corrupt_dists": [
        0.007260701341073705,
        0.006526957029051927,
        0.007039786994606723
      ],
      "mean_dist": 0.006942481788244119,
      "auroc": 1.0
    }
  },
  "place": {
    "clean_dists": [
      3.067622683006199e-05,
      3.277905660981073e-05,
      4.178142111055383e-05
    ],
    "fog": {
      "corrupt_dists": [
        0.0030615780638432177,
        0.0029524589326613837,
        0.0029970186275989352
      ],
      "mean_dist": 0.0030036852080345122,
      "auroc": 1.0
    },
    "night": {
      "corrupt_dists": [
        0.008422885933892399,
        0.008170160564745399,
        0.00837097162675815
      ],
      "mean_dist": 0.008321339375131983,
      "auroc": 1.0
    },
    "noise": {
      "corrupt_dists": [
        0.00016983120318014855,
        0.000264020654593633,
        0.00025311727700572106
      ],
      "mean_dist": 0.00022898971159316753,
      "auroc": 1.0
    },
    "blur": {
      "corrupt_dists": [
        0.007605783407467426,
        0.00668582651553129,
        0.007325610883431977
      ],
      "mean_dist": 0.0072057402688102306,
      "auroc": 1.0
    }
  },
  "minimal": {
    "clean_dists": [
      4.286755038362955e-05,
      4.1522807280536256e-05,
      4.521903445675601e-05
    ],
    "fog": {
      "corrupt_dists": [
        0.00538326538193612,
        0.00528336851387301,
        0.005360438616759389
      ],
      "mean_dist": 0.005342357504189506,
      "auroc": 1.0
    },
    "night": {
      "corrupt_dists": [
        0.013837412320222953,
        0.01360188406305507,
        0.013741643958936511
      ],
      "mean_dist": 0.01372698011407151,
      "auroc": 1.0
    },
    "noise": {
      "corrupt_dists": [
        0.0002331898668902488,
        0.00044210231798291755,
        0.00034968688336345366
      ],
      "mean_dist": 0.00034165968941220665,
      "auroc": 1.0
    },
    "blur": {
      "corrupt_dists": [
        0.01218558461147956,
        0.011298702778671177,
        0.012118692509686002
      ],
      "mean_dist": 0.011867659966612246,
      "auroc": 1.0
    }
  },
  "no_format": {
    "clean_dists": [
      9.003713971689198e-05,
      0.00010267435511635004,
      0.00013257198622618205
    ],
    "fog": {
      "corrupt_dists": [
        0.012876430515440518,
        0.012547954501358038,
        0.012561340330974669
      ],
      "mean_dist": 0.012661908449257742,
      "auroc": 1.0
    },
    "night": {
      "corrupt_dists": [
        0.02069131946502689,
        0.020462977623661116,
        0.020677244151565688
      ],
      "mean_dist": 0.02061051374675123,
      "auroc": 1.0
    },
    "noise": {
      "corrupt_dists": [
        0.0004964052524291107,
        0.0011279988502510552,
        0.0005358981350018777
      ],
      "mean_dist": 0.0007201007458940145,
      "auroc": 1.0
    },
    "blur": {
      "corrupt_dists": [
        0.02333588291445432,
        0.023637897191987944,
        0.024505408250468097
      ],
      "mean_dist": 0.02382639611897012,
      "auroc": 1.0
    }
  },
  "question_only": {
    "clean_dists": [
      6.354881713910299e-05,
      5.7525794752821824e-05,
      5.605694953025875e-05
    ],
    "fog": {
      "corrupt_dists": [
        0.008655597699575024,
        0.008649361663198296,
        0.008621064658732802
      ],
      "mean_dist": 0.008642008007168708,
      "auroc": 1.0
    },
    "night": {
      "corrupt_dists": [
        0.021042550421309536,
        0.020749181955431628,
        0.021133563269405298
      ],
      "mean_dist": 0.020975098548715487,
      "auroc": 1.0
    },
    "noise": {
      "corrupt_dists": [
        0.0003901794005709558,
        0.0006962514952351118,
        0.0006345174449355895
      ],
      "mean_dist": 0.0005736494469138856,
      "auroc": 1.0
    },
    "blur": {
      "corrupt_dists": [
        0.01781733986627554,
        0.01584637601624539,
        0.017895209408085422
      ],
      "mean_dist": 0.017186308430202118,
      "auroc": 1.0
    }
  },
  "cross_prompt": {
    "pairwise": {
      "standard_vs_verbose": 0.004234129447768797,
      "short_vs_standard": 0.017004637540383172,
      "short_vs_verbose": 0.021161030676987935,
      "navigate_vs_standard": 0.0020604175523660784,
      "navigate_vs_short": 0.018896060068236187,
      "navigate_vs_verbose": 0.0051980463523363385,