{
  "experiment": "prompt_embedding_geometry",
  "experiment_number": 135,
  "timestamp": "20260315_001730",
  "prompts": {
    "drive_forward": "In: What action should the robot take to drive forward at 25 m/s safely?\nOut:",
    "navigate": "In: What action should the robot take to navigate this road?\nOut:",
    "follow_lane": "In: What action should the robot take to follow the lane markings?\nOut:",
    "stop": "In: What action should the robot take to stop the vehicle?\nOut:",
    "turn_left": "In: What action should the robot take to turn left at the intersection?\nOut:",
    "park": "In: What action should the robot take to park the vehicle?\nOut:",
    "avoid_obstacle": "In: What action should the robot take to avoid the obstacle ahead?\nOut:",
    "reverse": "In: What action should the robot take to reverse the vehicle?\nOut:"
  },
  "results": {
    "drive_forward": {
      "n_id": 16,
      "n_ood": 16,
      "id_radius": 0.08595918864011765,
      "id_max": 0.09290343523025513,
      "ood_mean": 0.39787254482507706,
      "ood_min": 0.3352771997451782,
      "gap": 0.2423737645149231,
      "separation_ratio": 2.819637645111998,
      "auroc": 1.0,
      "d_prime": 57.68625458620779
    },
    "navigate": {
      "n_id": 16,
      "n_ood": 16,
      "id_radius": 0.11068253591656685,
      "id_max": 0.13558423519134521,
      "ood_mean": 0.4813222102820873,
      "ood_min": 0.38771283626556396,
      "gap": 0.25212860107421875,
      "separation_ratio": 2.277943839635915,
      "auroc": 1.0,
      "d_prime": 44.562071307785395
    },
    "follow_lane": {
      "n_id": 16,
      "n_ood": 16,
      "id_radius": 0.10273943468928337,
      "id_max": 0.11944162845611572,
      "ood_mean": 0.45194681733846664,
      "ood_min": 0.37161511182785034,
      "gap": 0.2521734833717346,
      "separation_ratio": 2.4544955292866626,
      "auroc": 1.0,
      "d_prime": 47.75131912351435
    },
    "stop": {
      "n_id": 16,
      "n_ood": 16,
      "id_radius": 0.09981470927596092,
      "id_max": 0.11012798547744751,
      "ood_mean": 0.42009003832936287,
      "ood_min": 0.34020137786865234,
      "gap": 0.23007339239120483,
      "separation_ratio": 2.3050048818417443,
      "auroc": 1.0,
      "d_prime": 49.41364576722281
    },
    "turn_left": {
      "n_id": 16,
      "n_ood": 16,
      "id_radius": 0.11333325505256653,
      "id_max": 0.12903517484664917,
      "ood_mean": 0.4680768512189388,
      "ood_min": 0.3920760750770569,
      "gap": 0.2630409002304077,
      "separation_ratio": 2.3209507207421893,
      "auroc": 1.0,
      "d_prime": 32.73439295103053
    },
    "park": {
      "n_id": 16,
      "n_ood": 16,
      "id_radius": 0.09866288676857948,
      "id_max": 0.10857301950454712,
      "ood_mean": 0.44114650413393974,
      "ood_min": 0.36286360025405884,
      "gap": 0.2542905807495117,
      "separation_ratio": 2.5773681352769535,
      "auroc": 1.0,
      "d_prime": 67.40409708427791
    },
    "avoid_obstacle": {
      "n_id": 16,
      "n_ood": 16,
      "id_radius": 0.10346921533346176,
      "id_max": 0.12302219867706299,
      "ood_mean": 0.449030801653862,
      "ood_min": 0.3898921608924866,
      "gap": 0.2668699622154236,
      "separation_ratio": 2.579220892875528,
      "auroc": 1.0,
      "d_prime": 46.128509010148846
    },
    "reverse": {
      "n_id": 16,
      "n_ood": 16,
      "id_radius": 0.10104317963123322,
      "id_max": 0.11848592758178711,
      "ood_mean": 0.45079681649804115,
      "ood_min": 0.3895314335823059,
      "gap": 0.2710455060005188,
      "separation_ratio": 2.6824720552290438,
      "auroc": 1.0,
      "d_prime": 53.10720604771956
    }
  },
  "centroid_similarity": [
    [
      1.0,
      0.5396084785461426,
      0.6220923662185669,
      0.5249888300895691,
      0.5283700823783875,
      0.5058092474937439,
      0.6102339625358582,
      0.5305234789848328
    ],
    [
      0.5396084785461426,
      1.0,
      0.6838030219078064,
      0.5859940648078918,
      0.5540794134140015,
      0.5812913179397583,
      0.6571140289306641,
      0.6011415123939514
    ],
    [
      0.6220923662185669,
      0.6838030219078064,
      1.0000001192092896,
      0.5877933502197266,
      0.605900228023529,
      0.5966223478317261,
      0.7038982510566711,
      0.6133067607879639
    ],
    [
      0.5249888300895691,
      0.5859940648078918,
      0.5877933502197266,
      1.0000001192092896,
      0.5417353510856628,
      0.8539271354675293,
      0.6230213046073914,
      0.8417508006095886
    ],
    [
      0.5283700823783875,
      0.5540794134140015,
      0.605900228023529,
      0.5417353510856628,
      0.9999998807907104,
      0.5252719521522522,
      0.591073751449585,
      0.5642611980438232
    ],
    [
      0.5058092474937439,
      0.5812913179397583,
      0.5966223478317261,
      0.8539271354675293,
      0.5252719521522522,
      1.0000001192092896,
      0.6005808711051941,
      0.8191846013069153
    ],
    [
      0.6102339625358582,
      0.6571140289306641,
      0.7038982510566711,
      0.6230213046073914,
      0.591073751449585,
      0.6005808711051941,
      1.0,
      0.6411271691322327
    ],
    [
      0.5305234789848328,
      0.6011415123939514,
      0.6133067607879639,
      0.8417508006095886,
      0.5642611980438232,
      0.8191846013069153,
      0.6411271691322327,
      1.0
    ]
  ],
  "prompt_names": [
    "drive_forward",
    "navigate",
    "follow_lane",
    "stop",
    "turn_left",
    "park",
    "avoid_obstacle",
    "reverse"
  ]
}