{
  "rain": {
    "distances": {
      "0.25": 2.5928020477294922e-05,
      "0.5": 0.00017249584197998047,
      "0.75": 0.0010628104209899902,
      "1.0": 0.001799941062927246
    },
    "auroc": 1.0,
    "detected_all": true,
    "max_distance": 0.001799941062927246,
    "min_distance": 2.5928020477294922e-05
  },
  "glare": {
    "distances": {
      "0.25": 0.00026345252990722656,
      "0.5": 0.0011491775512695312,
      "0.75": 0.0012024641036987305,
      "1.0": 0.001352846622467041
    },
    "auroc": 1.0,
    "detected_all": true,
    "max_distance": 0.001352846622467041,
    "min_distance": 0.00026345252990722656
  },
  "dust": {
    "distances": {
      "0.25": 2.8073787689208984e-05,
      "0.5": 0.0002466440200805664,
      "0.75": 0.0003400444984436035,
      "1.0": 0.0006029009819030762
    },
    "auroc": 1.0,
    "detected_all": true,
    "max_distance": 0.0006029009819030762,
    "min_distance": 2.8073787689208984e-05
  },
  "motion_blur": {
    "distances": {
      "0.25": 0.000568091869354248,
      "0.5": 0.0009537935256958008,
      "0.75": 0.0010815262794494629,
      "1.0": 0.0012835264205932617
    },
    "auroc": 1.0,
    "detected_all": true,
    "max_distance": 0.0012835264205932617,
    "min_distance": 0.000568091869354248
  },
  "shadow": {
    "distances": {
      "0.25": 0.002164125442504883,
      "0.5": 0.0011041760444641113,
      "0.75": 0.0016348958015441895,
      "1.0": 0.0019855499267578125
    },
    "auroc": 1.0,
    "detected_all": true,
    "max_distance": 0.002164125442504883,
    "min_distance": 0.0011041760444641113
  },
  "frost": {
    "distances": {
      "0.25": 0.0001278519630432129,
      "0.5": 0.0007760524749755859,
      "0.75": 0.0014976263046264648,
      "1.0": 0.002250194549560547
    },
    "auroc": 1.0,
    "detected_all": true,
    "max_distance": 0.002250194549560547,
    "min_distance": 0.0001278519630432129
  },
  "occlusion": {
    "distances": {
      "0.25": 0.0008872747421264648,
      "0.5": 0.0009618401527404785,
      "0.75": 0.00112152099609375,
      "1.0": 0.001327812671661377
    },
    "auroc": 1.0,
    "detected_all": true,
    "max_distance": 0.001327812671661377,
    "min_distance": 0.0008872747421264648
  },
  "warm_temp": {
    "distances": {
      "0.25": 7.152557373046875e-06,
      "0.5": 2.4259090423583984e-05,
      "0.75": 4.285573959350586e-05,
      "1.0": 0.0001004934310913086
    },
    "auroc": 1.0,
    "detected_all": true,
    "max_distance": 0.0001004934310913086,
    "min_distance": 7.152557373046875e-06
  },
  "cool_temp": {
    "distances": {
      "0.25": 9.715557098388672e-06,
      "0.5": 3.1888484954833984e-05,
      "0.75": 6.020069122314453e-05,
      "1.0": 8.90493392944336e-05
    },
    "auroc": 1.0,
    "detected_all": true,
    "max_distance": 8.90493392944336e-05,
    "min_distance": 9.715557098388672e-06
  },
  "hdr_clip": {
    "distances": {
      "0.25": 0.00037348270416259766,
      "0.5": 0.0005438327789306641,
      "0.75": 0.001123964786529541,
      "1.0": 0.0016908049583435059
    },
    "auroc": 1.0,
    "detected_all": true,
    "max_distance": 0.0016908049583435059,
    "min_distance": 0.00037348270416259766
  },
  "multi_scene": {
    "seed_0": {
      "rain": 0.00024509429931640625,
      "glare": 0.0013576745986938477,
      "frost": 0.0008022189140319824,
      "motion_blur": 0.0009944438934326172,
      "shadow": 0.0013788342475891113
    },
    "seed_42": {
      "rain": 0.00017136335372924805,
      "glare": 0.0014628767967224121,
      "frost": 0.0008099079132080078,
      "motion_blur": 0.0009617209434509277,
      "shadow": 0.0013372302055358887
    },
    "seed_99": {
      "rain": 0.0003986358642578125,
      "glare": 0.0013504624366760254,
      "frost": 0.0007531642913818359,
      "motion_blur": 0.0009188652038574219,
      "shadow": 0.0012349486351013184
    },
    "seed_123": {
      "rain": 0.00031059980392456055,
      "glare": 0.001291036605834961,
      "frost": 0.0007529854774475098,
      "motion_blur": 0.0010107755661010742,
      "shadow": 0.0012288093566894531
    },
    "seed_777": {
      "rain": 0.00019484758377075195,
      "glare": 0.001192629337310791,
      "frost": 0.0008009672164916992,
      "motion_blur": 0.0009801983833312988,
      "shadow": 0.0011494159698486328
    }
  },
  "composite": {
    "rain_night": 0.0038269758224487305,
    "glare_motion": 0.002251923084259033,
    "frost_shadow": 0.001627206802368164,
    "dust_warm": 0.0002646446228027344
  }
}