{
  "experiment": "recovery",
  "experiment_number": 239,
  "timestamp": "20260315_072046",
  "layer": 3,
  "stream_structure": "5 clean + 10 corrupt + 5 recovery + 10 recovered",
  "results": {
    "fog": {
      "distances": [
        0.0,
        1.67e-06,
        3.52e-06,
        5.19e-06,
        6.62e-06,
        0.00074416,
        0.00073385,
        0.00071979,
        0.00076413,
        0.00075054,
        0.00079781,
        0.00077504,
        0.00075775,
        0.00081414,
        0.00078237,
        0.00060135,
        0.00044471,
        0.00029886,
        0.00018078,
        0.0001083,
        0.00012153,
        0.00013059,
        0.00014091,
        0.00015283,
        0.00016093,
        0.00017166,
        0.00019413,
        0.00019783,
        0.00020862,
        0.00022846
      ],
      "clean_max": 6.62e-06,
      "corrupt_mean": 0.00076396,
      "recovered_max": 0.00022846,
      "recovered_mean": 0.00017075,
      "recovery_complete": false
    },
    "night": {
      "distances": [
        0.0,
        1.67e-06,
        3.52e-06,
        5.19e-06,
        6.62e-06,
        0.00346839,
        0.00340843,
        0.00341308,
        0.00344342,
        0.00352806,
        0.00350487,
        0.00343508,
        0.00342298,
        0.00337458,
        0.00342298,
        0.00241983,
        0.0013938,
        0.00060982,
        8.863e-05,
        0.0001083,
        0.00012153,
        0.00013059,
        0.00014091,
        0.00015283,
        0.00016093,
        0.00017166,
        0.00019413,
        0.00019783,
        0.00020862,
        0.00022846
      ],
      "clean_max": 6.62e-06,
      "corrupt_mean": 0.00344219,
      "recovered_max": 0.00022846,
      "recovered_mean": 0.00017075,
      "recovery_complete": false
    },
    "noise": {
      "distances": [
        0.0,
        1.67e-06,
        3.52e-06,
        5.19e-06,
        6.62e-06,
        0.00305849,
        0.00324953,
        0.00308883,
        0.00311053,
        0.00293559,
        0.00289357,
        0.00310373,
        0.00326729,
        0.00250173,
        0.0028497,
        0.00222254,
        0.00122416,
        0.00072122,
        0.00036973,
        0.0001083,
        0.00012153,
        0.00013059,
        0.00014091,
        0.00015283,
        0.00016093,
        0.00017166,
        0.00019413,
        0.00019783,
        0.00020862,
        0.00022846
      ],
      "clean_max": 6.62e-06,
      "corrupt_mean": 0.0030059,
      "recovered_max": 0.00022846,
      "recovered_mean": 0.00017075,
      "recovery_complete": false
    }
  }
}