{
  "experiment": "resolution_sensitivity",
  "experiment_number": 206,
  "timestamp": "20260315_050921",
  "resolutions": [
    [
      64,
      64
    ],
    [
      128,
      128
    ],
    [
      224,
      224
    ],
    [
      256,
      256
    ],
    [
      384,
      384
    ],
    [
      512,
      512
    ]
  ],
  "results": {
    "64x64": {
      "fog": {
        "L1": {
          "auroc": 1.0,
          "separation": 2.940368782077754
        },
        "L3": {
          "auroc": 1.0,
          "separation": 2.3718092099417554
        },
        "L32": {
          "auroc": 1.0,
          "separation": 1.3315064128518714
        }
      },
      "night": {
        "L1": {
          "auroc": 1.0,
          "separation": 9.59938631879879
        },
        "L3": {
          "auroc": 1.0,
          "separation": 7.86587032956931
        },
        "L32": {
          "auroc": 1.0,
          "separation": 3.132699723232122
        }
      },
      "noise": {
        "L1": {
          "auroc": 1.0,
          "separation": 7.242992896554494
        },
        "L3": {
          "auroc": 1.0,
          "separation": 11.469434325749456
        },
        "L32": {
          "auroc": 1.0,
          "separation": 3.3091293624308253
        }
      },
      "overall": {
        "L1": 1.0,
        "L3": 1.0,
        "L32": 1.0
      }
    },
    "128x128": {
      "fog": {
        "L1": {
          "auroc": 1.0,
          "separation": 2.5808608611647643
        },
        "L3": {
          "auroc": 1.0,
          "separation": 2.432016166138805
        },
        "L32": {
          "auroc": 0.9444444444444444,
          "separation": 1.4608982078587631
        }
      },
      "night": {
        "L1": {
          "auroc": 1.0,
          "separation": 8.908675879925976
        },
        "L3": {
          "auroc": 1.0,
          "separation": 8.722097972748964
        },
        "L32": {
          "auroc": 1.0,
          "separation": 3.713992624565732
        }
      },
      "noise": {
        "L1": {
          "auroc": 1.0,
          "separation": 5.672964596134552
        },
        "L3": {
          "auroc": 1.0,
          "separation": 8.463796744410853
        },
        "L32": {
          "auroc": 1.0,
          "separation": 3.2921228503657947
        }
      },
      "overall": {
        "L1": 1.0,
        "L3": 1.0,
        "L32": 0.9814814814814815
      }
    },
    "224x224": {
      "fog": {
        "L1": {
          "auroc": 1.0,
          "separation": 3.133032482754286
        },
        "L3": {
          "auroc": 1.0,
          "separation": 2.6558611960402088
        },
        "L32": {
          "auroc": 1.0,
          "separation": 1.4705076353220696
        }
      },
      "night": {
        "L1": {
          "auroc": 1.0,
          "separation": 10.671226959206479
        },
        "L3": {
          "auroc": 1.0,
          "separation": 9.422266923482466
        },
        "L32": {
          "auroc": 1.0,
          "separation": 3.782089795581029
        }
      },
      "noise": {
        "L1": {
          "auroc": 1.0,
          "separation": 5.625391045142039
        },
        "L3": {
          "auroc": 1.0,
          "separation": 5.214977666961196
        },
        "L32": {
          "auroc": 1.0,
          "separation": 2.9104527427862608
        }
      },
      "overall": {
        "L1": 1.0,
        "L3": 1.0,
        "L32": 1.0
      }
    },
    "256x256": {
      "fog": {
        "L1": {
          "auroc": 1.0,
          "separation": 2.7002124502016835
        },
        "L3": {
          "auroc": 1.0,
          "separation": 2.5326042938265756
        },
        "L32": {
          "auroc": 1.0,
          "separation": 1.4714957876156318
        }
      },
      "night": {
        "L1": {
          "auroc": 1.0,
          "separation": 9.279085914099614
        },
        "L3": {
          "auroc": 1.0,
          "separation": 9.189900707028489
        },
        "L32": {
          "auroc": 1.0,
          "separation": 3.8366044942855533
        }
      },
      "noise": {
        "L1": {
          "auroc": 1.0,
          "separation": 5.134756594216455
        },
        "L3": {
          "auroc": 1.0,
          "separation": 5.3115864811922995
        },
        "L32": {
          "auroc": 1.0,
          "separation": 2.6659626071765103
        }
      },
      "overall": {
        "L1": 1.0,
        "L3": 1.0,
        "L32": 1.0
      }
    },
    "384x384": {
      "fog": {
        "L1": {
          "auroc": 1.0,
          "separation": 2.590793348721966
        },
        "L3": {
          "auroc": 1.0,
          "separation": 2.5191393588224567
        },
        "L32": {
          "auroc": 1.0,
          "separation": 1.5188795454050112
        }
      },
      "night": {
        "L1": {
          "auroc": 1.0,
          "separation": 8.665910713256785
        },
        "L3": {
          "auroc": 1.0,
          "separation": 9.032112081272325
        },
        "L32": {
          "auroc": 1.0,
          "separation": 3.828019439960168
        }
      },
      "noise": {
        "L1": {
          "auroc": 1.0,
          "separation": 4.754767883043579
        },
        "L3": {
          "auroc": 1.0,
          "separation": 4.091838912990586
        },
        "L32": {
          "auroc": 1.0,
          "separation": 2.303500091229387
        }
      },
      "overall": {
        "L1": 1.0,
        "L3": 1.0,
        "L32": 1.0
      }
    },
    "512x512": {
      "fog": {
        "L1": {
          "auroc": 1.0,
          "separation": 2.7169723603884846
        },
        "L3": {
          "auroc": 1.0,
          "separation": 2.417991171384769
        },
        "L32": {
          "auroc": 1.0,
          "separation": 1.7132141655688917
        }
      },
      "night": {
        "L1": {
          "auroc": 1.0,
          "separation": 9.108000457544177
        },
        "L3": {
          "auroc": 1.0,
          "separation": 9.118259299585656
        },
        "L32": {
          "auroc": 1.0,
          "separation": 4.546998826055892
        }
      },
      "noise": {
        "L1": {
          "auroc": 1.0,
          "separation": 3.90893868783135
        },
        "L3": {
          "auroc": 1.0,
          "separation": 2.969852476267101
        },
        "L32": {
          "auroc": 1.0,
          "separation": 2.1572946433843248
        }
      },
      "overall": {
        "L1": 1.0,
        "L3": 1.0,
        "L32": 1.0
      }
    }
  }
}