{
  "loo_cv": {
    "fog": {
      "mean_auroc": 1.0,
      "min_auroc": 1.0,
      "std_auroc": 0.0,
      "all_perfect": true,
      "mean_gap": 0.0009054362773895264,
      "min_gap": 0.0008120536804199219
    },
    "night": {
      "mean_auroc": 1.0,
      "min_auroc": 1.0,
      "std_auroc": 0.0,
      "all_perfect": true,
      "mean_gap": 0.001962842543919881,
      "min_gap": 0.0017921924591064453
    },
    "noise": {
      "mean_auroc": 0.9755555555555555,
      "min_auroc": 0.9,
      "std_auroc": 0.030951973949298037,
      "all_perfect": false,
      "mean_gap": 7.428725560506185e-06,
      "min_gap": -3.0219554901123047e-05
    },
    "blur": {
      "mean_auroc": 1.0,
      "min_auroc": 1.0,
      "std_auroc": 0.0,
      "all_perfect": true,
      "mean_gap": 0.004888653755187988,
      "min_gap": 0.004401862621307373
    }
  },
  "bootstrap": {
    "fog": {
      "auroc_mean": 1.0,
      "auroc_ci_lower": 1.0,
      "auroc_ci_upper": 1.0,
      "gap_mean": 0.0008255022764205932,
      "gap_ci_lower": 0.0008145570755004883,
      "gap_ci_upper": 0.0008588433265686035,
      "gap_positive_fraction": 1.0
    },
    "night": {
      "auroc_mean": 1.0,
      "auroc_ci_lower": 1.0,
      "auroc_ci_upper": 1.0,
      "gap_mean": 0.0018024510145187378,
      "gap_ci_lower": 0.0017889738082885742,
      "gap_ci_upper": 0.001839756965637207,
      "gap_positive_fraction": 1.0
    },
    "noise": {
      "auroc_mean": 0.9744211111111111,
      "auroc_ci_lower": 0.9288611111111111,
      "auroc_ci_upper": 1.0,
      "gap_mean": -2.0098567008972167e-05,
      "gap_ci_lower": -3.069639205932617e-05,
      "gap_ci_upper": 1.3589859008789062e-05,
      "gap_positive_fraction": 0.058
    },
    "blur": {
      "auroc_mean": 1.0,
      "auroc_ci_lower": 1.0,
      "auroc_ci_upper": 1.0,
      "gap_mean": 0.0044375589489936825,
      "gap_ci_lower": 0.004400968551635742,
      "gap_ci_upper": 0.004513084888458252,
      "gap_positive_fraction": 1.0
    }
  },
  "hoeffding": {
    "fog_eps_0.01": {
      "p_hat": 1.0,
      "n": 30,
      "epsilon": 0.01,
      "bound": 1.9880359281078706,
      "confidence": -0.9880359281078706,
      "lower_bound_on_p": 0.99
    },
    "fog_eps_0.05": {
      "p_hat": 1.0,
      "n": 30,
      "epsilon": 0.05,
      "bound": 1.7214159528501156,
      "confidence": -0.7214159528501156,
      "lower_bound_on_p": 0.95
    },
    "fog_eps_0.1": {
      "p_hat": 1.0,
      "n": 30,
      "epsilon": 0.1,
      "bound": 1.0976232721880528,
      "confidence": -0.09762327218805278,
      "lower_bound_on_p": 0.9
    },
    "night_eps_0.01": {
      "p_hat": 1.0,
      "n": 30,
      "epsilon": 0.01,
      "bound": 1.9880359281078706,
      "confidence": -0.9880359281078706,
      "lower_bound_on_p": 0.99
    },
    "night_eps_0.05": {
      "p_hat": 1.0,
      "n": 30,
      "epsilon": 0.05,
      "bound": 1.7214159528501156,
      "confidence": -0.7214159528501156,
      "lower_bound_on_p": 0.95
    },
    "night_eps_0.1": {
      "p_hat": 1.0,
      "n": 30,
      "epsilon": 0.1,
      "bound": 1.0976232721880528,
      "confidence": -0.09762327218805278,
      "lower_bound_on_p": 0.9
    },
    "noise_eps_0.01": {
      "p_hat": 0.5,
      "n": 30,
      "epsilon": 0.01,
      "bound": 1.9880359281078706,
      "confidence": -0.9880359281078706,
      "lower_bound_on_p": 0.49
    },
    "noise_eps_0.05": {
      "p_hat": 0.5,
      "n": 30,
      "epsilon": 0.05,
      "bound": 1.7214159528501156,
      "confidence": -0.7214159528501156,
      "lower_bound_on_p": 0.45
    },
    "noise_eps_0.1": {
      "p_hat": 0.5,
      "n": 30,
      "epsilon": 0.1,
      "bound": 1.0976232721880528,
      "confidence": -0.09762327218805278,
      "lower_bound_on_p": 0.4
    },
    "blur_eps_0.01": {
      "p_hat": 1.0,
      "n": 30,
      "epsilon": 0.01,
      "bound": 1.9880359281078706,
      "confidence": -0.9880359281078706,
      "lower_bound_on_p": 0.99
    },
    "blur_eps_0.05": {
      "p_hat": 1.0,
      "n": 30,
      "epsilon": 0.05,
      "bound": 1.7214159528501156,
      "confidence": -0.7214159528501156,
      "lower_bound_on_p": 0.95
    },
    "blur_eps_0.1": {
      "p_hat": 1.0,
      "n": 30,
      "epsilon": 0.1,
      "bound": 1.0976232721880528,
      "confidence": -0.09762327218805278,
      "lower_bound_on_p": 0.9
    }
  },
  "worst_case": {
    "fog": {
      "worst_scene": "1600",
      "worst_gap": 0.0008145570755004883,
      "worst_margin": 9.043546102087914,
      "best_scene": "800",
      "best_gap": 0.0010358691215515137,
      "best_margin": 11.228947122397216,
      "median_gap": 0.0009082555770874023
    },
    "night": {
      "worst_scene": "400",
      "worst_gap": 0.0017889738082885742,
      "worst_margin": 18.665667265572015,
      "best_scene": "1600",
      "best_gap": 0.00228959321975708,
      "best_margin": 23.609158558213498,
      "median_gap": 0.001935422420501709
    },
    "noise": {
      "worst_scene": "1100",
      "worst_gap": -3.069639205932617e-05,
      "worst_margin": 0.6968798297996804,
      "best_scene": "2400",
      "best_gap": 7.349252700805664e-05,
      "best_margin": 1.7257193082539384,
      "median_gap": 6.854534149169922e-07
    },
    "blur": {
      "worst_scene": "1800",
      "worst_gap": 0.004400968551635742,
      "worst_margin": 44.45846110128282,
      "best_scene": "900",
      "best_gap": 0.005506575107574463,
      "best_margin": 55.376048907832036,
      "median_gap": 0.004852026700973511
    }
  },
  "certified_radius": {
    "fog": {
      "per_severity": [
        {
          "severity": 0.01,
          "all_detected": false
        },
        {
          "severity": 0.02,
          "all_detected": false
        },
        {
          "severity": 0.05,
          "all_detected": false
        },
        {
          "severity": 0.1,
          "all_detected": false
        },
        {
          "severity": 0.15,
          "all_detected": false
        },
        {
          "severity": 0.2,
          "all_detected": true
        },
        {
          "severity": 0.3,
          "all_detected": true
        },
        {
          "severity": 0.5,
          "all_detected": true
        }
      ],
      "min_certified_severity": 0.2
    },
    "night": {
      "per_severity": [
        {
          "severity": 0.01,
          "all_detected": false
        },
        {
          "severity": 0.02,
          "all_detected": false
        },
        {
          "severity": 0.05,
          "all_detected": false
        },
        {
          "severity": 0.1,
          "all_detected": false
        },
        {
          "severity": 0.15,
          "all_detected": true
        },
        {
          "severity": 0.2,
          "all_detected": true
        },
        {
          "severity": 0.3,
          "all_detected": true
        },
        {
          "severity": 0.5,
          "all_detected": true
        }
      ],
      "min_certified_severity": 0.15
    },
    "noise": {
      "per_severity": [
        {
          "severity": 0.01,
          "all_detected": false
        },
        {
          "severity": 0.02,
          "all_detected": false
        },
        {
          "severity": 0.05,
          "all_detected": false
        },
        {
          "severity": 0.1,
          "all_detected": false
        },
        {
          "severity": 0.15,
          "all_detected": false
        },
        {
          "severity": 0.2,
          "all_detected": false
        },
        {
          "severity": 0.3,
          "all_detected": false
        },
        {
          "severity": 0.5,
          "all_detected": false
        }
      ],
      "min_certified_severity": null
    },
    "blur": {
      "per_severity": [
        {
          "severity": 0.01,
          "all_detected": false
        },
        {
          "severity": 0.02,
          "all_detected": false
        },
        {
          "severity": 0.05,