{
  "detection_gap": {
    "0.05": {
      "max_id": 1.1920928955078125e-07,
      "per_type": {
        "fog": {
          "min_ood": 1.1682510375976562e-05,
          "gap": 1.1563301086425781e-05,
          "ratio": 98.0,
          "is_separated": true
        },
        "night": {
          "min_ood": 2.396106719970703e-05,
          "gap": 2.384185791015625e-05,
          "ratio": 201.0,
          "is_separated": true
        },
        "noise": {
          "min_ood": 3.635883331298828e-06,
          "gap": 3.516674041748047e-06,
          "ratio": 30.5,
          "is_separated": true
        },
        "blur": {
          "min_ood": 8.308887481689453e-05,
          "gap": 8.296966552734375e-05,
          "ratio": 697.0,
          "is_separated": true
        }
      },
      "all_separated": true
    },
    "0.1": {
      "max_id": 1.1920928955078125e-07,
      "per_type": {
        "fog": {
          "min_ood": 4.076957702636719e-05,
          "gap": 4.0650367736816406e-05,
          "ratio": 342.0,
          "is_separated": true
        },
        "night": {
          "min_ood": 7.915496826171875e-05,
          "gap": 7.903575897216797e-05,
          "ratio": 664.0,
          "is_separated": true
        },
        "noise": {
          "min_ood": 8.821487426757812e-06,
          "gap": 8.702278137207031e-06,
          "ratio": 74.0,
          "is_separated": true
        },
        "blur": {
          "min_ood": 0.0006238818168640137,
          "gap": 0.0006237626075744629,
          "ratio": 5233.5,
          "is_separated": true
        }
      },
      "all_separated": true
    },
    "0.2": {
      "max_id": 1.1920928955078125e-07,
      "per_type": {
        "fog": {
          "min_ood": 0.00015211105346679688,
          "gap": 0.0001519918441772461,
          "ratio": 1276.0,
          "is_separated": true
        },
        "night": {
          "min_ood": 0.00031501054763793945,
          "gap": 0.00031489133834838867,
          "ratio": 2642.5,
          "is_separated": true
        },
        "noise": {
          "min_ood": 1.7523765563964844e-05,
          "gap": 1.7404556274414062e-05,
          "ratio": 147.0,
          "is_separated": true
        },
        "blur": {
          "min_ood": 0.0018930435180664062,
          "gap": 0.0018929243087768555,
          "ratio": 15880.0,
          "is_separated": true
        }
      },
      "all_separated": true
    },
    "0.3": {
      "max_id": 1.1920928955078125e-07,
      "per_type": {
        "fog": {
          "min_ood": 0.00035119056701660156,
          "gap": 0.0003510713577270508,
          "ratio": 2946.0,
          "is_separated": true
        },
        "night": {
          "min_ood": 0.0007387399673461914,
          "gap": 0.0007386207580566406,
          "ratio": 6197.0,
          "is_separated": true
        },
        "noise": {
          "min_ood": 3.2067298889160156e-05,
          "gap": 3.1948089599609375e-05,
          "ratio": 269.0,
          "is_separated": true
        },
        "blur": {
          "min_ood": 0.003190159797668457,
          "gap": 0.0031900405883789062,
          "ratio": 26761.0,
          "is_separated": true
        }
      },
      "all_separated": true
    },
    "0.5": {
      "max_id": 1.1920928955078125e-07,
      "per_type": {
        "fog": {
          "min_ood": 0.0008383989334106445,
          "gap": 0.0008382797241210938,
          "ratio": 7033.0,
          "is_separated": true
        },
        "night": {
          "min_ood": 0.0017763972282409668,
          "gap": 0.001776278018951416,
          "ratio": 14901.5,
          "is_separated": true
        },
        "noise": {
          "min_ood": 7.43865966796875e-05,
          "gap": 7.426738739013672e-05,
          "ratio": 624.0,
          "is_separated": true
        },
        "blur": {
          "min_ood": 0.004403889179229736,
          "gap": 0.0044037699699401855,
          "ratio": 36942.5,
          "is_separated": true
        }
      },
      "all_separated": true
    },
    "0.7": {
      "max_id": 1.1920928955078125e-07,
      "per_type": {
        "fog": {
          "min_ood": 0.0014615058898925781,
          "gap": 0.0014613866806030273,
          "ratio": 12260.0,
          "is_separated": true
        },
        "night": {
          "min_ood": 0.0033153891563415527,
          "gap": 0.003315269947052002,
          "ratio": 27811.5,
          "is_separated": true
        },
        "noise": {
          "min_ood": 0.00015753507614135742,
          "gap": 0.00015741586685180664,
          "ratio": 1321.5,
          "is_separated": true
        },
        "blur": {
          "min_ood": 0.004674017429351807,
          "gap": 0.004673898220062256,
          "ratio": 39208.5,
          "is_separated": true
        }
      },
      "all_separated": true
    },
    "1.0": {
      "max_id": 1.1920928955078125e-07,
      "per_type": {
        "fog": {
          "min_ood": 0.0026720166206359863,
          "gap": 0.0026718974113464355,
          "ratio": 22414.5,
          "is_separated": true
        },
        "night": {
          "min_ood": 0.007649660110473633,
          "gap": 0.007649540901184082,
          "ratio": 64170.0,
          "is_separated": true
        },
        "noise": {
          "min_ood": 0.0003466606140136719,
          "gap": 0.0003465414047241211,
          "ratio": 2908.0,
          "is_separated": true
        },
        "blur": {
          "min_ood": 0.004858732223510742,
          "gap": 0.004858613014221191,
          "ratio": 40758.0,
          "is_separated": true
        }
      },
      "all_separated": true
    }
  },
  "conformal": {
    "0.01": {
      "threshold": 1.1930928955078126e-07,
      "guaranteed_clean_coverage": 0.99,
      "per_type": {
        "fog": {
          "detected": 25,
          "total": 25,
          "coverage": 1.0
        },
        "night": {
          "detected": 25,
          "total": 25,
          "coverage": 1.0
        },
        "noise": {
          "detected": 25,
          "total": 25,
          "coverage": 1.0
        },
        "blur": {
          "detected": 25,
          "total": 25,
          "coverage": 1.0
        }
      }
    },
    "0.05": {
      "threshold": 1.1930928955078126e-07,
      "guaranteed_clean_coverage": 0.95,
      "per_type": {
        "fog": {
          "detected": 25,
          "total": 25,
          "coverage": 1.0
        },
        "night": {
          "detected": 25,
          "total": 25,
          "coverage": 1.0
        },
        "noise": {
          "detected": 25,
          "total": 25,
          "coverage": 1.0
        },
        "blur": {
          "detected": 25,
          "total": 25,
          "coverage": 1.0
        }
      }
    },
    "0.1": {
      "threshold": 1.1920928955078125e-07,
      "guaranteed_clean_coverage": 0.9,
      "per_type": {
        "fog": {
          "detected": 25,
          "total": 25,
          "coverage": 1.0
        },
        "night": {
          "detected": 25,
          "total": 25,
          "coverage": 1.0
        },
        "noise": {
          "detected": 25,
          "total": 25,
          "coverage": 1.0
        },
        "blur": {
          "detected": 25,
          "total": 25,
          "coverage": 1.0
        }
      }
    },
    "0.2": {
      "threshold": 1.1920928955078125e-07,
      "guaranteed_clean_coverage": 0.8,
      "per_type": {
        "fog": {
          "detected": 25,
          "total": 25,
          "coverage": 1.0
        },
        "night": {
          "detected": 25,
          "total": 25,
          "coverage": 1.0
        },
        "noise": {
          "detected": 25,
          "total": 25,
          "coverage": 1.0
        },
        "blur": {
          "detected": 25,
          "total": 25,
          "coverage": 1.0
        }
      }
    }
  },
  "concentration": {
    "0.01": {
      "hoeffding_epsilon": 0.32552472614374584,
      "auroc_lower_bound": 0.6744752738562542,
      "n": 25
    },