{
  "experiment": "sample_efficiency",
  "experiment_number": 133,
  "timestamp": "20260315_001227",
  "n_id_total": 40,
  "n_ood_total": 80,
  "n_test_id": 10,
  "results": {
    "1": {
      "n_cal": 1,
      "n_trials": 20,
      "mean_auroc": 0.9931249999999998,
      "std_auroc": 0.010727447273233279,
      "min_auroc": 0.9562499999999999,
      "max_auroc": 1.0,
      "mean_d": 31.84153883555917,
      "std_d": 21.294839721759775,
      "min_d": 12.210670494332545,
      "max_d": 94.43373536164704
    },
    "2": {
      "n_cal": 2,
      "n_trials": 20,
      "mean_auroc": 0.999125,
      "std_auroc": 0.0019803724397193453,
      "min_auroc": 0.99375,
      "max_auroc": 1.0,
      "mean_d": 36.9677833581393,
      "std_d": 12.808513299592192,
      "min_d": 15.654317238245673,
      "max_d": 61.587049341094406
    },
    "3": {
      "n_cal": 3,
      "n_trials": 20,
      "mean_auroc": 0.9977499999999999,
      "std_auroc": 0.0038649062084350682,
      "min_auroc": 0.9875,
      "max_auroc": 1.0,
      "mean_d": 27.167473155628663,
      "std_d": 12.103502864879006,
      "min_d": 14.962753465593751,
      "max_d": 60.69294695633011
    },
    "4": {
      "n_cal": 4,
      "n_trials": 20,
      "mean_auroc": 0.9993124999999999,
      "std_auroc": 0.0024518806557416247,
      "min_auroc": 0.98875,
      "max_auroc": 1.0,
      "mean_d": 34.23129111384196,
      "std_d": 13.931752955504423,
      "min_d": 15.56859273630419,
      "max_d": 65.50657137819893
    },
    "5": {
      "n_cal": 5,
      "n_trials": 20,
      "mean_auroc": 0.9991875,
      "std_auroc": 0.0022801795433693216,
      "min_auroc": 0.9912500000000001,
      "max_auroc": 1.0,
      "mean_d": 31.117644766053623,
      "std_d": 9.758876116689104,
      "min_d": 15.619869098390572,
      "max_d": 50.47218433596823
    },
    "8": {
      "n_cal": 8,
      "n_trials": 10,
      "mean_auroc": 1.0,
      "std_auroc": 0.0,
      "min_auroc": 1.0,
      "max_auroc": 1.0,
      "mean_d": 29.396475706039077,
      "std_d": 4.661066506792719,
      "min_d": 22.62928561339048,
      "max_d": 36.881246431283685
    },
    "10": {
      "n_cal": 10,
      "n_trials": 10,
      "mean_auroc": 1.0,
      "std_auroc": 0.0,
      "min_auroc": 1.0,
      "max_auroc": 1.0,
      "mean_d": 30.160682527915373,
      "std_d": 5.083191160215862,
      "min_d": 18.09470463280259,
      "max_d": 36.771150307588854
    },
    "15": {
      "n_cal": 15,
      "n_trials": 5,
      "mean_auroc": 1.0,
      "std_auroc": 0.0,
      "min_auroc": 1.0,
      "max_auroc": 1.0,
      "mean_d": 31.425216890481618,
      "std_d": 4.813136581049594,
      "min_d": 26.08521440724469,
      "max_d": 38.42551091752765
    },
    "20": {
      "n_cal": 20,
      "n_trials": 5,
      "mean_auroc": 1.0,
      "std_auroc": 0.0,
      "min_auroc": 1.0,
      "max_auroc": 1.0,
      "mean_d": 32.59634271144931,
      "std_d": 4.340025907368779,
      "min_d": 28.125980895667677,
      "max_d": 40.39245598943856
    },
    "25": {
      "n_cal": 25,
      "n_trials": 5,
      "mean_auroc": 1.0,
      "std_auroc": 0.0,
      "min_auroc": 1.0,
      "max_auroc": 1.0,
      "mean_d": 31.437392844741264,
      "std_d": 1.0603202042110191,
      "min_d": 30.243367286272743,
      "max_d": 33.08165825628145
    },
    "30": {
      "n_cal": 30,
      "n_trials": 5,
      "mean_auroc": 1.0,
      "std_auroc": 0.0,
      "min_auroc": 1.0,
      "max_auroc": 1.0,
      "mean_d": 32.01975568590062,
      "std_d": 0.0,
      "min_d": 32.01975568590062,
      "max_d": 32.01975568590062
    }
  }
}