{
  "experiment": "gradient_free_sensitivity",
  "experiment_number": 263,
  "timestamp": "20260315_083342",
  "grid_size": 7,
  "patch_size": 32,
  "results": {
    "fog": {
      "full_distance": 0.0027054548263549805,
      "sensitivity_map": [
        [
          0.00013142824172973633,
          -0.0003026723861694336,
          -9.924173355102539e-05,
          -0.0007984042167663574,
          -0.0004717707633972168,
          -0.0007317066192626953,
          -0.00020509958267211914
        ],
        [
          0.00011396408081054688,
          -0.0001392960548400879,
          -0.00028228759765625,
          -0.0004424452781677246,
          -0.00047081708908081055,
          -0.00045245885848999023,
          -0.00019353628158569336
        ],
        [
          0.00015991926193237305,
          -7.432699203491211e-05,
          -7.12275505065918e-05,
          -0.00046628713607788086,
          -0.0001907944679260254,
          -7.534027099609375e-05,
          -0.00017660856246948242
        ],
        [
          0.00026339292526245117,
          0.0001252889633178711,
          -0.0003153085708618164,
          -0.0003299117088317871,
          -0.0002034306526184082,
          1.4483928680419922e-05,
          -9.369850158691406e-05
        ],
        [
          0.0001386404037475586,
          5.263090133666992e-05,
          6.4849853515625e-05,
          -0.00019419193267822266,
          -8.58306884765625e-05,
          3.129243850708008e-05,
          -6.687641143798828e-05
        ],
        [
          0.00032591819763183594,
          0.00013178586959838867,
          9.09566879272461e-05,
          8.374452590942383e-05,
          -8.761882781982422e-06,
          -2.9206275939941406e-06,
          2.6226043701171875e-06
        ],
        [
          0.00015556812286376953,
          9.495019912719727e-05,
          0.00031560659408569336,
          0.0001455545425415039,
          8.493661880493164e-05,
          -1.7583370208740234e-05,
          6.097555160522461e-05
        ]
      ],
      "sensitivity_pct": [
        [
          4.857898035906577,
          -11.187485816931337,
          -3.668208720990681,
          -29.510904394997095,
          -17.437760976961705,
          -27.045603759088046,
          -7.580964690047407
        ],
        [
          4.2123814261466554,
          -5.148710979552685,
          -10.434015917484603,
          -16.353821823371664,
          -17.40251092318642,
          -16.723947388012167,
          -7.153557788022066
        ],
        [
          5.910993392443241,
          -2.7473010661113384,
          -2.6327383913416593,
          -17.23507316775381,
          -7.052213883418119,
          -2.7847542482475798,
          -6.5278693335107425
        ],
        [
          9.735624227061752,
          4.630975814728175,
          -11.654549029453873,
          -12.194315477887939,
          -7.519277095940656,
          0.5353601917121533,
          -3.4633177834218323
        ],
        [
          5.1244765675821755,
          1.9453623427235862,
          2.397003656719436,
          -7.177792199992575,
          -3.1725048397757236,
          1.156642389501566,
          -2.471910020991918
        ],
        [
          12.04670587770393,
          4.871116806072309,
          3.361973878817885,
          3.0953953471422864,
          -0.32385986906043845,
          -0.10795328968681282,
          0.096937647882036
        ],
        [
          5.7501650220934994,
          3.5095834790018947,
          11.66556467125865,
          5.380039457452998,
          3.139457914361393,
          -0.6499228664818323,
          2.253800313257337
        ]
      ],
      "max_sensitivity": 12.04670587770393,
      "min_sensitivity": -29.510904394997095,
      "mean_sensitivity": -3.2997017812684324,
      "std_sensitivity": 9.128883178368705,
      "top5_patches": [
        [
          5,
          0,
          12.04670587770393
        ],
        [
          6,
          2,
          11.66556467125865
        ],
        [
          3,
          0,
          9.735624227061752
        ],
        [
          2,
          0,
          5.910993392443241
        ],
        [
          6,
          0,
          5.7501650220934994
        ]
      ],
      "sum_sensitivity": -161.6853872821532
    },
    "night": {
      "full_distance": 0.007991313934326172,
      "sensitivity_map": [
        [
          0.0030387043952941895,
          0.0032686591148376465,
          0.002865433692932129,
          0.003082871437072754,
          0.0029901862144470215,
          0.00304567813873291,
          0.0031828880310058594
        ],
        [
          0.0028914213180541992,
          0.003140568733215332,
          0.0027964115142822266,
          0.002602815628051758,
          0.0027589797973632812,
          0.0030202865600585938,
          0.0029595494270324707
        ],
        [
          0.0031142234802246094,
          0.0029705166816711426,
          0.0026757121086120605,
          0.002505064010620117,
          0.0030579566955566406,
          0.0031394362449645996,
          0.0031462907791137695
        ],
        [
          0.003247201442718506,
          0.0032244324684143066,
          0.002979576587677002,
          0.0029165148735046387,
          0.00293576717376709,
          0.003293275833129883,
          0.0032643675804138184
        ],
        [
          0.00319826602935791,
          0.0032861828804016113,
          0.003432333469390869,
          0.003006279468536377,
          0.0031875967979431152,
          0.0034055113792419434,
          0.0032706856727600098
        ],
        [
          0.003146648406982422,
          0.003332078456878662,
          0.0033431649208068848,
          0.0034589171409606934,
          0.0034837722778320312,
          0.003396272659301758,
          0.0032011866569519043
        ],
        [
          0.0034261345863342285,
          0.0032923221588134766,
          0.0034888386726379395,
          0.0036457180976867676,
          0.0034981369972229004,
          0.00339585542678833,
          0.0034320950508117676
        ]
      ],
      "sensitivity_pct": [
        [
          38.025090520052544,
          40.902648810913114,
          35.856852585492746,
          38.577778621018766,
          37.417954063660495,
          38.112357062310366,
          39.82934492793013
        ],
        [
          36.18205098228259,
          39.29977873132282,
          34.99313757750505,
          32.570558694997246,
          34.524732547266474,
          37.79461734434598,
          37.0345779720321
        ],
        [
          38.9701051272377,
          37.17181766242048,
          33.4827551153504,
          31.34733536762261,
          38.266005846114744,
          39.28560724155445,
          39.37138204804719
        ],
        [
          40.634136373196725,
          40.34921484206435,
          37.285189580567405,
          36.496061360834254,
          36.73697668689645,
          41.210692246404406,
          40.84894632336983
        ],
        [
          40.02177884162687,
          41.12193396838149,
          42.95080201638308,
          37.619338391947785,
          39.88826849065122,
          42.6151614692376,
          40.92800831891966
        ],
        [
          39.37585725534245,
          41.696252237941536,
          41.834983664095,
          43.283459091998374,
          43.59448599901985,
          42.499551947443045,
          40.0583263678716
        ],
        [
          42.873231756598344,
          41.198758360283676,
          43.65788476903622,
          45.621009035896,
          43.77424015871332,
          42.49433087226523,
          42.94781854485289
        ]
      ],
      "max_sensitivity": 45.621009035896,
      "min_sensitivity": 31.34733536762261,
      "mean_sensitivity": 39.441493629006466,
      "std_sensitivity": 3.080301697627383,