{
  "severity_sweep": {
    "fog": {
      "0.01": {
        "mean_dist": 4.41193587903399e-05,
        "max_dist": 8.887052536010742e-05,
        "min_dist": 1.9669532775878906e-05,
        "auroc": 0.6,
        "detection_rate": 0.2
      },
      "0.02": {
        "mean_dist": 4.410743713378906e-05,
        "max_dist": 9.065866470336914e-05,
        "min_dist": 2.2232532501220703e-05,
        "auroc": 0.54,
        "detection_rate": 0.2
      },
      "0.03": {
        "mean_dist": 4.6336652303580195e-05,
        "max_dist": 8.213520050048828e-05,
        "min_dist": 2.4318695068359375e-05,
        "auroc": 0.62,
        "detection_rate": 0.2
      },
      "0.05": {
        "mean_dist": 5.732774661737494e-05,
        "max_dist": 0.00012189149856567383,
        "min_dist": 3.2901763916015625e-05,
        "auroc": 0.76,
        "detection_rate": 0.2
      },
      "0.07": {
        "mean_dist": 6.380081322276965e-05,
        "max_dist": 0.00014162063598632812,
        "min_dist": 3.826618194580078e-05,
        "auroc": 0.84,
        "detection_rate": 0.2
      },
      "0.1": {
        "mean_dist": 0.00010179281525779516,
        "max_dist": 0.00018543004989624023,
        "min_dist": 7.045269012451172e-05,
        "auroc": 0.96,
        "detection_rate": 0.6
      },
      "0.15": {
        "mean_dist": 0.00016376972780562937,
        "max_dist": 0.0002899169921875,
        "min_dist": 0.00011926889419555664,
        "auroc": 1.0,
        "detection_rate": 1.0
      },
      "0.2": {
        "mean_dist": 0.00025560855283401906,
        "max_dist": 0.00044155120849609375,
        "min_dist": 0.00018870830535888672,
        "auroc": 1.0,
        "detection_rate": 1.0
      },
      "0.25": {
        "mean_dist": 0.0003524780331645161,
        "max_dist": 0.0005592703819274902,
        "min_dist": 0.0002658963203430176,
        "auroc": 1.0,
        "detection_rate": 1.0
      },
      "0.3": {
        "mean_dist": 0.0004456639289855957,
        "max_dist": 0.0005900263786315918,
        "min_dist": 0.0003775954246520996,
        "auroc": 1.0,
        "detection_rate": 1.0
      },
      "0.35": {
        "mean_dist": 0.0005573630332946777,
        "max_dist": 0.0006093978881835938,
        "min_dist": 0.0005071759223937988,
        "auroc": 1.0,
        "detection_rate": 1.0
      },
      "0.4": {
        "mean_dist": 0.0006859659915789962,
        "max_dist": 0.0007494688034057617,
        "min_dist": 0.0006364583969116211,
        "auroc": 1.0,
        "detection_rate": 1.0
      },
      "0.5": {
        "mean_dist": 0.0009821176063269377,
        "max_dist": 0.001044154167175293,
        "min_dist": 0.00091552734375,
        "auroc": 1.0,
        "detection_rate": 1.0
      },
      "0.6": {
        "mean_dist": 0.001322329044342041,
        "max_dist": 0.0013540983200073242,
        "min_dist": 0.0012665390968322754,
        "auroc": 1.0,
        "detection_rate": 1.0
      },
      "0.7": {
        "mean_dist": 0.0016530156135559082,
        "max_dist": 0.0017339587211608887,
        "min_dist": 0.0016016364097595215,
        "auroc": 1.0,
        "detection_rate": 1.0
      },
      "0.8": {
        "mean_dist": 0.002038323786109686,
        "max_dist": 0.0021175146102905273,
        "min_dist": 0.001987159252166748,
        "auroc": 1.0,
        "detection_rate": 1.0
      },
      "0.9": {
        "mean_dist": 0.002477657748386264,
        "max_dist": 0.0025305747985839844,
        "min_dist": 0.0024047493934631348,
        "auroc": 1.0,
        "detection_rate": 1.0
      },
      "1.0": {
        "mean_dist": 0.002912831259891391,
        "max_dist": 0.0029847025871276855,
        "min_dist": 0.002794981002807617,
        "auroc": 1.0,
        "detection_rate": 1.0
      }
    },
    "night": {
      "0.01": {
        "mean_dist": 4.407167580211535e-05,
        "max_dist": 8.487701416015625e-05,
        "min_dist": 2.0265579223632812e-05,
        "auroc": 0.64,
        "detection_rate": 0.2
      },
      "0.02": {
        "mean_dist": 4.284381793695502e-05,
        "max_dist": 8.922815322875977e-05,
        "min_dist": 2.104043960571289e-05,
        "auroc": 0.52,
        "detection_rate": 0.2
      },
      "0.03": {
        "mean_dist": 4.6110151743050665e-05,
        "max_dist": 8.83936882019043e-05,
        "min_dist": 2.47955322265625e-05,
        "auroc": 0.6,
        "detection_rate": 0.2
      },
      "0.05": {
        "mean_dist": 6.080865932744928e-05,
        "max_dist": 0.00010478496551513672,
        "min_dist": 3.5703182220458984e-05,
        "auroc": 0.8,
        "detection_rate": 0.2
      },
      "0.07": {
        "mean_dist": 7.87615790613927e-05,
        "max_dist": 0.0001233220100402832,
        "min_dist": 5.316734313964844e-05,
        "auroc": 0.92,
        "detection_rate": 0.2
      },
      "0.1": {
        "mean_dist": 0.00011805295798694715,
        "max_dist": 0.00015842914581298828,
        "min_dist": 9.733438491821289e-05,
        "auroc": 1.0,
        "detection_rate": 1.0
      },
      "0.15": {
        "mean_dist": 0.00022493601136375219,
        "max_dist": 0.00026613473892211914,
        "min_dist": 0.00019097328186035156,
        "auroc": 1.0,
        "detection_rate": 1.0
      },
      "0.2": {
        "mean_dist": 0.00037032365798950195,
        "max_dist": 0.0004163384437561035,
        "min_dist": 0.0003260970115661621,
        "auroc": 1.0,
        "detection_rate": 1.0
      },
      "0.25": {
        "mean_dist": 0.0005648970836773515,
        "max_dist": 0.0006056427955627441,
        "min_dist": 0.0004985332489013672,
        "auroc": 1.0,
        "detection_rate": 1.0
      },
      "0.3": {
        "mean_dist": 0.000803017639555037,
        "max_dist": 0.0008283853530883789,
        "min_dist": 0.0007573962211608887,
        "auroc": 1.0,
        "detection_rate": 1.0
      },
      "0.35": {
        "mean_dist": 0.0010558485519140959,
        "max_dist": 0.0011267662048339844,
        "min_dist": 0.001009821891784668,
        "auroc": 1.0,
        "detection_rate": 1.0
      },
      "0.4": {
        "mean_dist": 0.0013244033325463533,
        "max_dist": 0.001412510871887207,
        "min_dist": 0.0012491345405578613,
        "auroc": 1.0,
        "detection_rate": 1.0
      },
      "0.5": {
        "mean_dist": 0.0019559382926672697,
        "max_dist": 0.0021289587020874023,
        "min_dist": 0.0018516778945922852,
        "auroc": 1.0,
        "detection_rate": 1.0
      },
      "0.6": {
        "mean_dist": 0.0026712180115282536,
        "max_dist": 0.00292891263961792,
        "min_dist": 0.0025235414505004883,
        "auroc": 1.0,
        "detection_rate": 1.0
      },
      "0.7": {
        "mean_dist": 0.003563797567039728,
        "max_dist": 0.0037564635276794434,
        "min_dist": 0.003430604934692383,
        "auroc": 1.0,
        "detection_rate": 1.0
      },
      "0.8": {
        "mean_dist": 0.004648530390113592,
        "max_dist": 0.004703819751739502,
        "min_dist": 0.004581272602081299,
        "auroc": 1.0,
        "detection_rate": 1.0
      },
      "0.9": {
        "mean_dist": 0.005971312522888184,
        "max_dist": 0.006068825721740723,
        "min_dist": 0.00579756498336792,
        "auroc": 1.0,
        "detection_rate": 1.0
      },
      "1.0": {
        "mean_dist": 0.008130406960844994,
        "max_dist": 0.008303523063659668,
        "min_dist": 0.007940292358398438,
        "auroc": 1.0,
        "detection_rate": 1.0
      }
    },
    "noise": {
      "0.01": {
        "mean_dist": 4.0650367736816406e-05,
        "max_dist": 7.838010787963867e-05,
        "min_dist": 1.913309097290039e-05,
        "auroc": 0.54,
        "detection_rate": 0.2
      },
      "0.02": {
        "mean_dist": 3.9386748539982364e-05,
        "max_dist": 8.004903793334961e-05,
        "min_dist": 2.1755695343017578e-05,
        "auroc": 0.45,
        "detection_rate": 0.2
      },
      "0.03": {
        "mean_dist": 4.03046615247149e-05,