{
  "experiment": "severity_estimation",
  "experiment_number": 233,
  "timestamp": "20260315_070259",
  "layer": 3,
  "results": {
    "fog": {
      "distances": [
        1.758e-05,
        4.274e-05,
        7.719e-05,
        0.00010604,
        0.00015771,
        0.00022537,
        0.00027066,
        0.00037485,
        0.00045675,
        0.00052327,
        0.00061435,
        0.00069761,
        0.00080276,
        0.00088865,
        0.00096875,
        0.00120479,
        0.00127792,
        0.00153995,
        0.00175422,
        0.00204164
      ],
      "severities": [
        0.05,
        0.1,
        0.15,
        0.2,
        0.25,
        0.3,
        0.35,
        0.4,
        0.45,
        0.5,
        0.55,
        0.6,
        0.65,
        0.7,
        0.75,
        0.8,
        0.85,
        0.9,
        0.95,
        1.0
      ],
      "linear_slope": 0.00195813,
      "linear_intercept": -0.00032588,
      "r_squared": 0.927939,
      "distance_mae": 0.00013008,
      "severity_mae": 0.0664
    },
    "night": {
      "distances": [
        2.354e-05,
        7.713e-05,
        0.00014466,
        0.0002324,
        0.00039315,
        0.00050795,
        0.00062317,
        0.00087684,
        0.00101751,
        0.00120848,
        0.00138932,
        0.00159025,
        0.00176191,
        0.00200516,
        0.00233114,
        0.00246525,
        0.0027703,
        0.00303048,
        0.00326234,
        0.00340277
      ],
      "severities": [
        0.05,
        0.1,
        0.15,
        0.2,
        0.25,
        0.3,
        0.35,
        0.4,
        0.45,
        0.5,
        0.55,
        0.6,
        0.65,
        0.7,
        0.75,
        0.8,
        0.85,
        0.9,
        0.95,
        1.0
      ],
      "linear_slope": 0.0037569,
      "linear_intercept": -0.00051669,
      "r_squared": 0.980068,
      "distance_mae": 0.00013306,
      "severity_mae": 0.0354
    },
    "noise": {
      "distances": [
        9.704e-05,
        0.00021785,
        0.00028658,
        0.00039655,
        0.00048947,
        0.00062543,
        0.00080806,
        0.00096774,
        0.00119412,
        0.00148052,
        0.00171095,
        0.00200534,
        0.00229442,
        0.00256109,
        0.00288337,
        0.00310475,
        0.00349331,
        0.00358456,
        0.00378066,
        0.00403237
      ],
      "severities": [
        0.05,
        0.1,
        0.15,
        0.2,
        0.25,
        0.3,
        0.35,
        0.4,
        0.45,
        0.5,
        0.55,
        0.6,
        0.65,
        0.7,
        0.75,
        0.8,
        0.85,
        0.9,
        0.95,
        1.0
      ],
      "linear_slope": 0.00444699,
      "linear_intercept": -0.00053396,
      "r_squared": 0.978063,
      "distance_mae": 0.00016465,
      "severity_mae": 0.037
    }
  }
}