{
  "severity_curves": {
    "fog": {
      "0.050": {
        "mean_dist": 6.90174452397052e-05,
        "std_dist": 3.7865506163722255e-05,
        "min_dist": 3.9771665930721234e-05,
        "max_dist": 0.00014393799685141762
      },
      "0.100": {
        "mean_dist": 0.00010411742622362663,
        "std_dist": 5.480999379137672e-05,
        "min_dist": 5.381751387567579e-05,
        "max_dist": 0.00020839679944106848
      },
      "0.150": {
        "mean_dist": 0.00014759807635411626,
        "std_dist": 6.25943713555434e-05,
        "min_dist": 9.535304873287131e-05,
        "max_dist": 0.0002661672608978982
      },
      "0.200": {
        "mean_dist": 0.00021418059590805338,
        "std_dist": 7.716496543690737e-05,
        "min_dist": 0.00014478666320349998,
        "max_dist": 0.00035994534523065
      },
      "0.250": {
        "mean_dist": 0.0003052417882326797,
        "std_dist": 8.48447999116034e-05,
        "min_dist": 0.00023331537442161654,
        "max_dist": 0.0004607277886899963
      },
      "0.300": {
        "mean_dist": 0.00040336944301406775,
        "std_dist": 9.481726115126191e-05,
        "min_dist": 0.00032525836356545046,
        "max_dist": 0.0005850161454982183
      },
      "0.350": {
        "mean_dist": 0.0005292113061707848,
        "std_dist": 9.879269215459938e-05,
        "min_dist": 0.00044395694820875686,
        "max_dist": 0.0007142691189111483
      },
      "0.400": {
        "mean_dist": 0.000643118707793433,
        "std_dist": 9.43837271789979e-05,
        "min_dist": 0.0005539680571718941,
        "max_dist": 0.0008122436831793367
      },
      "0.450": {
        "mean_dist": 0.000792883191372784,
        "std_dist": 8.223528816727765e-05,
        "min_dist": 0.0007051493425819233,
        "max_dist": 0.0009433533051261822
      },
      "0.500": {
        "mean_dist": 0.0009643292449576402,
        "std_dist": 9.806710436378737e-05,
        "min_dist": 0.0008851223732613267,
        "max_dist": 0.0011526079619763596
      },
      "0.550": {
        "mean_dist": 0.0011209783502545978,
        "std_dist": 9.999866457378697e-05,
        "min_dist": 0.001038736773326776,
        "max_dist": 0.0013114988259781413
      },
      "0.600": {
        "mean_dist": 0.0012917980513988958,
        "std_dist": 8.056319420392805e-05,
        "min_dist": 0.0012273466248061693,
        "max_dist": 0.0014452912272782115
      },
      "0.650": {
        "mean_dist": 0.0014837093545404967,
        "std_dist": 7.716034670297052e-05,
        "min_dist": 0.0014220610361798114,
        "max_dist": 0.0016312313948069201
      },
      "0.700": {
        "mean_dist": 0.0016947847071018263,
        "std_dist": 7.788604202277364e-05,
        "min_dist": 0.0016301337116932935,
        "max_dist": 0.0018394340265187603
      },
      "0.750": {
        "mean_dist": 0.0019025098044640032,
        "std_dist": 7.424673636920771e-05,
        "min_dist": 0.0018140595278232086,
        "max_dist": 0.0020359041820280366
      },
      "0.800": {
        "mean_dist": 0.0021182047432552363,
        "std_dist": 6.146550387473796e-05,
        "min_dist": 0.00206333301281314,
        "max_dist": 0.0022325723591497537
      },
      "0.850": {
        "mean_dist": 0.002339664797311003,
        "std_dist": 5.9914468778518515e-05,
        "min_dist": 0.002284693815016059,
        "max_dist": 0.0024529578309340216
      },
      "0.900": {
        "mean_dist": 0.002545056853075356,
        "std_dist": 6.419452834706541e-05,
        "min_dist": 0.0024834054672298045,
        "max_dist": 0.0026673927258991093
      },
      "0.950": {
        "mean_dist": 0.002776933881673993,
        "std_dist": 5.0719439554333686e-05,
        "min_dist": 0.0027388534424610533,
        "max_dist": 0.0028756686834441325
      },
      "1.000": {
        "mean_dist": 0.0030239892142145397,
        "std_dist": 2.9138061606936035e-05,
        "min_dist": 0.0029918825223945733,
        "max_dist": 0.0030788320278989367
      }
    },
    "night": {
      "0.050": {
        "mean_dist": 7.984984400999373e-05,
        "std_dist": 2.4302791096728804e-05,
        "min_dist": 5.573250472223901e-05,
        "max_dist": 0.00012005480060328644
      },
      "0.100": {
        "mean_dist": 0.00014297226108677118,
        "std_dist": 2.964030052255195e-05,
        "min_dist": 0.00011447857937263439,
        "max_dist": 0.00019120378635384405
      },
      "0.150": {
        "mean_dist": 0.00023766754803400403,
        "std_dist": 3.138727915800272e-05,
        "min_dist": 0.00020863765417811209,
        "max_dist": 0.0002959423546986528
      },
      "0.200": {
        "mean_dist": 0.00035604253169985167,
        "std_dist": 3.5043202953448037e-05,
        "min_dist": 0.00031938405018017146,
        "max_dist": 0.00041626404143824125
      },
      "0.250": {
        "mean_dist": 0.0005182763471951235,
        "std_dist": 6.288700503615522e-05,
        "min_dist": 0.00046042067164975276,
        "max_dist": 0.0006311369178724213
      },
      "0.300": {
        "mean_dist": 0.0007266744206874121,
        "std_dist": 7.481099034958806e-05,
        "min_dist": 0.0006497686333871711,
        "max_dist": 0.0008618351162131832
      },
      "0.350": {
        "mean_dist": 0.0009779477777866585,
        "std_dist": 9.978150495768973e-05,
        "min_dist": 0.0008509142362810307,
        "max_dist": 0.00115477829310362
      },
      "0.400": {
        "mean_dist": 0.001254224060708653,
        "std_dist": 0.00012790122038437525,
        "min_dist": 0.0010859849111737319,
        "max_dist": 0.0014802180749421412
      },
      "0.450": {
        "mean_dist": 0.001616407125294561,
        "std_dist": 0.00015123960170944763,
        "min_dist": 0.0014170200796038701,
        "max_dist": 0.0018837207330173467
      },
      "0.500": {
        "mean_dist": 0.001954091747404618,
        "std_dist": 0.00014669119925568726,
        "min_dist": 0.0017697041369170163,
        "max_dist": 0.0022126999137065395
      },
      "0.550": {
        "mean_dist": 0.0023351609972482425,
        "std_dist": 0.0001809129623814723,
        "min_dist": 0.0021854558264018387,
        "max_dist": 0.002677945792947445
      },
      "0.600": {
        "mean_dist": 0.0027239587818153497,
        "std_dist": 0.0001620224650902257,
        "min_dist": 0.0025172685140464335,
        "max_dist": 0.0030148294652029284
      },
      "0.650": {
        "mean_dist": 0.0031325490843514105,
        "std_dist": 0.00017601086091018333,
        "min_dist": 0.002889717341019171,
        "max_dist": 0.0034117287967483367
      },
      "0.700": {
        "mean_dist": 0.0035347105663240397,
        "std_dist": 0.00018137875422422338,
        "min_dist": 0.003223250428951663,
        "max_dist": 0.00371002258521802
      },
      "0.750": {
        "mean_dist": 0.0040070115237211155,
        "std_dist": 0.0001720634946592924,
        "min_dist": 0.0037856798103477196,
        "max_dist": 0.004228009869060467
      },
      "0.800": {
        "mean_dist": 0.004582454428262395,
        "std_dist": 0.00017086342694387432,
        "min_dist": 0.004374417249322637,
        "max_dist": 0.004870596508017466
      },
      "0.850": {
        "mean_dist": 0.005246259723874891,
        "std_dist": 0.00011832118140587225,
        "min_dist": 0.005119109660595478,
        "max_dist": 0.005442277222260983
      },
      "0.900": {
        "mean_dist": 0.006040783801077398,
        "std_dist": 7.755406240111923e-05,
        "min_dist": 0.005968995156441892,
        "max_dist": 0.006184713624417082
      },
      "0.950": {
        "mean_dist": 0.007038526473464568,
        "std_dist": 7.552837631090984e-05,
        "min_dist": 0.006913591490774862,
        "max_dist": 0.007131608619126095
      },
      "1.000": {
        "mean_dist": 0.008392175991722196,
        "std_dist": 9.636989555269118e-05,
        "min_dist": 0.008253612970809399,
        "max_dist": 0.008543637557457573
      }
    },