{
  "experiment": "severity_sweep",
  "experiment_number": 250,
  "timestamp": "20260315_075336",
  "n_levels": 21,
  "layer": 3,
  "results": {
    "fog": {
      "distances": [
        1.2e-07,
        1.597e-05,
        1.961e-05,
        2.193e-05,
        2.605e-05,
        3.242e-05,
        3.791e-05,
        4.774e-05,
        5.615e-05,
        5.358e-05,
        6.896e-05,
        8.744e-05,
        0.00010532,
        0.00012589,
        0.00016069,
        0.0001685,
        0.00020617,
        0.00024736,
        0.0003078,
        0.00036699,
        0.00042725
      ],
      "action_tokens": [
        31884,
        31884,
        31884,
        31884,
        31884,
        31884,
        31884,
        31884,
        31884,
        31884,
        31884,
        31884,
        31974,
        31974,
        31974,
        31974,
        31974,
        31974,
        31974,
        31974,
        31974
      ],
      "first_action_change": 0.6,
      "clean_token": 31884,
      "max_distance": 0.00042725,
      "r_squared": 0.8296
    },
    "night": {
      "distances": [
        1.2e-07,
        2.599e-05,
        7.48e-05,
        0.00015169,
        0.00026125,
        0.00041586,
        0.00058192,
        0.00081503,
        0.00104231,
        0.00130606,
        0.00158399,
        0.00193137,
        0.00231928,
        0.00279582,
        0.00317627,
        0.00357294,
        0.00405121,
        0.00442547,
        0.00503224,
        0.00572252,
        0.00644326
      ],
      "action_tokens": [
        31884,
        31884,
        31884,
        31884,
        31884,
        31884,
        31985,
        31985,
        31985,
        31985,
        31985,
        31985,
        31985,
        31985,
        31856,
        31856,
        31856,
        31856,
        31856,
        31856,
        31856
      ],
      "first_action_change": 0.3,
      "clean_token": 31884,
      "max_distance": 0.00644326,
      "r_squared": 0.9334
    },
    "noise": {
      "distances": [
        1.2e-07,
        8.64e-06,
        1.276e-05,
        1.293e-05,
        1.407e-05,
        1.407e-05,
        1.872e-05,
        2.05e-05,
        2.378e-05,
        2.438e-05,
        2.939e-05,
        3.237e-05,
        3.546e-05,
        4.256e-05,
        5.561e-05,
        5.686e-05,
        4.029e-05,
        4.512e-05,
        5.341e-05,
        5.078e-05,
        5.168e-05
      ],
      "action_tokens": [
        31884,
        31884,
        31884,
        31884,
        31884,
        31884,
        31884,
        31981,
        31981,
        31981,
        31981,
        31981,
        31944,
        31944,
        31944,
        31944,
        31944,
        31944,
        31944,
        31944,
        31944
      ],
      "first_action_change": 0.35,
      "clean_token": 31884,
      "max_distance": 5.686e-05,
      "r_squared": 0.9081
    },
    "blur": {
      "distances": [
        1.2e-07,
        1.436e-05,
        0.00013071,
        0.00047398,
        0.00077778,
        0.00095052,
        0.00123042,
        0.00156802,
        0.0018881,
        0.00228959,
        0.00259537,
        0.00289559,
        0.00315768,
        0.00342864,
        0.00362015,
        0.00380701,
        0.00401127,
        0.00421846,
        0.00431752,
        0.00442004,
        0.00454754
      ],
      "action_tokens": [
        31884,
        31884,
        31882,
        31877,
        31865,
        31865,
        31865,
        31865,
        31865,
        31865,
        31865,
        31865,
        31839,
        31839,
        31839,
        31839,
        31839,
        31839,
        31839,
        31839,
        31839
      ],
      "first_action_change": 0.1,
      "clean_token": 31884,
      "max_distance": 0.00454754,
      "r_squared": 0.9856
    }
  }
}