{
  "bootstrap_auroc": {
    "fog": {
      "point_estimate": 1.0,
      "ci_95_low": 1.0,
      "ci_95_high": 1.0,
      "ci_width": 0.0,
      "bootstrap_mean": 1.0,
      "bootstrap_std": 0.0
    },
    "night": {
      "point_estimate": 1.0,
      "ci_95_low": 1.0,
      "ci_95_high": 1.0,
      "ci_width": 0.0,
      "bootstrap_mean": 1.0,
      "bootstrap_std": 0.0
    },
    "noise": {
      "point_estimate": 1.0,
      "ci_95_low": 1.0,
      "ci_95_high": 1.0,
      "ci_width": 0.0,
      "bootstrap_mean": 1.0,
      "bootstrap_std": 0.0
    },
    "blur": {
      "point_estimate": 1.0,
      "ci_95_low": 1.0,
      "ci_95_high": 1.0,
      "ci_width": 0.0,
      "bootstrap_mean": 1.0,
      "bootstrap_std": 0.0
    }
  },
  "permutation_tests": {
    "fog": {
      "p_value": 0.0001999600079984003,
      "significant_bonferroni": true,
      "mean_diff": 0.0035091233001549814,
      "observed_diff": 0.0035091233001549814
    },
    "night": {
      "p_value": 0.0001999600079984003,
      "significant_bonferroni": true,
      "mean_diff": 0.008919957387423011,
      "observed_diff": 0.008919957387423011
    },
    "noise": {
      "p_value": 0.0001999600079984003,
      "significant_bonferroni": true,
      "mean_diff": 0.0001886867956390703,
      "observed_diff": 0.0001886867956390703
    },
    "blur": {
      "p_value": 0.0001999600079984003,
      "significant_bonferroni": true,
      "mean_diff": 0.007786879265171177,
      "observed_diff": 0.007786879265171177
    }
  },
  "effect_size_ci": {
    "fog": {
      "point_d": 236.52799225406977,
      "ci_95_low": 197.79756072599253,
      "ci_95_high": 356.8716585086756,
      "bootstrap_median": 240.174489895178
    },
    "night": {
      "point_d": 528.7217020276674,
      "ci_95_low": 432.98557497846156,
      "ci_95_high": 805.881298156431,
      "bootstrap_median": 542.3928510112287
    },
    "noise": {
      "point_d": 69.1206247785115,
      "ci_95_low": 56.89919037935973,
      "ci_95_high": 103.52470262597555,
      "bootstrap_median": 71.05362367184208
    },
    "blur": {
      "point_d": 191.55650891977817,
      "ci_95_low": 165.64824597849093,
      "ci_95_high": 256.17853818009746,
      "bootstrap_median": 197.3277023815266
    }
  },
  "loo_cv": {
    "fog": {
      "mean_fpr": 0.0,
      "mean_tpr": 1.0,
      "all_fpr": [
        0.0,
        0.0,
        0.0,
        0.0,
        0.0,
        0.0,
        0.0,
        0.0,
        0.0,
        0.0,
        0.0,
        0.0,
        0.0,
        0.0,
        0.0,
        0.0,
        0.0,
        0.0,
        0.0,
        0.0
      ],
      "all_tpr": [
        1.0,
        1.0,
        1.0,
        1.0,
        1.0,
        1.0,
        1.0,
        1.0,
        1.0,
        1.0,
        1.0,
        1.0,
        1.0,
        1.0,
        1.0,
        1.0,
        1.0,
        1.0,
        1.0,
        1.0
      ],
      "perfect_detection": true
    },
    "night": {
      "mean_fpr": 0.0,
      "mean_tpr": 1.0,
      "all_fpr": [
        0.0,
        0.0,
        0.0,
        0.0,
        0.0,
        0.0,
        0.0,
        0.0,
        0.0,
        0.0,
        0.0,
        0.0,
        0.0,
        0.0,
        0.0,
        0.0,
        0.0,
        0.0,
        0.0,
        0.0
      ],
      "all_tpr": [
        1.0,
        1.0,
        1.0,
        1.0,
        1.0,
        1.0,
        1.0,
        1.0,
        1.0,
        1.0,
        1.0,
        1.0,
        1.0,
        1.0,
        1.0,
        1.0,
        1.0,
        1.0,
        1.0,
        1.0
      ],
      "perfect_detection": true
    },
    "noise": {
      "mean_fpr": 0.0,
      "mean_tpr": 1.0,
      "all_fpr": [
        0.0,
        0.0,
        0.0,
        0.0,
        0.0,
        0.0,
        0.0,
        0.0,
        0.0,
        0.0,
        0.0,
        0.0,
        0.0,
        0.0,
        0.0,
        0.0,
        0.0,
        0.0,
        0.0,
        0.0
      ],
      "all_tpr": [
        1.0,
        1.0,
        1.0,
        1.0,
        1.0,
        1.0,
        1.0,
        1.0,
        1.0,
        1.0,
        1.0,
        1.0,
        1.0,
        1.0,
        1.0,
        1.0,
        1.0,
        1.0,
        1.0,
        1.0
      ],
      "perfect_detection": true
    },
    "blur": {
      "mean_fpr": 0.0,
      "mean_tpr": 1.0,
      "all_fpr": [
        0.0,
        0.0,
        0.0,
        0.0,
        0.0,
        0.0,
        0.0,
        0.0,
        0.0,
        0.0,
        0.0,
        0.0,
        0.0,
        0.0,
        0.0,
        0.0,
        0.0,
        0.0,
        0.0,
        0.0
      ],
      "all_tpr": [
        1.0,
        1.0,
        1.0,
        1.0,
        1.0,
        1.0,
        1.0,
        1.0,
        1.0,
        1.0,
        1.0,
        1.0,
        1.0,
        1.0,
        1.0,
        1.0,
        1.0,
        1.0,
        1.0,
        1.0
      ],
      "perfect_detection": true
    }
  },
  "power_analysis": {
    "fog": {
      "2": 1.0,
      "3": 1.0,
      "5": 1.0,
      "7": 1.0,
      "10": 1.0,
      "15": 1.0,
      "20": 1.0
    },
    "night": {
      "2": 1.0,
      "3": 1.0,
      "5": 1.0,
      "7": 1.0,
      "10": 1.0,
      "15": 1.0,
      "20": 1.0
    },
    "noise": {
      "2": 1.0,
      "3": 1.0,
      "5": 1.0,
      "7": 1.0,
      "10": 1.0,
      "15": 1.0,
      "20": 1.0
    },
    "blur": {
      "2": 1.0,
      "3": 1.0,
      "5": 1.0,
      "7": 1.0,
      "10": 1.0,
      "15": 1.0,
      "20": 1.0
    }
  },
  "multiple_testing": {
    "n_tests": 4,
    "nominal_alpha": 0.05,
    "bonferroni_alpha": 0.0125,
    "all_significant_bonferroni": true,
    "min_p_value": 0.0001999600079984003,
    "max_p_value": 0.0001999600079984003
  }
}