{
  "experiment": "temporal_consistency",
  "experiment_number": 203,
  "timestamp": "20260315_045725",
  "n_frames": 20,
  "results": {
    "highway": {
      "L1": {
        "clean": {
          "dists": [
            0.00016671419143676758,
            0.00016129016876220703,
            0.0001507401466369629,
            0.00016045570373535156,
            0.00016117095947265625,
            0.00015926361083984375,
            0.00014835596084594727,
            0.00016504526138305664,
            0.00016629695892333984,
            0.0001639723777770996,
            0.0001728534698486328,
            0.00016814470291137695,
            0.00016927719116210938,
            0.00016099214553833008,
            0.00017464160919189453,
            0.00015693902969360352,
            0.00017011165618896484,
            0.0001703500747680664,
            0.00017458200454711914,
            0.00016260147094726562
          ],
          "mean": 0.0001641899347305298,
          "std": 6.968093355076184e-06,
          "cv": 0.04243919776563957
        },
        "fog_gradual": {
          "dists": [
            0.00016671419143676758,
            0.00016701221466064453,
            0.00016117095947265625,
            0.00016158819198608398,
            0.00018197298049926758,
            0.00016963481903076172,
            0.00018781423568725586,
            0.00021219253540039062,
            0.0002257823944091797,
            0.0002434253692626953,
            0.0002695918083190918,
            0.00029462575912475586,
            0.0003248453140258789,
            0.0003580451011657715,
            0.00038886070251464844,
            0.0004069209098815918,
            0.0004697442054748535,
            0.0004608631134033203,
            0.0005102753639221191,
            0.0005275607109069824
          ],
          "detection_frame": 4
        },
        "night_sudden": {
          "dists": [
            0.00016671419143676758,
            0.00016129016876220703,
            0.0001507401466369629,
            0.00016045570373535156,
            0.00016117095947265625,
            0.00015926361083984375,
            0.00014835596084594727,
            0.00016504526138305664,
            0.00016629695892333984,
            0.0001639723777770996,
            0.0018811821937561035,
            0.0018630027770996094,
            0.0018528103828430176,
            0.0018658041954040527,
            0.001878201961517334,
            0.0018773078918457031,
            0.0018614530563354492,
            0.001881420612335205,
            0.0018554329872131348,
            0.001863241195678711
          ],
          "detection_frame": 10
        }
      },
      "L3": {
        "clean": {
          "dists": [
            0.0003877878189086914,
            0.0004010200500488281,
            0.0003802180290222168,
            0.00037217140197753906,
            0.00039070844650268555,
            0.00039076805114746094,
            0.0003605484962463379,
            0.00037544965744018555,
            0.0004025697708129883,
            0.00042432546615600586,
            0.0004132390022277832,
            0.0003618597984313965,
            0.0003803372383117676,
            0.00039207935333251953,
            0.00042438507080078125,
            0.00039511919021606445,
            0.00041866302490234375,
            0.00040966272354125977,
            0.0004227757453918457,
            0.00039392709732055664
          ],
          "mean": 0.0003948807716369629,
          "std": 1.9256027498635354e-05,
          "cv": 0.04876414352209633
        },
        "fog_gradual": {
          "dists": [
            0.0003877878189086914,
            0.00039654970169067383,
            0.00037342309951782227,
            0.0003587007522583008,
            0.00036919116973876953,
            0.00037044286727905273,
            0.00035625696182250977,
            0.0003993511199951172,
            0.00040537118911743164,
            0.0004709959030151367,
            0.0004678964614868164,
            0.0005056262016296387,
            0.0005440115928649902,
            0.0005792379379272461,
            0.0006291866302490234,
            0.000656425952911377,
            0.000728607177734375,
            0.0007407069206237793,
            0.000811457633972168,
            0.0008597970008850098
          ],
          "detection_frame": 9
        },
        "night_sudden": {
          "dists": [
            0.0003877878189086914,
            0.0004010200500488281,
            0.0003802180290222168,
            0.00037217140197753906,
            0.00039070844650268555,
            0.00039076805114746094,
            0.0003605484962463379,
            0.00037544965744018555,
            0.0004025697708129883,
            0.00042432546615600586,
            0.0036585330963134766,
            0.003614485263824463,
            0.0035992860794067383,
            0.003608882427215576,
            0.003595888614654541,
            0.003620922565460205,
            0.003664672374725342,
            0.003648817539215088,
            0.0036052465438842773,
            0.003616631031036377
          ],
          "detection_frame": 10
        }
      }
    },
    "urban": {
      "L1": {
        "clean": {
          "dists": [
            0.00014513731002807617,
            0.00015687942504882812,
            0.0001500248908996582,
            0.0001494288444519043,
            0.00014853477478027344,
            0.00016695261001586914,
            0.0001729130744934082,
            0.00017154216766357422,
            0.00015586614608764648,
            0.00015604496002197266,
            0.00014460086822509766,
            0.00017207860946655273,
            0.00015145540237426758,
            0.00016039609909057617,
            0.00015145540237426758,
            0.00015991926193237305,
            0.0001443028450012207,
            0.00017261505126953125,
            0.00015586614608764648,
            0.00015121698379516602
          ],
          "mean": 0.0001568615436553955,
          "std": 9.450825338727006e-06,
          "cv": 0.06024943458764995
        },
        "fog_gradual": {
          "dists": [
            0.00014513731002807617,
            0.00015020370483398438,
            0.0001475811004638672,
            0.00015348196029663086,
            0.0001747608184814453,
            0.00019592046737670898,
            0.0002155303955078125,
            0.0002446174621582031,
            0.00027257204055786133,
            0.00027996301651000977,
            0.0003064870834350586,
            0.0003566741943359375,
            0.00039070844650268555,
            0.00041407346725463867,
            0.0004169344902038574,
            0.00044590234756469727,
            0.00046515464782714844,
            0.0004963874816894531,
            0.0005109906196594238,
            0.000532984733581543
          ],
          "detection_frame": 4
        },
        "night_sudden": {
          "dists": [
            0.00014513731002807617,
            0.00015687942504882812,
            0.0001500248908996582,
            0.0001494288444519043,
            0.00014853477478027344,
            0.00016695261001586914,
            0.0001729130744934082,
            0.00017154216766357422,
            0.00015586614608764648,
            0.00015604496002197266,
            0.001644134521484375,
            0.0016376972198486328,
            0.0016150474548339844,
            0.0016304254531860352,
            0.0016254186630249023,
            0.0016245841979980469,
            0.0016282200813293457,
            0.0016645193099975586,
            0.0016510486602783203,
            0.0016655325889587402
          ],
          "detection_frame": 10
        }
      },