{
  "experiment": "temperature_scaling",
  "experiment_number": 93,
  "timestamp": "20260314_204959",
  "n_cal": 20,
  "n_id": 16,
  "n_ood": 24,
  "temperatures": [
    0.1,
    0.25,
    0.5,
    1.0,
    2.0,
    5.0,
    10.0
  ],
  "results": {
    "hidden_state_auroc": 1.0,
    "temperature_results": {
      "T_0.1_entropy": {
        "auroc": 0.7473958333333333,
        "id_mean": 0.0005317679982964128,
        "id_std": 0.0019757966851784684,
        "ood_mean": 0.11717128562912678,
        "ood_std": 0.23549957546098643
      },
      "T_0.1_top_prob": {
        "auroc": 0.7213541666666667,
        "id_mean": 0.9999336451292038,
        "id_std": 0.0002503997861968163,
        "ood_mean": 0.9472854832808176,
        "ood_std": 0.11722766224300478
      },
      "T_0.1_top5_prob": {
        "auroc": 0.6393229166666667,
        "id_mean": 0.9999999962747097,
        "id_std": 1.4427987285731051e-08,
        "ood_mean": 0.9999721447626749,
        "ood_std": 9.710724852862813e-05
      },
      "T_0.25_entropy": {
        "auroc": 0.7239583333333333,
        "id_mean": 0.030940956831500444,
        "id_std": 0.0701790732011027,
        "ood_mean": 0.2958433774438447,
        "ood_std": 0.4215632366592497
      },
      "T_0.25_top_prob": {
        "auroc": 0.7291666666666666,
        "id_mean": 0.9935870803892612,
        "id_std": 0.016580160371057133,
        "ood_mean": 0.8874291107058525,
        "ood_std": 0.1805036230635184
      },
      "T_0.25_top5_prob": {
        "auroc": 0.6328125,
        "id_mean": 0.9999851770699024,
        "id_std": 3.986931319569209e-05,
        "ood_mean": 0.9963775450984637,
        "ood_std": 0.011694127329868248
      },
      "T_0.5_entropy": {
        "auroc": 0.6979166666666667,
        "id_mean": 0.259503148146905,
        "id_std": 0.2542723755644981,
        "ood_mean": 0.6753759211666571,
        "ood_std": 0.5969366315002719
      },
      "T_0.5_top_prob": {
        "auroc": 0.7083333333333333,
        "id_mean": 0.941232480108738,
        "id_std": 0.0770488081071893,
        "ood_mean": 0.7785241094728311,
        "ood_std": 0.2303877745225133
      },
      "T_0.5_top5_prob": {
        "auroc": 0.6614583333333334,
        "id_mean": 0.9960721060633659,
        "id_std": 0.004217487410337072,
        "ood_mean": 0.9739717865983645,
        "ood_std": 0.05245228422473391
      },
      "T_1.0_entropy": {
        "auroc": 0.625,
        "id_mean": 1.587067387998104,
        "id_std": 0.45559225567141093,
        "ood_mean": 1.8238835881153743,
        "ood_std": 0.617141077861831
      },
      "T_1.0_top_prob": {
        "auroc": 0.6822916666666666,
        "id_mean": 0.6502062268555164,
        "id_std": 0.13434462688872367,
        "ood_mean": 0.5174165467421213,
        "ood_std": 0.21599440277445348
      },
      "T_1.0_top5_prob": {
        "auroc": 0.6171875,
        "id_mean": 0.8624569587409496,
        "id_std": 0.055745688795897086,
        "ood_mean": 0.8184528648853302,
        "ood_std": 0.10493990419556476
      },
      "T_2.0_entropy": {
        "auroc": 0.421875,
        "id_mean": 4.464000582695007,
        "id_std": 0.2963696143926403,
        "ood_mean": 4.332033505042394,
        "ood_std": 0.32017401796461936
      },
      "T_2.0_top_prob": {
        "auroc": 0.6093749999999999,
        "id_mean": 0.17666824022307992,
        "id_std": 0.04903278337938667,
        "ood_mean": 0.1634179693646729,
        "ood_std": 0.07474662935185626
      },
      "T_2.0_top5_prob": {
        "auroc": 0.4635416666666667,
        "id_mean": 0.3609432019293308,
        "id_std": 0.04840344814799498,
        "ood_mean": 0.3774151603380839,
        "ood_std": 0.06306691007107648
      },
      "T_5.0_entropy": {
        "auroc": 0.5833333333333334,
        "id_mean": 10.090708374977112,
        "id_std": 0.04953695116562823,
        "ood_mean": 10.095151742299398,
        "ood_std": 0.08509529215439326
      },
      "T_5.0_top_prob": {
        "auroc": 0.6171875,
        "id_mean": 0.0033061256690416485,
        "id_std": 0.0006389605851666939,
        "ood_mean": 0.0032566461886744946,
        "ood_std": 0.0012554203406971761
      },
      "T_5.0_top5_prob": {
        "auroc": 0.5130208333333333,
        "id_mean": 0.011032737180357799,
        "id_std": 0.0018629532683826287,
        "ood_mean": 0.0113537204451859,
        "ood_std": 0.002540971320788392
      },
      "T_10.0_entropy": {
        "auroc": 0.47656249999999994,
        "id_mean": 10.348568856716156,
        "id_std": 0.0032105923451214236,
        "ood_mean": 10.347569306691488,
        "ood_std": 0.005487633849369313
      },
      "T_10.0_top_prob": {
        "auroc": 0.6171875,
        "id_mean": 0.0003343876414874103,
        "id_std": 3.4928353630151503e-05,
        "ood_mean": 0.0003286422791764683,
        "ood_std": 6.373564820920429e-05
      },
      "T_10.0_top5_prob": {
        "auroc": 0.5078125,
        "id_mean": 0.0013568305803346448,
        "id_std": 0.00012621754353318577,
        "ood_mean": 0.001375214943739896,
        "ood_std": 0.00015922263888731625
      }
    },
    "best_T_entropy": {
      "temperature": 0.1,
      "auroc": 0.7473958333333333
    },
    "best_T_top_prob": {
      "temperature": 0.25,
      "auroc": 0.7291666666666666
    },
    "best_T_top5_prob": {
      "temperature": 0.5,
      "auroc": 0.6614583333333334
    }
  }
}