{
  "experiment": "temporal_stability",
  "experiment_number": 80,
  "timestamp": "20260314_200628",
  "n_cal": 30,
  "n_ood": 18,
  "drift_levels": [
    0.0,
    0.1,
    0.2,
    0.3,
    0.4,
    0.5,
    0.6,
    0.7,
    0.8,
    0.9,
    1.0
  ],
  "critical_drift": null,
  "results": {
    "0.0": {
      "auroc": 1.0,
      "cohens_d": 10.708039465175075,
      "id_mean_dist": 0.08735315501689911,
      "ood_mean_dist": 0.40837783614794415,
      "centroid_drift": 0.08735315501689911,
      "n_id": 16
    },
    "0.1": {
      "auroc": 1.0,
      "cohens_d": 10.638124484265854,
      "id_mean_dist": 0.08941640704870224,
      "ood_mean_dist": 0.40837783614794415,
      "centroid_drift": 0.08941640704870224,
      "n_id": 16
    },
    "0.2": {
      "auroc": 1.0,
      "cohens_d": 10.597082596136405,
      "id_mean_dist": 0.09140602499246597,
      "ood_mean_dist": 0.40837783614794415,
      "centroid_drift": 0.09140602499246597,
      "n_id": 16
    },
    "0.3": {
      "auroc": 1.0,
      "cohens_d": 10.399970337997313,
      "id_mean_dist": 0.09713085368275642,
      "ood_mean_dist": 0.40837783614794415,
      "centroid_drift": 0.09713085368275642,
      "n_id": 16
    },
    "0.4": {
      "auroc": 1.0,
      "cohens_d": 10.119922453740173,
      "id_mean_dist": 0.1046808548271656,
      "ood_mean_dist": 0.40837783614794415,
      "centroid_drift": 0.1046808548271656,
      "n_id": 16
    },
    "0.5": {
      "auroc": 1.0,
      "cohens_d": 9.733687470918717,
      "id_mean_dist": 0.11424406617879868,
      "ood_mean_dist": 0.40837783614794415,
      "centroid_drift": 0.11424406617879868,
      "n_id": 16
    },
    "0.6": {
      "auroc": 1.0,
      "cohens_d": 9.252671895794,
      "id_mean_dist": 0.12770914286375046,
      "ood_mean_dist": 0.40837783614794415,
      "centroid_drift": 0.12770914286375046,
      "n_id": 16
    },
    "0.7": {
      "auroc": 1.0,
      "cohens_d": 8.535070005575161,
      "id_mean_dist": 0.14511292427778244,
      "ood_mean_dist": 0.40837783614794415,
      "centroid_drift": 0.14511292427778244,
      "n_id": 16
    },
    "0.8": {
      "auroc": 1.0,
      "cohens_d": 7.6283027083055055,
      "id_mean_dist": 0.17155718430876732,
      "ood_mean_dist": 0.40837783614794415,
      "centroid_drift": 0.17155718430876732,
      "n_id": 16
    },
    "0.9": {
      "auroc": 1.0,
      "cohens_d": 6.537697290038816,
      "id_mean_dist": 0.20899146795272827,
      "ood_mean_dist": 0.40837783614794415,
      "centroid_drift": 0.20899146795272827,
      "n_id": 16
    },
    "1.0": {
      "auroc": 1.0,
      "cohens_d": 5.50009225420928,
      "id_mean_dist": 0.24154489859938622,
      "ood_mean_dist": 0.40837783614794415,
      "centroid_drift": 0.24154489859938622,
      "n_id": 16
    }
  }
}