{
  "timestamp": "20260314_111110",
  "config": {
    "temperatures": [
      0.5,
      0.75,
      1.0,
      1.5,
      2.0,
      3.0,
      5.0
    ],
    "n_samples": 100,
    "scenarios": {
      "highway": 20,
      "urban": 20,
      "night": 15,
      "rain": 15,
      "fog": 15,
      "ood_noise": 15
    }
  },
  "temp_summaries": {
    "0.5": {
      "conf_mean": 0.7800775803639831,
      "conf_std": 0.09773944765957586,
      "entropy_mean": 0.5477048318974737,
      "entropy_std": 0.2173067176092133,
      "perplexity_mean": 2.0519370781753086
    },
    "0.75": {
      "conf_mean": 0.6732326777985107,
      "conf_std": 0.1074787749674297,
      "entropy_mean": 0.8844621540445726,
      "entropy_std": 0.27683124010493987,
      "perplexity_mean": 3.1973816387902145
    },
    "1.0": {
      "conf_mean": 0.5744251764871416,
      "conf_std": 0.10866402386620026,
      "entropy_mean": 1.2470920450715135,
      "entropy_std": 0.31733059307140093,
      "perplexity_mean": 5.033465500095744
    },
    "1.5": {
      "conf_mean": 0.4090615190478924,
      "conf_std": 0.09491745629237644,
      "entropy_mean": 1.9852809649990846,
      "entropy_std": 0.3588575622007133,
      "perplexity_mean": 11.489818079984989
    },
    "2.0": {
      "conf_mean": 0.2895728220277048,
      "conf_std": 0.07492347968757476,
      "entropy_mean": 2.6556219419364426,
      "entropy_std": 0.3669204191550398,
      "perplexity_mean": 22.010486469988756
    },
    "3.0": {
      "conf_mean": 0.15355048460568763,
      "conf_std": 0.04320959708165676,
      "entropy_mean": 3.654953525762206,
      "entropy_std": 0.3250474701077399,
      "perplexity_mean": 51.83192732835651
    },
    "5.0": {
      "conf_mean": 0.06014153907532134,
      "conf_std": 0.015925068208172414,
      "entropy_mean": 4.678990909627505,
      "entropy_std": 0.18239807480289713,
      "perplexity_mean": 117.42225902424416
    }
  },
  "scenario_temp_confs": {
    "highway": {
      "0.5": 0.8680957096456,
      "0.75": 0.7808709734770137,
      "1.0": 0.687768727075061,
      "1.5": 0.5105709380338675,
      "2.0": 0.370779079677904,
      "3.0": 0.20164788552470156,
      "5.0": 0.0790699536645719
    },
    "urban": {
      "0.5": 0.7596729117752108,
      "0.75": 0.6535569293505188,
      "1.0": 0.5588233070740238,
      "1.5": 0.40521322378233793,
      "2.0": 0.2936668187138942,
      "3.0": 0.1606921305676168,
      "5.0": 0.06333059851108237
    },
    "night": {
      "0.5": 0.7090329438178656,
      "0.75": 0.5811921044579208,
      "1.0": 0.4743038826460272,
      "1.5": 0.3178576148029014,
      "2.0": 0.21823816539780969,
      "3.0": 0.11435014131722371,
      "5.0": 0.04642034618662668
    },
    "rain": {
      "0.5": 0.7643588491164836,
      "0.75": 0.6463532067091243,
      "1.0": 0.5402349635615782,
      "1.5": 0.37242448686408364,
      "2.0": 0.2583188437578045,
      "3.0": 0.13514778939163027,
      "5.0": 0.05385268961466007
    },
    "fog": {
      "0.5": 0.7522796193256832,
      "0.75": 0.6480561623218283,
      "1.0": 0.5541357774615643,
      "1.5": 0.39512596420795965,
      "2.0": 0.27845788555553924,
      "3.0": 0.14590165564478258,
      "5.0": 0.0567599737631157
    },
    "ood_noise": {
      "0.5": 0.8044876282721077,
      "0.75": 0.7000458413978212,
      "1.0": 0.5987038407129952,
      "1.5": 0.42062317868939736,
      "2.0": 0.289542720951148,
      "3.0": 0.14515028956119,
      "5.0": 0.054043181370200886
    }
  }
}