{
  "n_frames": 10,
  "frame_stability": {
    "clean": {
      "consecutive_dists": [
        2.264314268196621e-06,
        4.273305420299245e-06,
        5.506120906439982e-06,
        1.0830863431454674e-05,
        1.0620765522384445e-05,
        2.0043458230367683e-05,
        2.334082474064747e-05,
        3.272457781355875e-05,
        4.282462835414336e-05
      ],
      "mean": 1.6936539854165804e-05,
      "max": 4.282462835414336e-05
    },
    "fog": {
      "consecutive_dists": [
        1.1440494025571901e-05,
        1.567850124140069e-05,
        1.7294732052475226e-05,
        2.0217335536254488e-05,
        5.8298970109227355e-06,
        6.236978963625184e-06,
        2.6284968345002824e-05,
        2.004385225218286e-05,
        1.1512389467838169e-05
      ],
      "mean": 1.494879432169712e-05,
      "max": 2.6284968345002824e-05,
      "centroid_dists": [
        0.0034420600330733464,
        0.003470731825012674,
        0.0034416708757571968,
        0.0034897651166080346,
        0.003404547322861662,
        0.003433608923820053,
        0.003409583893977164,
        0.0033898114276589286,
        0.0034263513468109075,
        0.0035114637652962077
      ],
      "mean_centroid_dist": 0.0034419594530876174
    },
    "night": {
      "consecutive_dists": [
        1.244860895222022e-05,
        9.324863588511256e-06,
        2.450069246062725e-05,
        2.810309701151148e-05,
        2.6088741014285155e-05,
        2.532097120244714e-05,
        2.46477454893812e-05,
        2.35729498679893e-05,
        1.3358917522521274e-05
      ],
      "mean": 2.0818509678832697e-05,
      "max": 2.810309701151148e-05,
      "centroid_dists": [
        0.008800608273012878,
        0.00878337109573546,
        0.008813508899417122,
        0.008834304208355515,
        0.008795480494758645,
        0.008868310955725822,
        0.008718487982271372,
        0.008956071182892988,
        0.008829438023980729,
        0.008724494512800995
      ],
      "mean_centroid_dist": 0.008812407562895152
    },
    "noise": {
      "consecutive_dists": [
        1.445471480476801e-05,
        1.7084214846474488e-05,
        1.8652461204138326e-05,
        2.1061909100228426e-05,
        8.956902786794174e-06,
        2.285555947700857e-05,
        2.22125611466506e-05,
        4.7778062670755794e-05,
        2.5219029372136603e-05
      ],
      "mean": 2.203060171210611e-05,
      "max": 4.7778062670755794e-05,
      "centroid_dists": [
        0.0001683787407955606,
        0.00014787378569902643,
        0.00018820517146556082,
        0.00014939116617462833,
        0.0001899154272714254,
        0.00017583368603535376,
        0.000159669300168086,
        0.000189070276333414,
        0.00014600498665862105,
        0.0001686094222461687
      ],
      "mean_centroid_dist": 0.00016829519628478451
    },
    "blur": {
      "consecutive_dists": [
        1.1647946601245351e-05,
        2.072005777475905e-05,
        4.3198132596011796e-05,
        6.351352144695621e-05,
        4.9629091577130247e-05,
        5.474664730009682e-05,
        0.0001430623243354745,
        0.0002038065271927625,
        0.00018352274027688686
      ],
      "mean": 8.598299878903592e-05,
      "max": 0.0002038065271927625,
      "centroid_dists": [
        0.0076706866831735,
        0.007662863273861342,
        0.007739443152319669,
        0.007942749869171872,
        0.007638009061603279,
        0.007768751684704589,
        0.007615299799028641,
        0.007198658556310411,
        0.007584522862588594,
        0.0073777798965067865
      ],
      "mean_centroid_dist": 0.0076198764839268684
    }
  },
  "action_stability": {
    "clean": {
      "n_action_changes": 6,
      "unique_actions": 7
    },
    "fog": {
      "n_action_changes": 0,
      "unique_actions": 1,
      "matches_clean": 0
    },
    "night": {
      "n_action_changes": 7,
      "unique_actions": 4,
      "matches_clean": 0
    },
    "noise": {
      "n_action_changes": 8,
      "unique_actions": 6,
      "matches_clean": 0
    },
    "blur": {
      "n_action_changes": 9,
      "unique_actions": 9,
      "matches_clean": 0
    }
  },
  "corruption_onset": {
    "fog": {
      "centroid_dists": [
        3.513622936712757e-06,
        3.8608053607447346e-06,
        5.794990650342946e-06,
        5.62392668279621e-06,
        5.668857451568421e-06,
        0.003433608923820053,
        0.003409583893977164,
        0.0033898114276589286,
        0.0034263513468109075,
        0.0035114637652962077
      ],
      "velocities": [
        2.264314268196621e-06,
        4.273305420299245e-06,
        5.506120906439982e-06,
        1.0830863431454674e-05,
        0.003354619695749239,
        6.236978963625184e-06,
        2.6284968345002824e-05,
        2.004385225218286e-05,
        1.1512389467838169e-05
      ],
      "onset_frame": 4,
      "onset_velocity": 0.003354619695749239,
      "pre_onset_mean_vel": 5.71865100659763e-06,
      "post_onset_mean_vel": 1.601954725716226e-05
    },
    "night": {
      "centroid_dists": [
        3.513622936712757e-06,
        3.8608053607447346e-06,
        5.794990650342946e-06,
        5.62392668279621e-06,
        5.668857451568421e-06,
        0.008868310955725822,
        0.008718487982271372,
        0.008956071182892988,
        0.008829438023980729,
        0.008724494512800995
      ],
      "velocities": [
        2.264314268196621e-06,
        4.273305420299245e-06,
        5.506120906439982e-06,
        1.0830863431454674e-05,
        0.008846309299397115,
        2.532097120244714e-05,
        2.46477454893812e-05,
        2.35729498679893e-05,
        1.3358917522521274e-05
      ],
      "onset_frame": 4,
      "onset_velocity": 0.008846309299397115,
      "pre_onset_mean_vel": 5.71865100659763e-06,
      "post_onset_mean_vel": 2.172514602058473e-05
    },
    "noise": {
      "centroid_dists": [
        3.513622936712757e-06,
        3.8608053607447346e-06,
        5.794990650342946e-06,
        5.62392668279621e-06,
        5.668857451568421e-06,
        0.00017583368603535376,
        0.000159669300168086,
        0.000189070276333414,
        0.00014600498665862105,
        0.0001686094222461687
      ],
      "velocities": [
        2.264314268196621e-06,
        4.273305420299245e-06,
        5.506120906439982e-06,
        1.0830863431454674e-05,
        0.00020804683133768265,
        2.285555947700857e-05,
        2.22125611466506e-05,
        4.7778062670755794e-05,
        2.5219029372136603e-05
      ],
      "onset_frame": 4,
      "onset_velocity": 0.00020804683133768265,
      "pre_onset_mean_vel": 5.71865100659763e-06,
      "post_onset_mean_vel": 2.951630316663789e-05
    },
    "blur": {
      "centroid_dists": [
        3.513622936712757e-06,
        3.8608053607447346e-06,
        5.794990650342946e-06,
        5.62392668279621e-06,
        5.668857451568421e-06,
        0.007768751684704589,
        0.007615299799028641,
        0.007198658556310411,
        0.007584522862588594,
        0.0073777798965067865
      ],
      "velocities": [
        2.264314268196621e-06,
        4.273305420299245e-06,
        5.506120906439982e-06,
        1.0830863431454674e-05,
        0.0077387515476046165,
        5.474664730009682e-05,
        0.0001430623243354745,
        0.0002038065271927625,
        0.00018352274027688686
      ],
      "onset_frame": 4,
      "onset_velocity": 0.0077387515476046165,
      "pre_onset_mean_vel": 5.71865100659763e-06,
      "post_onset_mean_vel": 0.00014628455977630517
    }
  },
  "temporal_smoothing": {
    "fog": {
      "single_auroc": 1.0,
      "smooth_3_auroc": 1.0,
      "smooth_5_auroc": 1.0,
      "single_mean": 0.0034419594530876174,
      "single_std": 3.6639840136226734e-05
    },
    "night": {
      "single_auroc": 1.0,
      "smooth_3_auroc": 1.0,
      "smooth_5_auroc": 1.0,
      "single_mean": 0.008812407562895152,