{
  "distributions": {
    "clean": {
      "n": 8,
      "mean": 1.4901161193847656e-08,
      "std": 3.942476676500724e-08,
      "min": 0.0,
      "max": 1.1920928955078125e-07,
      "median": 0.0,
      "p25": 0.0,
      "p75": 0.0,
      "p95": 7.748603820800775e-08,
      "p99": 1.1086463928222653e-07
    },
    "benign": {
      "n": 56,
      "mean": 0.00024044087954929898,
      "std": 0.00022192441446419777,
      "min": 2.956390380859375e-05,
      "max": 0.0006739497184753418,
      "median": 7.194280624389648e-05,
      "p25": 4.912912845611572e-05,
      "p75": 0.00046528875827789307,
      "p95": 0.0005830824375152588,
      "p99": 0.0006388723850250246
    },
    "corrupt_low": {
      "n": 96,
      "mean": 9.513398011525472e-05,
      "std": 0.00020024524618740493,
      "min": 1.7881393432617188e-06,
      "max": 0.0008525848388671875,
      "median": 2.205371856689453e-05,
      "p25": 7.599592208862305e-06,
      "p75": 7.067620754241943e-05,
      "p95": 0.0006975680589675903,
      "p99": 0.0007950544357299803
    },
    "corrupt_mid": {
      "n": 96,
      "mean": 0.0011242746065060298,
      "std": 0.0015105983714136925,
      "min": 1.049041748046875e-05,
      "max": 0.00536876916885376,
      "median": 0.0003769099712371826,
      "p25": 0.00012171268463134766,
      "p75": 0.0012539029121398926,
      "p95": 0.004740402102470398,
      "p99": 0.005201613903045654
    },
    "corrupt_high": {
      "n": 96,
      "mean": 0.002783011024196943,
      "std": 0.002481433339961265,
      "min": 0.00022971630096435547,
      "max": 0.008713006973266602,
      "median": 0.001797109842300415,
      "p25": 0.0007275044918060303,
      "p75": 0.004891574382781982,
      "p95": 0.008107960224151611,
      "p99": 0.008519861102104186
    }
  },
  "roc": {
    "auc": 0.5545247395833334,
    "n_negatives": 64,
    "n_positives": 288,
    "best_f1": 0.909952606635071,
    "best_threshold": 0.0,
    "best_f1_details": {
      "threshold": 0.0,
      "tpr": 1.0,
      "fpr": 0.890625,
      "f1": 0.909952606635071,
      "tp": 288,
      "fp": 57,
      "fn": 0,
      "tn": 7
    }
  },
  "gap_analysis": {
    "max_benign": 0.0006739497184753418,
    "min_corrupt_low": 1.7881393432617188e-06,
    "min_corrupt_mid": 1.049041748046875e-05,
    "min_corrupt_high": 0.00022971630096435547,
    "gap_to_low_corrupt": -0.0006721615791320801,
    "gap_to_mid_corrupt": -0.000663459300994873,
    "gap_to_high_corrupt": -0.00044423341751098633,
    "gap_ratio_low": 0.0026532236667551074,
    "gap_ratio_mid": 0.015565578844963297,
    "gap_ratio_high": 0.34085080038913945,
    "separable_low": false,
    "separable_mid": false,
    "separable_high": false
  },
  "per_type": {
    "fog": {
      "overall_min": 1.2695789337158203e-05,
      "overall_max": 0.0031578540802001953,
      "overall_mean": 0.001057674487431844,
      "by_severity": {
        "0.05": {
          "mean": 1.5154480934143066e-05,
          "min": 1.2695789337158203e-05,
          "max": 2.008676528930664e-05
        },
        "0.1": {
          "mean": 5.1818788051605225e-05,
          "min": 4.076957702636719e-05,
          "max": 6.729364395141602e-05
        },
        "0.3": {
          "mean": 0.0003850013017654419,
          "min": 0.00036025047302246094,
          "max": 0.00044471025466918945
        },
        "0.5": {
          "mean": 0.0009592175483703613,
          "min": 0.0008383989334106445,
          "max": 0.0010797381401062012
        },
        "0.8": {
          "mean": 0.0020218491554260254,
          "min": 0.001854240894317627,
          "max": 0.0021773576736450195
        },
        "1.0": {
          "mean": 0.0029130056500434875,
          "min": 0.0026720166206359863,
          "max": 0.0031578540802001953
        }
      },
      "min_detectable_above_benign": 0.0008383989334106445
    },
    "night": {
      "overall_min": 2.4020671844482422e-05,
      "overall_max": 0.008713006973266602,
      "overall_mean": 0.0026365009446938834,
      "by_severity": {
        "0.05": {
          "mean": 2.8736889362335205e-05,
          "min": 2.4020671844482422e-05,
          "max": 3.361701965332031e-05
        },
        "0.1": {
          "mean": 9.397417306900024e-05,
          "min": 8.082389831542969e-05,
          "max": 0.00010854005813598633
        },
        "0.3": {
          "mean": 0.0008190348744392395,
          "min": 0.0007545948028564453,
          "max": 0.0009391307830810547
        },
        "0.5": {
          "mean": 0.00197727233171463,
          "min": 0.0017763972282409668,
          "max": 0.0021504759788513184
        },
        "0.8": {
          "mean": 0.004691988229751587,
          "min": 0.004377126693725586,
          "max": 0.005049765110015869
        },
        "1.0": {
          "mean": 0.008207999169826508,
          "min": 0.007649660110473633,
          "max": 0.008713006973266602
        }
      },
      "min_detectable_above_benign": 0.0007545948028564453
    },
    "noise": {
      "overall_min": 3.7550926208496094e-06,
      "overall_max": 0.0006233453750610352,
      "overall_mean": 0.00017104918758074442,
      "by_severity": {
        "0.05": {
          "mean": 6.385147571563721e-06,
          "min": 3.7550926208496094e-06,
          "max": 1.5854835510253906e-05
        },
        "0.1": {
          "mean": 1.3522803783416748e-05,
          "min": 9.775161743164062e-06,
          "max": 1.6868114471435547e-05
        },
        "0.3": {
          "mean": 6.454437971115112e-05,
          "min": 4.1961669921875e-05,
          "max": 9.870529174804688e-05
        },
        "0.5": {
          "mean": 0.0001367628574371338,
          "min": 8.797645568847656e-05,
          "max": 0.00019663572311401367
        },
        "0.8": {
          "mean": 0.0003081485629081726,
          "min": 0.00022971630096435547,
          "max": 0.0003876686096191406
        },
        "1.0": {
          "mean": 0.0004969313740730286,
          "min": 0.0003876686096191406,
          "max": 0.0006233453750610352
        }
      },
      "min_detectable_above_benign": null
    },
    "blur": {
      "overall_min": 9.08970832824707e-05,
      "overall_max": 0.00611954927444458,
      "overall_mean": 0.0033813615640004477,
      "by_severity": {
        "0.05": {
          "mean": 0.00013953447341918945,
          "min": 9.08970832824707e-05,
          "max": 0.0002066493034362793
        },
        "0.1": {
          "mean": 0.0007423758506774902,
          "min": 0.0006627440452575684,
          "max": 0.0008525848388671875
        },
        "0.3": {
          "mean": 0.0035450756549835205,
          "min": 0.003190159797668457,
          "max": 0.003771841526031494
        },
        "0.5": {
          "mean": 0.004896298050880432,
          "min": 0.004403889179229736,
          "max": 0.00536876916885376
        },
        "0.8": {
          "mean": 0.005354084074497223,
          "min": 0.004728794097900391,
          "max": 0.005916118621826172
        },
        "1.0": {
          "mean": 0.00561080127954483,
          "min": 0.004858732223510742,
          "max": 0.00611954927444458
        }
      },
      "min_detectable_above_benign": 0.0006763935089111328
    },
    "rain": {
      "overall_min": 1.7881393432617188e-06,
      "overall_max": 0.0017399787902832031,
      "overall_mean": 0.00037944937745730084,
      "by_severity": {
        "0.05": {
          "mean": 3.166496753692627e-06,
          "min": 1.7881393432617188e-06,
          "max": 5.900859832763672e-06
        },
        "0.1": {
          "mean": 4.038214683532715e-06,
          "min": 2.562999725341797e-06,
          "max": 1.1801719665527344e-05
        },
        "0.3": {
          "mean": 1.9803643226623535e-05,
          "min": 1.049041748046875e-05,
          "max": 3.254413604736328e-05
        },
        "0.5": {
          "mean": 0.00011470913887023926,
          "min": 6.80685043334961e-05,
          "max": 0.00018084049224853516
        },