{
  "experiment": "threshold_analysis",
  "experiment_number": 84,
  "timestamp": "20260314_201905",
  "auroc": 1.0,
  "n_id": 40,
  "n_ood": 54,
  "n_cal": 30,
  "strategies": {
    "youden": {
      "threshold": 0.24651777744293213,
      "fpr": 0.0,
      "tpr": 1.0,
      "j_score": 1.0
    },
    "fpr_1pct": {
      "threshold": 0.24651777744293213,
      "fpr": 0.0,
      "tpr": 1.0
    },
    "fpr_5pct": {
      "threshold": 0.24651777744293213,
      "fpr": 0.0,
      "tpr": 1.0
    },
    "eer": {
      "threshold": 0.24651777744293213,
      "fpr": 0.0,
      "tpr": 1.0,
      "eer": 0.0
    },
    "cal_mean_2std": {
      "threshold": 0.09851264263849438,
      "fpr": 0.1,
      "tpr": 1.0
    },
    "cal_mean_3std": {
      "threshold": 0.10488691487403184,
      "fpr": 0.025,
      "tpr": 1.0
    },
    "cal_mean_5std": {
      "threshold": 0.11763545934510677,
      "fpr": 0.025,
      "tpr": 1.0
    }
  },
  "per_category_tpr": {
    "blackout": 1.0,
    "twilight": 1.0,
    "noise": 1.0,
    "inverted": 1.0,
    "indoor": 1.0,
    "snow": 0.9
  },
  "id_stats": {
    "mean": 0.08825242817401886,
    "std": 0.008495226270993306,
    "min": 0.07721257209777832,
    "max": 0.12378478050231934
  },
  "ood_stats": {
    "mean": 0.37339980624340197,
    "std": 0.07773271261637592,
    "min": 0.24651777744293213,
    "max": 0.4822801351547241
  },
  "roc_curve": {
    "fpr": [
      0.0,
      0.0,
      0.0,
      1.0
    ],
    "tpr": [
      0.0,
      0.1111111111111111,
      1.0,
      1.0
    ],
    "thresholds": [
      Infinity,
      0.4822801351547241,
      0.24651777744293213,
      0.07721257209777832
    ]
  }
}