{
  "experiment": "threshold_analysis",
  "experiment_number": 130,
  "timestamp": "20260314_235752",
  "auroc": 1.0,
  "optimal_threshold": 0.1977921724319458,
  "score_gap": 0.10042721033096313,
  "id_stats": {
    "mean": 0.0878322422504425,
    "std": 0.0058159793398475735,
    "min": 0.07894337177276611,
    "max": 0.09736496210098267
  },
  "ood_stats": {
    "mean": 0.34094098806381223,
    "std": 0.09329542688897667,
    "min": 0.1977921724319458,
    "max": 0.4662448763847351
  },
  "per_category": {
    "snow": {
      "mean": 0.2622380256652832,
      "std": 0.00651490170985278,
      "min": 0.24967604875564575,
      "max": 0.2753664255142212
    },
    "twilight": {
      "mean": 0.4400688409805298,
      "std": 0.011584733606927682,
      "min": 0.419344425201416,
      "max": 0.46226179599761963
    },
    "noise": {
      "mean": 0.43763019641240436,
      "std": 0.012873086579741452,
      "min": 0.41766470670700073,
      "max": 0.4662448763847351
    },
    "urban": {
      "mean": 0.08962047100067139,
      "std": 0.006017096083762555,
      "min": 0.07894337177276611,
      "max": 0.09736496210098267
    },
    "fog": {
      "mean": 0.2091037631034851,
      "std": 0.00885994305424175,
      "min": 0.1977921724319458,
      "max": 0.23384392261505127
    },
    "indoor": {
      "mean": 0.3556641141573588,
      "std": 0.011497982147708061,
      "min": 0.33645105361938477,
      "max": 0.37334930896759033
    },
    "highway": {
      "mean": 0.08604401350021362,
      "std": 0.005005023671826806,
      "min": 0.0806763768196106,
      "max": 0.09598249197006226
    }
  },
  "recommendations": {
    "conservative (id_mean + 3*std)": 0.10528018026998523,
    "moderate (id_mean + 5*std)": 0.11691213894968037,
    "relaxed (midpoint)": 0.14757856726646423
  },
  "n_operating_points": 50
}