{
  "token_entropy": {
    "clean": {
      "dim0": {
        "mean_entropy": 3.479015827178955,
        "std_entropy": 0.5170563459396362
      },
      "dim1": {
        "mean_entropy": 1.2334040403366089,
        "std_entropy": 1.5921183824539185
      },
      "dim2": {
        "mean_entropy": 1.2831666469573975,
        "std_entropy": 0.8931767344474792
      },
      "dim3": {
        "mean_entropy": 0.9011618494987488,
        "std_entropy": 0.8430605530738831
      },
      "dim4": {
        "mean_entropy": 1.6427228450775146,
        "std_entropy": 0.8123247027397156
      },
      "dim5": {
        "mean_entropy": 1.4650633335113525,
        "std_entropy": 1.0155041217803955
      },
      "dim6": {
        "mean_entropy": 0.6072084307670593,
        "std_entropy": 0.6111139059066772
      }
    },
    "fog": {
      "dim0": {
        "mean_entropy": 3.291642665863037,
        "std_entropy": 0.1378050297498703
      },
      "dim1": {
        "mean_entropy": 2.8054933547973633,
        "std_entropy": 1.164821982383728
      },
      "dim2": {
        "mean_entropy": 2.067629814147949,
        "std_entropy": 0.7816332578659058
      },
      "dim3": {
        "mean_entropy": 1.2156879901885986,
        "std_entropy": 0.8407027125358582
      },
      "dim4": {
        "mean_entropy": 1.2387274503707886,
        "std_entropy": 1.0368415117263794
      },
      "dim5": {
        "mean_entropy": 1.3667634725570679,
        "std_entropy": 0.9410258531570435
      },
      "dim6": {
        "mean_entropy": 1.1484898328781128,
        "std_entropy": 0.9391129016876221
      }
    },
    "night": {
      "dim0": {
        "mean_entropy": 3.8907856941223145,
        "std_entropy": 0.3566453754901886
      },
      "dim1": {
        "mean_entropy": 2.4518744945526123,
        "std_entropy": 0.6316239237785339
      },
      "dim2": {
        "mean_entropy": 2.04685378074646,
        "std_entropy": 1.3001797199249268
      },
      "dim3": {
        "mean_entropy": 1.4908422231674194,
        "std_entropy": 1.2471754550933838
      },
      "dim4": {
        "mean_entropy": 0.9067788124084473,
        "std_entropy": 0.5004826188087463
      },
      "dim5": {
        "mean_entropy": 2.7018375396728516,
        "std_entropy": 1.0943009853363037
      },
      "dim6": {
        "mean_entropy": 0.47461286187171936,
        "std_entropy": 0.6343988180160522
      }
    },
    "noise": {
      "dim0": {
        "mean_entropy": 3.239288330078125,
        "std_entropy": 1.2468675374984741
      },
      "dim1": {
        "mean_entropy": 1.8108012676239014,
        "std_entropy": 1.6170146465301514
      },
      "dim2": {
        "mean_entropy": 1.86933171749115,
        "std_entropy": 0.9283737540245056
      },
      "dim3": {
        "mean_entropy": 1.1335976123809814,
        "std_entropy": 0.9734274744987488
      },
      "dim4": {
        "mean_entropy": 0.9788334965705872,
        "std_entropy": 0.6362319588661194
      },
      "dim5": {
        "mean_entropy": 0.2722141146659851,
        "std_entropy": 0.37399065494537354
      },
      "dim6": {
        "mean_entropy": 0.4112420678138733,
        "std_entropy": 0.4632371664047241
      }
    },
    "blur": {
      "dim0": {
        "mean_entropy": 5.569754600524902,
        "std_entropy": 0.4480862021446228
      },
      "dim1": {
        "mean_entropy": 3.280003070831299,
        "std_entropy": 0.8671082258224487
      },
      "dim2": {
        "mean_entropy": 4.142007827758789,
        "std_entropy": 0.699815571308136
      },
      "dim3": {
        "mean_entropy": 3.1627261638641357,
        "std_entropy": 1.3049638271331787
      },
      "dim4": {
        "mean_entropy": 2.8808693885803223,
        "std_entropy": 1.06000554561615
      },
      "dim5": {
        "mean_entropy": 2.7590181827545166,
        "std_entropy": 0.9132347702980042
      },
      "dim6": {
        "mean_entropy": 1.2887372970581055,
        "std_entropy": 0.9685506224632263
      }
    }
  },
  "topk_coverage": {
    "clean": {
      "top1": 0.7132862431662423,
      "top3": 0.8715493415083204,
      "top5": 0.9242677348000663,
      "top10": 0.9674500073705401
    },
    "fog": {
      "top1": 0.6053401912961688,
      "top3": 0.8304286411830357,
      "top5": 0.9114696417536055,
      "top10": 0.9645245160375323
    },
    "night": {
      "top1": 0.5984832644462585,
      "top3": 0.8100812835352761,
      "top5": 0.8800115687506539,
      "top10": 0.9444750308990478
    },
    "noise": {
      "top1": 0.7203635820320674,
      "top3": 0.8832385565553392,
      "top5": 0.925253679071154,
      "top10": 0.9617764847619193
    },
    "blur": {
      "top1": 0.4158895066806248,
      "top3": 0.6360716364213399,
      "top5": 0.7217597944395883,
      "top10": 0.8222167611122131
    }
  },
  "token_shifts": {
    "fog": {
      "mean_shift_per_dim": [
        -21.4,
        33.6,
        -20.0,
        -4.6,
        -23.8,
        -9.6,
        4.0
      ],
      "std_shift_per_dim": [
        19.4381069037085,
        79.99149954838951,
        60.870354032155916,
        14.03709371629327,
        31.6,
        53.839019307561685,
        43.18796128552493
      ],
      "mean_abs_shift": [
        21.4,
        66.8,
        44.4,
        11.4,
        27.0,
        40.4,
        30.4
      ],
      "dims_changed": 5.2,
      "any_change_rate": 0.8
    },
    "night": {
      "mean_shift_per_dim": [
        -29.0,
        104.2,
        8.4,
        -6.8,
        -19.4,
        -27.0,
        0.2
      ],
      "std_shift_per_dim": [
        53.6730845023835,
        88.1507799171397,
        84.28190790436581,
        12.6237870704476,
        24.952755358877706,
        38.57460304397182,
        0.4000000000000001
      ],
      "mean_abs_shift": [
        51.0,
        104.2,
        66.0,
        13.2,
        25.4,
        43.0,
        0.2
      ],
      "dims_changed": 5.6,
      "any_change_rate": 1.0
    },
    "noise": {
      "mean_shift_per_dim": [
        -11.0,
        29.8,
        -26.6,
        -0.4,
        -2.4,
        -33.2,
        0.0
      ],
      "std_shift_per_dim": [
        22.0,
        55.21014399546519,
        45.6228013168854,
        15.186836405255702,
        17.488281790959338,
        51.897591466271344,
        0.0
      ],
      "mean_abs_shift": [
        11.0,
        29.8,
        26.6,
        9.6,
        14.4,
        45.6,
        0.0
      ],
      "dims_changed": 3.0,
      "any_change_rate": 0.8
    },
    "blur": {
      "mean_shift_per_dim": [
        -43.6,
        20.6,
        -38.8,
        0.2,
        -40.2,
        -37.6,
        -24.0
      ],
      "std_shift_per_dim": [
        19.845402490249473,
        42.70175640415743,
        78.59109364298222,
        22.319498202244603,
        70.98281482161721,
        26.56764950084971,
        31.29856226729912
      ],
      "mean_abs_shift": [
        43.6,
        37.4,
        75.2,
        21.0,
        59.8,
        37.6,
        24.0
      ],
      "dims_changed": 6.2,
      "any_change_rate": 1.0
    }
  },
  "token_diversity": {
    "clean": {
      "dim0": 5,
      "dim1": 6,
      "dim2": 6,
      "dim3": 6,
      "dim4": 8,
      "dim5": 9,
      "dim6": 2
    },
    "fog": {
      "dim0": 5,
      "dim1": 5,
      "dim2": 5,
      "dim3": 4,
      "dim4": 4,
      "dim5": 5,
      "dim6": 4
    },
    "night": {
      "dim0": 4,
      "dim1": 4,
      "dim2": 4,
      "dim3": 4,
      "dim4": 5,
      "dim5": 4,
      "dim6": 2
    },
    "noise": {
      "dim0": 3,
      "dim1": 3,
      "dim2": 4,
      "dim3": 4,
      "dim4": 3,
      "dim5": 4,
      "dim6": 1
    },
    "blur": {
      "dim0": 4,
      "dim1": 5,
      "dim2": 4,
      "dim3": 5,
      "dim4": 5,
      "dim5": 5,
      "dim6": 3
    }
  }
}