{
  "softmax_entropy": {
    "fog": {
      "clean_mean": 1.6269978997787782,
      "clean_std": 1.3464338897240808,
      "corrupt_mean": 1.7211299359263839,
      "corrupt_std": 1.2763548961738913,
      "entropy_increase": 0.09413203614760568,
      "auroc": 0.5297052154195011
    },
    "night": {
      "clean_mean": 1.6269978997787782,
      "clean_std": 1.3464338897240808,
      "corrupt_mean": 2.030683222441331,
      "corrupt_std": 1.3550161984322135,
      "entropy_increase": 0.40368532266255275,
      "auroc": 0.5861224489795919
    },
    "noise": {
      "clean_mean": 1.6269978997787782,
      "clean_std": 1.3464338897240808,
      "corrupt_mean": 1.648599838749561,
      "corrupt_std": 1.2851248656234004,
      "entropy_increase": 0.021601938970782886,
      "auroc": 0.5124716553287982
    },
    "blur": {
      "clean_mean": 1.6269978997787782,
      "clean_std": 1.3464338897240808,
      "corrupt_mean": 3.488491995135943,
      "corrupt_std": 1.5697349225930106,
      "entropy_increase": 1.861494095357165,
      "auroc": 0.8093424036281179
    }
  },
  "top1_probability": {
    "fog": {
      "clean_mean": 0.6720780639421372,
      "corrupt_mean": 0.6444782855964842,
      "decrease": 0.02759977834565297,
      "auroc": 0.5360544217687074
    },
    "night": {
      "clean_mean": 0.6720780639421372,
      "corrupt_mean": 0.5965599779571805,
      "decrease": 0.07551808598495668,
      "auroc": 0.5806349206349206
    },
    "noise": {
      "clean_mean": 0.6720780639421372,
      "corrupt_mean": 0.657889322865577,
      "decrease": 0.014188741076560207,
      "auroc": 0.5189115646258503
    },
    "blur": {
      "clean_mean": 0.6720780639421372,
      "corrupt_mean": 0.3943476000002452,
      "decrease": 0.277730463941892,
      "auroc": 0.7758730158730158
    }
  },
  "clean_token_rank": {
    "fog": {
      "mean_rank": 923.1333333333333,
      "median_rank": 39.0,
      "max_rank": 23081,
      "fraction_top1": 0.18095238095238095,
      "fraction_top5": 0.29523809523809524,
      "fraction_top10": 0.3523809523809524
    },
    "night": {
      "mean_rank": 171.41904761904763,
      "median_rank": 24.0,
      "max_rank": 8405,
      "fraction_top1": 0.11428571428571428,
      "fraction_top5": 0.2571428571428571,
      "fraction_top10": 0.34285714285714286
    },
    "noise": {
      "mean_rank": 441.9428571428571,
      "median_rank": 9.0,
      "max_rank": 26587,
      "fraction_top1": 0.3238095238095238,
      "fraction_top5": 0.4380952380952381,
      "fraction_top10": 0.5238095238095238
    },
    "blur": {
      "mean_rank": 68.6,
      "median_rank": 38.0,
      "max_rank": 237,
      "fraction_top1": 0.11428571428571428,
      "fraction_top5": 0.17142857142857143,
      "fraction_top10": 0.23809523809523808
    }
  },
  "severity_confidence": {
    "fog": {
      "0.05": {
        "mean_top1": 0.7226983078888485,
        "mean_entropy": 1.3974749360898775
      },
      "0.1": {
        "mean_top1": 0.7011568605899811,
        "mean_entropy": 1.5617903897180134
      },
      "0.2": {
        "mean_top1": 0.7003529042005538,
        "mean_entropy": 1.5679729338180153
      },
      "0.3": {
        "mean_top1": 0.7103618468557086,
        "mean_entropy": 1.4508743146813616
      },
      "0.5": {
        "mean_top1": 0.6053303765399115,
        "mean_entropy": 1.8767956755756001
      },
      "0.7": {
        "mean_top1": 0.648393508366176,
        "mean_entropy": 1.643504833213852
      },
      "1.0": {
        "mean_top1": 0.6349102147987911,
        "mean_entropy": 1.750026247527733
      }
    },
    "night": {
      "0.05": {
        "mean_top1": 0.7043611815997532,
        "mean_entropy": 1.4186976470316754
      },
      "0.1": {
        "mean_top1": 0.7181429190295083,
        "mean_entropy": 1.3746965265633273
      },
      "0.2": {
        "mean_top1": 0.6952656034912382,
        "mean_entropy": 1.528423250040422
      },
      "0.3": {
        "mean_top1": 0.6597141180719648,
        "mean_entropy": 1.5921637046843118
      },
      "0.5": {
        "mean_top1": 0.5984765951122556,
        "mean_entropy": 1.9952478445317865
      },
      "0.7": {
        "mean_top1": 0.6832833136831011,
        "mean_entropy": 1.5685044730007316
      },
      "1.0": {
        "mean_top1": 0.226136592988457,
        "mean_entropy": 4.455737924575805
      }
    },
    "noise": {
      "0.05": {
        "mean_top1": 0.6686314272029059,
        "mean_entropy": 1.579595959798566
      },
      "0.1": {
        "mean_top1": 0.6733720647437232,
        "mean_entropy": 1.5558683453772704
      },
      "0.2": {
        "mean_top1": 0.6398929161684853,
        "mean_entropy": 1.7167181414951171
      },
      "0.3": {
        "mean_top1": 0.740079318199839,
        "mean_entropy": 1.2952235598275106
      },
      "0.5": {
        "mean_top1": 0.7203573367425373,
        "mean_entropy": 1.3881972931466797
      },
      "0.7": {
        "mean_top1": 0.6674625145537513,
        "mean_entropy": 1.6992071431130171
      },
      "1.0": {
        "mean_top1": 0.651833627479417,
        "mean_entropy": 1.6592537115328014
      }
    },
    "blur": {
      "0.05": {
        "mean_top1": 0.6369711224521909,
        "mean_entropy": 1.6585013927636412
      },
      "0.1": {
        "mean_top1": 0.6492099357502801,
        "mean_entropy": 1.7900806752166578
      },
      "0.2": {
        "mean_top1": 0.6214175628764289,
        "mean_entropy": 1.9505754683058643
      },
      "0.3": {
        "mean_top1": 0.4389148316213063,
        "mean_entropy": 3.3153379190121997
      },
      "0.5": {
        "mean_top1": 0.4158804829631533,
        "mean_entropy": 3.2983102032116483
      },
      "0.7": {
        "mean_top1": 0.31562269862209047,
        "mean_entropy": 3.992648021663938
      },
      "1.0": {
        "mean_top1": 0.40094348383801326,
        "mean_entropy": 3.4143371956689017
      }
    }
  },
  "entropy_detection": {
    "fog": {
      "auroc": 0.5733333333333334,
      "clean_mean": 1.6269978997787782,
      "corrupt_mean": 1.7211299359263839,
      "gap": 0.09413203614760568,
      "overlap": 1.0757777484119027
    },
    "night": {
      "auroc": 0.8311111111111111,
      "clean_mean": 1.6269978997787782,
      "corrupt_mean": 2.030683222441331,
      "gap": 0.40368532266255275,
      "overlap": 0.6818102438653242
    },
    "noise": {
      "auroc": 0.4622222222222222,
      "clean_mean": 1.6269978997787782,
      "corrupt_mean": 1.6485998387495608,
      "gap": 0.021601938970782664,
      "overlap": 1.090218500379056
    },
    "blur": {
      "auroc": 1.0,
      "clean_mean": 1.6269978997787782,
      "corrupt_mean": 3.4884919951359437,
      "gap": 1.8614940953571655,
      "overlap": 0.0
    }
  }
}