{
  "clean": {
    "top_token": 31944,
    "top_prob": 0.4331657290458679,
    "entropy": 2.3759946823120117,
    "action_prob_sum": 0.9999938607215881,
    "top5": [
      [
        31944,
        0.4331657290458679
      ],
      [
        31932,
        0.11658497899770737
      ],
      [
        31877,
        0.10288587957620621
      ],
      [
        31922,
        0.055070843547582626
      ],
      [
        31970,
        0.04288921505212784
      ]
    ],
    "is_action_token": true
  },
  "corruptions": {
    "fog": {
      "top_token": 31889,
      "top_prob": 0.4758962392807007,
      "entropy": 2.0836243629455566,
      "entropy_change": -0.2923703193664551,
      "kl_divergence": 2.9284727573394775,
      "action_prob_sum": 1.0,
      "top5": [
        [
          31889,
          0.4758962392807007
        ],
        [
          31872,
          0.18636363744735718
        ],
        [
          31861,
          0.06855935603380203
        ],
        [
          31895,
          0.0471201092004776
        ],
        [
          31841,
          0.030423028394579887
        ]
      ],
      "clean_token_rank": 6,
      "token_changed": true,
      "logit_cosine_dist": 0.004623234272003174,
      "hidden_cosine_dist": 0.0027054548263549805
    },
    "night": {
      "top_token": 31856,
      "top_prob": 0.12405622005462646,
      "entropy": 3.868842601776123,
      "entropy_change": 1.4928479194641113,
      "kl_divergence": 5.184383869171143,
      "action_prob_sum": 0.9999595880508423,
      "top5": [
        [
          31856,
          0.12405622005462646
        ],
        [
          31851,
          0.07068510353565216
        ],
        [
          31848,
          0.0623793862760067
        ],
        [
          31858,
          0.051714327186346054
        ],
        [
          31844,
          0.050123244524002075
        ]
      ],
      "clean_token_rank": 142,
      "token_changed": true,
      "logit_cosine_dist": 0.007467329502105713,
      "hidden_cosine_dist": 0.007991313934326172
    },
    "noise": {
      "top_token": 31932,
      "top_prob": 0.23176471889019012,
      "entropy": 2.8855273723602295,
      "entropy_change": 0.5095326900482178,
      "kl_divergence": 1.5983415842056274,
      "action_prob_sum": 0.9999977946281433,
      "top5": [
        [
          31932,
          0.23176471889019012
        ],
        [
          31924,
          0.14963854849338531
        ],
        [
          31893,
          0.06640170514583588
        ],
        [
          31922,
          0.06237863004207611
        ],
        [
          31877,
          0.05859929695725441
        ]
      ],
      "clean_token_rank": 10,
      "token_changed": true,
      "logit_cosine_dist": 0.0027366280555725098,
      "hidden_cosine_dist": 0.0005123615264892578
    },
    "blur": {
      "top_token": 31846,
      "top_prob": 0.09252607822418213,
      "entropy": 4.127623558044434,
      "entropy_change": 1.7516288757324219,
      "kl_divergence": 5.860430717468262,
      "action_prob_sum": 0.9999785423278809,
      "top5": [
        [
          31846,
          0.09252607822418213
        ],
        [
          31849,
          0.08692020922899246
        ],
        [
          31856,
          0.05271977186203003
        ],
        [
          31848,
          0.04105819761753082
        ],
        [
          31887,
          0.03738391399383545
        ]
      ],
      "clean_token_rank": 212,
      "token_changed": true,
      "logit_cosine_dist": 0.0074942708015441895,
      "hidden_cosine_dist": 0.006263315677642822
    }
  },
  "severity_sweep": {
    "fog": [
      {
        "severity": 0.05,
        "top_token": 31944,
        "top_prob": 0.4440178871154785,
        "entropy": 2.4022104740142822,
        "kl": 0.011668466962873936,
        "hidden_dist": 1.2814998626708984e-05,
        "token_changed": false
      },
      {
        "severity": 0.1,
        "top_token": 31944,
        "top_prob": 0.4308796525001526,
        "entropy": 2.4207332134246826,
        "kl": 0.042414892464876175,
        "hidden_dist": 6.240606307983398e-05,
        "token_changed": false
      },
      {
        "severity": 0.2,
        "top_token": 31944,
        "top_prob": 0.4148372411727905,
        "entropy": 2.3102710247039795,
        "kl": 0.22616466879844666,
        "hidden_dist": 0.0001679062843322754,
        "token_changed": false
      },
      {
        "severity": 0.3,
        "top_token": 31944,
        "top_prob": 0.3692452013492584,
        "entropy": 2.182889461517334,
        "kl": 0.5217592120170593,
        "hidden_dist": 0.00034558773040771484,
        "token_changed": false
      },
      {
        "severity": 0.5,
        "top_token": 31895,
        "top_prob": 0.3038162887096405,
        "entropy": 2.4064433574676514,
        "kl": 1.1810466051101685,
        "hidden_dist": 0.0008426308631896973,
        "token_changed": true
      },
      {
        "severity": 0.7,
        "top_token": 31895,
        "top_prob": 0.26206475496292114,
        "entropy": 2.466582775115967,
        "kl": 1.7355679273605347,
        "hidden_dist": 0.0014816522598266602,
        "token_changed": true
      },
      {
        "severity": 1.0,
        "top_token": 31889,
        "top_prob": 0.4758962392807007,
        "entropy": 2.0836243629455566,
        "kl": 2.9284727573394775,
        "hidden_dist": 0.0027054548263549805,
        "token_changed": true
      }
    ],
    "night": [
      {
        "severity": 0.05,
        "top_token": 31944,
        "top_prob": 0.46556729078292847,
        "entropy": 2.301684617996216,
        "kl": 0.02512868493795395,
        "hidden_dist": 3.1828880310058594e-05,
        "token_changed": false
      },
      {
        "severity": 0.1,
        "top_token": 31944,
        "top_prob": 0.4499337375164032,
        "entropy": 2.27312970161438,
        "kl": 0.05460880324244499,
        "hidden_dist": 0.00013369321823120117,
        "token_changed": false
      },
      {
        "severity": 0.2,
        "top_token": 31944,
        "top_prob": 0.3835394084453583,
        "entropy": 2.5957581996917725,
        "kl": 0.21565672755241394,
        "hidden_dist": 0.0003681182861328125,
        "token_changed": false
      },
      {
        "severity": 0.3,
        "top_token": 31944,
        "top_prob": 0.31780147552490234,
        "entropy": 2.8491880893707275,
        "kl": 0.523598313331604,
        "hidden_dist": 0.0008627772331237793,
        "token_changed": false
      },
      {
        "severity": 0.5,
        "top_token": 31860,
        "top_prob": 0.3209725320339203,
        "entropy": 3.029090642929077,
        "kl": 2.2089040279388428,
        "hidden_dist": 0.0021948814392089844,
        "token_changed": true
      },
      {
        "severity": 0.7,
        "top_token": 31856,
        "top_prob": 0.85548996925354,
        "entropy": 0.8016027808189392,
        "kl": 7.4844441413879395,
        "hidden_dist": 0.0035696029663085938,
        "token_changed": true
      },
      {
        "severity": 1.0,
        "top_token": 31856,
        "top_prob": 0.12405622005462646,
        "entropy": 3.868842601776123,
        "kl": 5.184383869171143,
        "hidden_dist": 0.007991313934326172,
        "token_changed": true
      }
    ],
    "noise": [
      {
        "severity": 0.05,
        "top_token": 31944,
        "top_prob": 0.39874476194381714,
        "entropy": 2.4169118404388428,
        "kl": 0.026524804532527924,
        "hidden_dist": 4.231929779052734e-06,
        "token_changed": false
      },
      {
        "severity": 0.1,
        "top_token": 31944,
        "top_prob": 0.2591857314109802,
        "entropy": 2.6875641345977783,
        "kl": 0.1456032246351242,
        "hidden_dist": 2.7835369110107422e-05,
        "token_changed": false
      },
      {
        "severity": 0.2,
        "top_token": 31944,
        "top_prob": 0.1916397362947464,