{
  "experiment": "token_position",
  "experiment_number": 77,
  "timestamp": "20260314_195243",
  "position_fracs": [
    0.05,
    0.25,
    0.5,
    0.75,
    0.9,
    0.95,
    1.0
  ],
  "n_test": 32,
  "results": {
    "0.05": {
      "auroc": 1.0,
      "cohens_d": 10.935960220539632,
      "id_mean": 0.19935722276568413,
      "ood_mean": 0.8366959001868963
    },
    "0.25": {
      "auroc": 0.71875,
      "cohens_d": 1.0113588113203973,
      "id_mean": 0.2553008981049061,
      "ood_mean": 0.3405299186706543
    },
    "0.5": {
      "auroc": 0.94921875,
      "cohens_d": 2.273028025536108,
      "id_mean": 0.17431939393281937,
      "ood_mean": 0.3459894731640816
    },
    "0.75": {
      "auroc": 0.921875,
      "cohens_d": 1.134874609596879,
      "id_mean": 0.08570195734500885,
      "ood_mean": 0.2725561186671257
    },
    "0.9": {
      "auroc": 0.859375,
      "cohens_d": 0.5713078233377861,
      "id_mean": 0.12567782402038574,
      "ood_mean": 0.21992083080112934
    },
    "0.95": {
      "auroc": 1.0,
      "cohens_d": 6.702108095727099,
      "id_mean": 0.19568058848381042,
      "ood_mean": 0.6568254865705967
    },
    "1.0": {
      "auroc": 1.0,
      "cohens_d": 8.515902728057092,
      "id_mean": 0.08761005476117134,
      "ood_mean": 0.4162234328687191
    }
  }
}