{
  "experiment": "embedding_topology",
  "experiment_number": 290,
  "timestamp": "20260315_101123",
  "pca": {
    "explained_variance_ratios": [
      0.5021141171455383,
      0.22562339901924133,
      0.09876498579978943,
      0.05149127542972565,
      0.039827119559049606,
      0.026462998241186142,
      0.02027791179716587,
      0.008428703993558884,
      0.006901140324771404,
      0.005449480842798948,
      0.002537911757826805,
      0.001927827368490398,
      0.0015512823592871428,
      0.0012248111888766289,
      0.0010875470470637083,
      0.0007673049694858491,
      0.0006400835700333118,
      0.0006202690419740975,
      0.0004870078118983656,
      0.0004119379445910454
    ],
    "cumulative_variance": [
      0.5021141171455383,
      0.727737545967102,
      0.8265025615692139,
      0.8779938220977783,
      0.917820930480957,
      0.9442839026451111,
      0.9645618200302124,
      0.9729905128479004,
      0.9798916578292847,
      0.9853411316871643,
      0.9878790378570557,
      0.9898068904876709,
      0.9913581609725952,
      0.9925829768180847,
      0.9936705231666565,
      0.9944378137588501,
      0.995077908039093,
      0.9956981539726257,
      0.9961851835250854,
      0.9965971112251282
    ],
    "dims_for_90pct": 5,
    "dims_for_95pct": 7,
    "dims_for_99pct": 13,
    "total_components": 50
  },
  "clustering": {
    "silhouette_score": 0.39378687739372253,
    "within_cluster_distances": {
      "fog": 0.00046622560635479316,
      "night": 0.002302670545793326,
      "blur": 0.0013865726367944453,
      "noise": 0.00012796301612610472,
      "snow": 0.0002791564118636458,
      "rain": 0.0001227770002526052
    },
    "between_cluster_distances": {
      "fog_vs_night": 0.0043889930015911715,
      "fog_vs_blur": 0.00382087259670663,
      "fog_vs_noise": 0.0017355096026488248,
      "fog_vs_snow": 0.0014937083245975802,
      "fog_vs_rain": 0.0015531265938861871,
      "night_vs_blur": 0.005113767083580457,
      "night_vs_noise": 0.0032596348319606627,
      "night_vs_snow": 0.004200204518571845,
      "night_vs_rain": 0.003596923359760148,
      "blur_vs_noise": 0.005182732301416266,
      "blur_vs_snow": 0.005378054610227941,
      "blur_vs_rain": 0.004980946012676549,
      "noise_vs_snow": 0.0005726558369978807,
      "noise_vs_rain": 0.0006618418992786856,
      "snow_vs_rain": 0.0007460498477335775
    }
  },
  "nearest_neighbors": {
    "fog": [
      {
        "label": "fog",
        "severity": 0.9,
        "distance": 3.2961368560791016e-05
      },
      {
        "label": "fog",
        "severity": 0.8,
        "distance": 0.00012063980102539062
      },
      {
        "label": "fog",
        "severity": 0.7,
        "distance": 0.00026744604110717773
      },
      {
        "label": "fog",
        "severity": 0.6,
        "distance": 0.0004578828811645508
      },
      {
        "label": "fog",
        "severity": 0.5,
        "distance": 0.0006681680679321289
      }
    ],
    "night": [
      {
        "label": "night",
        "severity": 0.9,
        "distance": 0.0008906126022338867
      },
      {
        "label": "night",
        "severity": 0.8,
        "distance": 0.002285599708557129
      },
      {
        "label": "night",
        "severity": 0.7,
        "distance": 0.0034235715866088867
      },
      {
        "label": "blur",
        "severity": 0.5,
        "distance": 0.004312455654144287
      },
      {
        "label": "blur",
        "severity": 0.7,
        "distance": 0.0043746232986450195
      }
    ],
    "blur": [
      {
        "label": "blur",
        "severity": 0.9,
        "distance": 0.00012689828872680664
      },
      {
        "label": "blur",
        "severity": 0.8,
        "distance": 0.00023043155670166016
      },
      {
        "label": "blur",
        "severity": 0.7,
        "distance": 0.000541985034942627
      },
      {
        "label": "blur",
        "severity": 0.6,
        "distance": 0.0008538365364074707
      },
      {
        "label": "blur",
        "severity": 0.5,
        "distance": 0.0013666152954101562
      }
    ],
    "noise": [
      {
        "label": "noise",
        "severity": 0.9,
        "distance": 1.7464160919189453e-05
      },
      {
        "label": "noise",
        "severity": 0.8,
        "distance": 4.225969314575195e-05
      },
      {
        "label": "noise",
        "severity": 0.7,
        "distance": 0.00010156631469726562
      },
      {
        "label": "noise",
        "severity": 0.6,
        "distance": 0.0001754164695739746
      },
      {
        "label": "noise",
        "severity": 0.5,
        "distance": 0.00023949146270751953
      }
    ],
    "snow": [
      {
        "label": "snow",
        "severity": 0.9,
        "distance": 4.780292510986328e-05
      },
      {
        "label": "snow",
        "severity": 0.8,
        "distance": 9.948015213012695e-05
      },
      {
        "label": "snow",
        "severity": 0.7,
        "distance": 0.00020056962966918945
      },
      {
        "label": "snow",
        "severity": 0.6,
        "distance": 0.00030803680419921875
      },
      {
        "label": "snow",
        "severity": 0.5,
        "distance": 0.0004470348358154297
      }
    ],
    "rain": [
      {
        "label": "rain",
        "severity": 0.9,
        "distance": 1.4781951904296875e-05
      },
      {
        "label": "rain",
        "severity": 0.8,
        "distance": 2.282857894897461e-05
      },
      {
        "label": "rain",
        "severity": 0.7,
        "distance": 4.0471553802490234e-05
      },
      {
        "label": "rain",
        "severity": 0.6,
        "distance": 7.236003875732422e-05
      },
      {
        "label": "rain",
        "severity": 0.5,
        "distance": 0.00010436773300170898
      }
    ]
  },
  "intrinsic_dimensionality": {
    "correlation_dimension": 0.5984675788574411,
    "correlation_data": [
      {
        "epsilon": 0.00021205821962577698,
        "count": 442,
        "log_count": 6.091309882077698,
        "log_eps": -8.458649700117366
      },
      {
        "epsilon": 0.00045036575822781093,
        "count": 870,
        "log_count": 6.76849321164863,
        "log_eps": -7.705450509277947
      },
      {
        "epsilon": 0.0006975944993694807,
        "count": 1298,
        "log_count": 7.168579897264035,
        "log_eps": -7.267872570478744
      },
      {
        "epsilon": 0.000971916671197115,
        "count": 1724,
        "log_count": 7.452402451223638,
        "log_eps": -6.9362404863998695
      },
      {
        "epsilon": 0.0015456212023149396,
        "count": 2152,
        "log_count": 7.674152921281675,
        "log_eps": -6.472329376746241
      },
      {
        "epsilon": 0.002638595787238263,
        "count": 2580,
        "log_count": 7.855544677915663,
        "log_eps": -5.937508402105631
      },
      {
        "epsilon": 0.0038813653033058504,
        "count": 3006,
        "log_count": 8.00836557031292,
        "log_eps": -5.551568304947688
      },
      {
        "epsilon": 0.005152012946321838,
        "count": 3434,
        "log_count": 8.141481041457421,
        "log_eps": -5.268367777310214
      },
      {
        "epsilon": 0.006196323365320544,
        "count": 3862,
        "log_count": 8.258940462988459,
        "log_eps": -5.083799168421911
      }
    ]
  },
  "local_pca": {
    "fog": {
      "dim_90pct": 1,
      "variance_ratios": [
        0.950384795665741,
        0.03052939474582672,
        0.010743392631411552,
        0.003931279294192791,
        0.001411238918080926
      ],
      "pc1_variance": 0.950384795665741
    },
    "night": {
      "dim_90pct": 2,
      "variance_ratios": [
        0.7858961224555969,
        0.146656796336174,
        0.056421078741550446,
        0.0067405784502625465,
        0.002024498302489519
      ],
      "pc1_variance": 0.7858961224555969
    },
    "blur": {
      "dim_90pct": 2,