{
  "experiment": "weight_perturbation",
  "experiment_number": 293,
  "timestamp": "20260315_102124",
  "baseline_distances": {
    "fog": 0.0027054548263549805,
    "night": 0.007991313934326172,
    "blur": 0.006263315677642822,
    "noise": 0.0005123615264892578
  },
  "layer_perturbation": {
    "layer_0": {
      "param_norm": 62.8247184753418,
      "results": [
        {
          "noise_scale": 1e-06,
          "relative_noise": 1.5917301728817012e-08,
          "clean_shift": 1.0132789611816406e-06,
          "corruption_distances": {
            "fog": 0.0027014613151550293,
            "night": 0.00799328088760376,
            "blur": 0.006271421909332275,
            "noise": 0.0005171895027160645
          },
          "aurocs": {
            "fog": 1.0,
            "night": 1.0,
            "blur": 1.0,
            "noise": 1.0
          },
          "detection_preserved": true
        },
        {
          "noise_scale": 1e-05,
          "relative_noise": 1.591730172881701e-07,
          "clean_shift": 1.3113021850585938e-06,
          "corruption_distances": {
            "fog": 0.0027015209197998047,
            "night": 0.00798112154006958,
            "blur": 0.006258070468902588,
            "noise": 0.0005157589912414551
          },
          "aurocs": {
            "fog": 1.0,
            "night": 1.0,
            "blur": 1.0,
            "noise": 1.0
          },
          "detection_preserved": true
        },
        {
          "noise_scale": 0.0001,
          "relative_noise": 1.5917301728817013e-06,
          "clean_shift": 1.9073486328125e-06,
          "corruption_distances": {
            "fog": 0.002700984477996826,
            "night": 0.007984638214111328,
            "blur": 0.006254673004150391,
            "noise": 0.0005105733871459961
          },
          "aurocs": {
            "fog": 1.0,
            "night": 1.0,
            "blur": 1.0,
            "noise": 1.0
          },
          "detection_preserved": true
        },
        {
          "noise_scale": 0.001,
          "relative_noise": 1.591730172881701e-05,
          "clean_shift": 1.2516975402832031e-06,
          "corruption_distances": {
            "fog": 0.002690911293029785,
            "night": 0.007956266403198242,
            "blur": 0.006261587142944336,
            "noise": 0.0005123615264892578
          },
          "aurocs": {
            "fog": 1.0,
            "night": 1.0,
            "blur": 1.0,
            "noise": 1.0
          },
          "detection_preserved": true
        },
        {
          "noise_scale": 0.01,
          "relative_noise": 0.0001591730172881701,
          "clean_shift": 4.076957702636719e-05,
          "corruption_distances": {
            "fog": 0.002772390842437744,
            "night": 0.007891178131103516,
            "blur": 0.006318151950836182,
            "noise": 0.0005051493644714355
          },
          "aurocs": {
            "fog": 1.0,
            "night": 1.0,
            "blur": 1.0,
            "noise": 1.0
          },
          "detection_preserved": true
        }
      ]
    },
    "layer_3": {
      "param_norm": 112.57476806640625,
      "results": [
        {
          "noise_scale": 1e-06,
          "relative_noise": 8.882985212193502e-09,
          "clean_shift": 0.0,
          "corruption_distances": {
            "fog": 0.0027054548263549805,
            "night": 0.007991313934326172,
            "blur": 0.006263315677642822,
            "noise": 0.0005123615264892578
          },
          "aurocs": {
            "fog": 1.0,
            "night": 1.0,
            "blur": 1.0,
            "noise": 1.0
          },
          "detection_preserved": true
        },
        {
          "noise_scale": 1e-05,
          "relative_noise": 8.882985212193503e-08,
          "clean_shift": 0.0,
          "corruption_distances": {
            "fog": 0.0027054548263549805,
            "night": 0.007991313934326172,
            "blur": 0.006263315677642822,
            "noise": 0.0005123615264892578
          },
          "aurocs": {
            "fog": 1.0,
            "night": 1.0,
            "blur": 1.0,
            "noise": 1.0
          },
          "detection_preserved": true
        },
        {
          "noise_scale": 0.0001,
          "relative_noise": 8.882985212193503e-07,
          "clean_shift": 0.0,
          "corruption_distances": {
            "fog": 0.0027054548263549805,
            "night": 0.007991313934326172,
            "blur": 0.006263315677642822,
            "noise": 0.0005123615264892578
          },
          "aurocs": {
            "fog": 1.0,
            "night": 1.0,
            "blur": 1.0,
            "noise": 1.0
          },
          "detection_preserved": true
        },
        {
          "noise_scale": 0.001,
          "relative_noise": 8.882985212193502e-06,
          "clean_shift": 0.0,
          "corruption_distances": {
            "fog": 0.0027054548263549805,
            "night": 0.007991313934326172,
            "blur": 0.006263315677642822,
            "noise": 0.0005123615264892578
          },
          "aurocs": {
            "fog": 1.0,
            "night": 1.0,
            "blur": 1.0,
            "noise": 1.0
          },
          "detection_preserved": true
        },
        {
          "noise_scale": 0.01,
          "relative_noise": 8.882985212193502e-05,
          "clean_shift": 0.0,
          "corruption_distances": {
            "fog": 0.0027054548263549805,
            "night": 0.007991313934326172,
            "blur": 0.006263315677642822,
            "noise": 0.0005123615264892578
          },
          "aurocs": {
            "fog": 1.0,
            "night": 1.0,
            "blur": 1.0,
            "noise": 1.0
          },
          "detection_preserved": true
        }
      ]
    },
    "layer_15": {
      "param_norm": 108.09513854980469,
      "results": [
        {
          "noise_scale": 1e-06,
          "relative_noise": 9.251109840978198e-09,
          "clean_shift": 0.0,
          "corruption_distances": {
            "fog": 0.0027054548263549805,
            "night": 0.007991313934326172,
            "blur": 0.006263315677642822,
            "noise": 0.0005123615264892578
          },
          "aurocs": {
            "fog": 1.0,
            "night": 1.0,
            "blur": 1.0,
            "noise": 1.0
          },
          "detection_preserved": true
        },
        {
          "noise_scale": 1e-05,
          "relative_noise": 9.251109840978199e-08,
          "clean_shift": 0.0,
          "corruption_distances": {
            "fog": 0.0027054548263549805,
            "night": 0.007991313934326172,
            "blur": 0.006263315677642822,
            "noise": 0.0005123615264892578
          },
          "aurocs": {
            "fog": 1.0,
            "night": 1.0,
            "blur": 1.0,
            "noise": 1.0
          },
          "detection_preserved": true
        },
        {
          "noise_scale": 0.0001,
          "relative_noise": 9.251109840978199e-07,
          "clean_shift": 0.0,
          "corruption_distances": {
            "fog": 0.0027054548263549805,
            "night": 0.007991313934326172,
            "blur": 0.006263315677642822,
            "noise": 0.0005123615264892578
          },
          "aurocs": {
            "fog": 1.0,
            "night": 1.0,
            "blur": 1.0,
            "noise": 1.0
          },
          "detection_preserved": true
        },
        {
          "noise_scale": 0.001,
          "relative_noise": 9.251109840978198e-06,
          "clean_shift": 0.0,
          "corruption_distances": {
            "fog": 0.0027054548263549805,
            "night": 0.007991313934326172,
            "blur": 0.006263315677642822,
            "noise": 0.0005123615264892578
          },
          "aurocs": {
            "fog": 1.0,
            "night": 1.0,
            "blur": 1.0,
            "noise": 1.0
          },