Severity,Fog,Night,Noise,Blur,Threshold
0.0,0.0000039,0.0000039,0.0000039,0.0000039,0.0000803
0.05,0.0000120,0.0000450,0.0000060,0.000130,0.0000803
0.1,0.0000200,0.0000750,0.0000130,0.000300,0.0000803
0.25,0.0000320,0.000420,0.0000140,0.000950,0.0000803
0.5,0.0000690,0.001600,0.0000290,0.002600,0.0000803
0.75,0.000180,0.003500,0.0000420,0.003800,0.0000803
1.0,0.000430,0.006400,0.0000520,0.004500,0.0000803
